Id,NAME,CITY,STATE,ZIP,LAT,LON,REVENUE,UTILIZATION,QUALITY_FLAG
74ab949d-17ac-3309-83a0-13b4405c66aa,Fitchburg Outpatient Clinic,Fitchburg,MA,1420,42.586487,-71.80521,0.0,2195,Valid
588f6ce6-b8db-3588-8189-29db2680a313,BOSTON HEALTH CARE FOR THE HOMELESS PROGRAM INC,JAMAICA PLAIN,MA,21302331,42.3115876,-71.09800136347226,0.0,54,Valid
faffaf6a-ee1a-3673-b0b0-421a9c249244,ACTIVATED BY WELLNESS LLC,STOUGHTON,MA,20722571,42.14415820061801,-71.10378319512402,0.0,207,Valid
17a4bae5-8b64-34d7-8144-b428be027bd0,NURSE ON CALL,SHREWSBURY,MA,15456406,42.2951095,-71.71808471110307,0.0,53,Valid
4112b8b1-59df-3255-a7ca-f42ee0a4cb2e,CAPE HERITAGE REHABILITATION & HEALTH CARE CENTER,SANDWICH,MA,25631801,41.7663294,-70.5147600346998,0.0,35,Valid
e09d4c49-c2ef-3b0f-9a46-3719d9219306,UMASS MEMORIAL HEALTHALLIANCE CLINTON HOSPITAL INC,LEOMINSTER,MA,14533290,42.54031915,-71.76312990486304,0.0,893,Valid
e76b5eb0-0c9d-3593-b5da-3c0e9a97bb96,VA Boston Healthcare System  West Roxbury Campus,West Roxbury,MA,2132,42.2793,-71.1657,0.0,1315,Valid
c241b977-4131-32e4-9957-e0a00b2a1e5f,DUFFY HEALTH CENTER,HYANNIS,MA,26013146,41.6562802,-70.27448000204822,0.0,29,Valid
ef5390b4-cba5-3d83-96db-af783a7adb43,MERRIMACK VALLEY HOSPICE INC,MALDEN,MA,21482329,42.4250964,-71.066163,0.0,3,Valid
77645e49-3f69-3d1d-bb93-dc65210e2fac,SOUTHCOAST HOSPITALS GROUP INC,FALL RIVER,MA,27205246,41.7093779,-71.1460783680883,0.0,634,Valid
6fafb5d4-ecca-37ab-8d24-53036a8cbf1e,GUARDIAN HOME HEALTH CARE  LLC,WEST BRIDGEWATER,MA,2379,42.0160806,-71.02601589317304,0.0,17,Valid
aa682136-a4df-3942-9f50-e6fcee6c0b73,SOUTHWOOD AT NORWELL NURSING CTR,NORWELL,MA,20611630,42.1647071,-70.88149077838713,0.0,28,Valid
d2284f74-b6da-3a15-9791-84cdf2db18fb,EAST FALMOUTH FAMILY PRACTICE PC,E FALMOUTH,MA,25366039,41.57853245,-70.5617374807812,0.0,130,Valid
5becf220-2978-3f33-bd38-9326947f85de,JEFFREY & SUSAN BRUDNICK CENTER FOR LIVING,PEABODY,MA,19605055,42.5141736,-70.97106354209534,0.0,52,Valid
a58ec72a-cf43-3de5-88c1-de2fbec976a5,EASTPOINTE REHAB CENTER LLC,CHELSEA,MA,21503508,42.38804035,-71.02650270378646,0.0,2,Valid
03d0392a-7361-32b3-81c9-8c8ac985be00,AMERICAN CHINESE MEDICAL CENTER PC,BROOKLINE,MA,24451922,42.33302785,-71.1193506756953,0.0,29,Valid
a418cf76-2ee3-3736-a752-29ee33e86015,COMMUNITY NURSE HOME CARE  INC.,FAIRHAVEN,MA,27193823,41.63663425,-70.90101829397507,0.0,2,Valid
2936ca90-6594-357d-be14-53fe0ab84dd1,KINGSBURY PRIMARY CARE PC,KINGSTON,MA,23641231,42.00823215,-70.72984043580247,0.0,173,Valid
e3089df2-a1db-372a-b660-30392d8c197b,PIONEER FAMILY HEALTH CARE LLC,SHARON,MA,20671229,42.13301625,-71.17263163492832,0.0,102,Valid
42d4b607-f14d-370a-818e-40965685776c,TRINITY FAMILY MEDICINE,NORTH EASTON,MA,23561034,42.0667665,-71.1036592,0.0,115,Valid
ab701a70-a658-340e-8f69-ee196a7d40c6,CAREWELL URGENT CARE CENTERS OF MA  PC,WORCESTER,MA,16071728,42.2625621,-71.8018877,0.0,232,Valid
11ba6a26-59b4-3728-a268-6dc9929962b4,COURTYARD NURSING CARE CENTER,MEDFORD,MA,21551644,42.42711615,-71.1121606632448,0.0,46,Valid
f736c0f5-6d39-3e26-8ac1-39e1fc60dfbe,COMMUNITY HEALTH PROGRAMS INC,LEE,MA,12389645,42.2816564,-73.25307843923315,0.0,307,Valid
af2d050e-91a7-3acb-8b27-0bf6a259645e,GARDNER FAMILY MEDICINE INC,GARDNER,MA,14402614,42.5760669,-71.9934081,0.0,107,Valid
71472d9b-aa5c-3b49-a5c3-d0eee8859015,BOURNE FAMILY MEDICINE PC,BOURNE,MA,25328305,41.7281115,-70.5861571324252,0.0,237,Valid
8a2e2731-3240-39d1-b4f0-cad14200937d,MORTON HOSPITAL  A STEWARD FAMILY HOSPITAL  INC.,TAUNTON,MA,27802465,41.9062805,-71.09518121351795,0.0,187,Valid
bee866be-d41f-3259-97b2-0e10331c6c16,WINGATE AT NEEDHAM  INC.,NEEDHAM,MA,24942205,42.3008731,-71.22988027903574,0.0,2,Valid
88e28a1c-aad9-36d0-832b-b579ecb95c3d,LEOMINSTER COMUNITY HEALTH CENTER,LEOMINSTER,MA,14535768,42.5253035,-71.7584413,0.0,154,Valid
bd6cec50-10de-3696-940b-4022618764ab,40 MARTIN STREET OPERATOR LLC,MELROSE,MA,21763607,42.457050550000005,-71.07494593157304,0.0,2,Valid
52ecddd8-42f6-35cc-88a5-cf474c02fb49,LIFE CARE CENTER OF PLYMOUTH,PLYMOUTH,MA,23602130,41.93725,-70.65503160208334,0.0,3,Valid
65450d34-6d61-3601-b325-9d471587b016,MEDICAL HEALTHCARE SPECIALISTS P.C.,CHELMSFORD,MA,18241731,42.62439345,-71.35881000636567,0.0,99,Valid
05bcaa3e-aa5d-3b03-ba26-7e4d2e083681,ONE LOVE LANE OPERATOR LLC,SOUTH DENNIS,MA,26603445,41.6990848,-70.13271830347861,0.0,2,Valid
2b376b69-72ac-3d68-aceb-018e82b8fc8f,PARK PLACE REHABILITATION & SKILLED CARE CENTER,HYDE PARK,MA,21363021,42.26077065,-71.1187885119897,0.0,1,Valid
75f0d4cd-dbbb-3037-b6ad-2e99665728c7,HIGUCHI MEDICAL CARE  PLLC,BOSTON,MA,21091402,42.3624395,-71.05377386223965,0.0,52,Valid
fa564970-fde4-332c-91d9-c0747b032d3e,RIVERBEND OF SOUTH NATICK,NATICK,MA,17606049,42.2731232,-71.3105334275248,0.0,13,Valid
babdf8a0-20ba-39e9-8e07-de3394e4f677,NWB CORPORATION,NEWBURYPORT,MA,19503540,42.809757,-70.89152,0.0,2,Valid
39104cad-5228-3e07-9b3e-3ad736b33d5d,GREATER BOSTON WELLNESS PRIMARY CARE PC,DEDHAM,MA,20261881,42.22214545274341,-71.18159060546684,0.0,46,Valid
1311c44a-85cb-3aea-a143-e5d7892ced8b,GROVE HILL MEDICAL CENTER PC,SPRINGFIELD,MA,11071139,42.091896,-72.559437,0.0,171,Valid
4bf8af75-4da2-331d-b94e-9975a887face,NANTUCKET COTTAGE HOSPITAL,NANTUCKET,MA,25542799,41.27514065,-70.10108985970798,0.0,179,Valid
667b46fe-0afa-3f70-a311-bbe3d52db050,URGENT CARE CENTERS OF CENTRAL MASSACHUSETTS LLC,WORCESTER,MA,16071728,42.231371,-72.165386,0.0,65,Valid
0ff7cb48-0c93-31cf-9442-0b034084d588,MERCURY OPERATOR LLC,BROCKTON,MA,23023302,42.0835203,-70.98856021035954,0.0,6,Valid
a4af40b8-0ddb-34bb-ae4a-95a17e9ad6f3,COMPASSIONATE CARE HOSPICE OF SOUTHEASTERN MASS LL,TAUNTON,MA,27807340,41.94893085,-71.14141318475193,0.0,50,Valid
009f87f0-4bb6-350c-ba41-0b3235a7ca43,STONE INSTITUTE AND NEWTON HOME FOR AGED PEOPLE,NEWTON UPPER FALLS,MA,24641201,42.3134306,-71.2206105,0.0,1,Valid
9a9bf61e-44d3-32fd-a027-7138369b1716,ANCHOR MEDICAL GROUP AND WELLNESS CENTER PC,WEYMOUTH,MA,21882519,42.2212188,-70.9391625,0.0,77,Valid
775df862-d2d1-3a68-9814-043f6aa6ea66,JEWISH NURSING HOME OF WESTERN MASS.  INC.,LONGMEADOW,MA,11061719,42.0639853,-72.5521444,0.0,1,Valid
fe675917-7b09-3afd-a6e6-128cc4de4734,INTERNATIONAL HEALTH SOLUTIONS,BRIGHTON,MA,21357652,42.345093,-71.139804,0.0,30,Valid
bdc3ee76-9cf3-316d-b202-a8da1ea3fa20,KINDRED HOSPICE,AUBURNDALE,MA,24661370,42.35853505,-71.24125521214887,0.0,53,Valid
5d4da50c-8593-304f-b266-57d8f7d634a2,WELLMAN HEALTHCARE GROUP INC,PALMER,MA,10691428,42.1686346,-72.33353526811578,0.0,2,Valid
7f08f09e-c5f7-38cd-83ba-ddafedd88a13,VERO HEALTH XVII  LLC,REVERE,MA,21511114,42.43833805,-71.01730877599738,0.0,3,Valid
cee48694-b526-344a-b87c-42abe3e6f643,VISITING NURSE ASSOCIATION OF CAPE COD  INC.,HYANNIS,MA,26011854,41.6772926,-70.29842983396861,0.0,79,Valid
8f0ec876-22d3-3986-892e-4c2052d0fffa,FITCHBURG REHABILITATION AND NURSING CENTER LLC,FITCHBURG,MA,14205761,42.57835885,-71.78584786190521,0.0,1,Valid
643eac8e-1620-3b6a-b9f3-664b003d22cd,GIFFORD STREET WELLNESS CENTER LLC,NEW BEDFORD,MA,27442610,41.6177929,-70.91890087055067,0.0,238,Valid
8e3ca57f-6f74-3d61-9803-ab1424290216,ACADEMY MANOR,ANDOVER,MA,18102036,42.6551409,-71.12857340697036,0.0,30,Valid
5fcff9db-16e4-3e56-aa78-abbc16338097,THE LOWELL GENERAL HOSPITAL,WESTFORD,MA,18863513,42.5792583,-71.4378411,0.0,812,Valid
fa09396a-2926-3b21-ad0c-9f6cabbce0eb,WOONSOCKET URGENT CARE PC,NORWOOD,MA,20625061,42.1714075,-71.1951186,0.0,14,Valid
40c01d75-1542-3e0b-8e5f-78d3031beba1,PIONEER MEDICAL CENTER,SALEM,MA,19704267,42.485927,-70.900301,0.0,98,Valid
8fed5af6-8e61-33f5-9835-e5d3ac5fdd4a,THE NORTHEAST HEALTH GROUP  INC,CHICOPEE,MA,10132141,42.1813162,-72.61495050899758,0.0,2,Valid
84abfbd5-41c1-3df4-9b31-7ca93cb2309a,SKIN WELLNESS PHYSICIANS LLC,BEVERLY,MA,19151790,42.56415055,-70.8751357650672,0.0,68,Valid
1ddd51d1-7297-3c3b-bad5-98aecd5e4a79,BAYADA HOME HEALTH CARE  INC,BURLINGTON,MA,18033735,42.50188325,-71.19559351572005,0.0,23,Valid
4cb90b5f-734d-322f-a2f2-776824e1ce35,SPECTRUM HOME HEALTH AND HOSPICE CARE,LONGMEADOW,MA,11061719,42.0639853,-72.5521444,0.0,11,Valid
93c3d861-e05d-33b9-91eb-1768470229d7,PAIN AND WELLNESS CENTER,PEABODY,MA,19607938,42.5261827,-70.9529896,0.0,138,Valid
2e1eaaf1-ebb0-332c-8921-f48e15b91879,ALLIANCE HEALTH AT MARINA BAY,QUINCY,MA,21711599,42.29287335,-71.03019020136307,0.0,71,Valid
c272e12f-e154-3fee-b05d-b7c0cab2657d,STEWARD NORWOOD HOSPITAL INC,NORWOOD,MA,20623487,42.1886973,-71.2005241,0.0,824,Valid
ca1c0a76-f601-3a1c-a448-689cd3d56bb1,PILGRIM REHABILITATION & SKILLED NURSING CENTER,PEABODY,MA,19603907,42.52846935,-70.95557442492182,0.0,68,Valid
b66db758-a205-3227-9cfb-bf19d2c1962d,ART OF CARE INC,ALLSTON,MA,21342702,42.35241825,-71.13220132573996,0.0,28,Valid
b99b7849-2b53-33fb-8ce2-e3a95f17ae51,DIVINE HEALTH LLC,MARLBOROUGH,MA,17523761,42.355106,-71.47654,0.0,4,Valid
f6a306cf-7bd6-35f4-a6b7-2d07d273914c,APPLE MEDICAL CLINIC MA INC,FRAMINGHAM,MA,17026280,42.27595495,-71.42631150114194,0.0,122,Valid
f549a720-814b-3dc6-ae77-6376a22564ee,J & B PARTNERSHIP LLP,NORTH FALMOUTH,MA,2556,41.6459404,-70.6183639,0.0,7,Valid
32fcdfba-8c93-30f4-b15b-dd3b65c29deb,ELAINE CENTER AT HADLEY,HADLEY,MA,10359715,42.3615107,-72.55261320852942,0.0,120,Valid
0ddb0329-b59d-3187-874c-602c649249c8,BAYSTATE NOBLE HOSPITAL CORPORATION,WESTFIELD,MA,10853678,42.1178811,-72.75935246865802,0.0,236,Valid
1e3ca321-fbbb-3546-b9ea-c3761a20324a,Worcester Outpatient Clinic,Worcester,MA,1605,42.297756,-71.766815,0.0,7,Valid
764bf964-6ab7-30eb-885b-3d713ca43265,OUTER  CAPE HEALTH SERVICES,WELLFLEET,MA,26677402,41.936423,-70.021074,0.0,20,Valid
2cf06ddc-4c55-3c91-98f1-fb0188079c27,MILFORD CENTER,MILFORD,MA,17572900,42.14682295,-71.50153080894427,0.0,6,Valid
02c936e2-3aee-38b2-88a4-81f3689b7bb7,BENJAMIN HEALTHCARE CENTER,BOSTON,MA,21203320,42.3276141,-71.1051603,0.0,11,Valid
5f7663da-4b19-3629-b8f2-fb07d75421d9,ESSEX COUNTY PRIMARY CARE,SOUTH HAMILTON,MA,19821808,42.61322825,-70.87300675048934,0.0,84,Valid
609ec9f1-e806-3427-b912-9e3b2915521d,HOLYOKE VISITING NURSE ASSOC,HOLYOKE,MA,10406604,42.20105435,-72.628169560868,0.0,38,Valid
5fa5e611-be3d-3ebb-8f71-124325f6005f,LEAP INTO WELLNESS LLC,EAST SANDWICH,MA,25371438,41.742172,-70.45251,0.0,53,Valid
bff65303-97b4-3841-950a-1c9e9e735de0,SOUTHPOINTE REHAB CENTER LLC,FALL RIVER,MA,27212202,41.6737661,-71.16934217317342,0.0,1,Valid
bb3d48eb-0c30-34f4-8950-790fc984741b,SOUTH END COMMUNITY HEALTH CENTER INC,BOSTON,MA,21181951,42.3381394,-71.0748562,0.0,28,Valid
bf556284-7513-3620-a10e-5393183a9a87,STEWARD ST. ANNES HOSPITAL CORPORATION,FALL RIVER,MA,27211733,41.6924092,-71.16345107025307,0.0,285,Valid
9fd71acd-3535-353d-975f-ed7dbf5f9961,CORNERSTONE FAMILY MEDICINE  INC.,GARDNER,MA,1440,42.586896550000006,-71.98672640006858,0.0,90,Valid
e93b27a8-6507-3595-84a5-f899ce23a72d,HOLY FAMILY MEDICAL SPECIALTY PRACTICE PLLC,NORTH ANDOVER,MA,18456144,42.6839894,-71.1127065,0.0,75,Valid
365eae93-6352-3d48-9a8d-dc9fa4b917be,WACHUSETT REHABILITATION AND NURSING CENTER LLC,GARDNER,MA,14402302,42.57236645,-71.97690789055164,0.0,3,Valid
352fd476-d328-3a61-9f9b-d2c2fbb2a233,LONGMEADOW OF TAUNTON,TAUNTON,MA,27802713,41.90442475,-71.07901221565147,0.0,2,Valid
2b84e56e-08b4-3078-b3ea-4d159208e065,HORIZONS HEALTH & WELLNESS LLC,BRIDGEWATER,MA,23242301,41.9718173,-71.00937893001648,0.0,291,Valid
05137a62-1a8f-34ff-8baf-a0c35c238ea0,BAYADA HOME HEALTH CARE   INC,HYANNIS,MA,26011950,41.6760275,-70.29727035,0.0,16,Valid
7b9a19b2-d900-3f93-a47b-4b88491fb57b,BANE BAY PATH LLC,DUXBURY,MA,23324647,42.03038965,-70.73959947632582,0.0,6,Valid
4ffa4412-1493-3beb-b8f0-6614dde953a4,SOUTHCOAST HOSPITAL GROUP  INC,WAREHAM,MA,25715011,41.745636,-70.658192,0.0,1430,Valid
ede4a423-6258-3ef5-b5ba-0fa6bb579563,COMMUNITY HEALTH CONNECTIONS,FITCHBURG,MA,14205478,42.5974358,-71.80761197366103,0.0,107,Valid
a14e698d-a9ba-3eae-9c8b-682ec726433d,LYNN URGENT CARE LLC,LYNN,MA,19052408,42.466763,-70.9494939,0.0,904,Valid
69eae27b-7445-3652-bd34-b535abe0b011,MANET COMMUNITY HEALTH CENTER  INC.,QUINCY,MA,21696003,42.2522274,-70.96584679278924,0.0,318,Valid
dd9914b0-9491-3330-a890-d34e95e497ea,CHILD & FAMILY SERVICES  INC.,NEW BEDFORD,MA,27406728,41.64280275,-70.92865004309593,0.0,225,Valid
d4b9a3f0-210d-3e46-a2c7-e099658ac543,NEWBRIDGE ON THE CHARLES SKILLED NURSING FACILITY,DEDHAM,MA,20264090,42.26640855,-71.19518435636284,0.0,24,Valid
7f26da64-69ab-3db4-b285-c48c9836a653,BEAR MT LOWELL LLC,LOWELL,MA,18524937,42.631409,-71.283668,0.0,7,Valid
4c1a8ea6-b690-3c28-a02e-ebd82190ee65,SOUTH COVE COMMUNITY HEALTH CENTER  INC,BOSTON,MA,21111415,42.3479909,-71.064924,0.0,70,Valid
a7147477-c4dd-3018-b921-2707d7e098ee,HANCOCK PARK REHABILITATION AND NURSING CENTER,QUINCY,MA,21695020,42.2450700886378,-71.00313070924581,0.0,5,Valid
5ba6765a-f335-36b0-9c6a-6bb494c5330d,URGENT CARE MEDICAL ASSOCIATES  LLC,WESTWOOD,MA,20902333,42.2139873,-71.2244987,0.0,289,Valid
b6eeaaf7-1683-3bcb-b6ee-81ce304636ef,MELROSEWAKEFIELD HEALTHCARE  INC,MELROSE,MA,21763225,42.4564323,-71.064182,0.0,1980,Valid
1c42af32-f17e-32ec-b007-4ff8e2de493e,GOOD SAMARITAN MEDICAL CENTER,STOUGHTON,MA,20723396,42.1004556,-71.0668392,0.0,217,Valid
ed5fc1f7-0ecb-3973-a5fc-89f80c6f5c9f,CORNERSTONE FAMILY PRACTICE,ROWLEY,MA,19692101,42.704962,-70.90837,0.0,68,Valid
12dc66ee-e2c7-3d5a-892e-157ff1d47f32,HENRY HEYWOOD MEMORIAL HOSPITAL,WINCHENDON,MA,14751820,42.68061,-72.060691,0.0,64,Valid
65eda534-1bdc-3192-8d02-1c3764447790,PERSONAL PHYSICIANS HEALTHCARE PC,CHESTNUT HILL,MA,24672115,42.3214927,-71.1711481,0.0,113,Valid
14932db8-e179-331d-98ad-dc1c352cb6d3,743 MAIN STREET OPERATOR LLC,MELROSE,MA,21762707,42.460108950000006,-71.06216841036309,0.0,1,Valid
d613e441-68e8-3502-8adb-3f770a1276bf,PALMER FAMILY SERVICES LLC,MILFORD,MA,17573007,42.13661855,-71.53474614336832,0.0,98,Valid
05abc3ba-9d27-385d-9d81-79f3ce77709b,CHRISTOPHER HOUSE  INC,WORCESTER,MA,16052884,42.27503365,-71.77776403320533,0.0,5,Valid
de29a374-221b-3cb4-8051-a02c1a35e5b7,FAMILY MEDICINE ASSOCIATES OF SOUTH ATTLEBORO  P.C.,SOUTH ATTLEBORO,MA,27036942,41.91289205,-71.36135809627689,0.0,455,Valid
b03b624d-c939-3688-986d-9555b8009a3b,HOLYOKE HEALTH CENTER INC,HOLYOKE,MA,10405144,42.207406,-72.608419,0.0,161,Valid
ff6d901b-6850-378b-87d0-97a8c499aa43,ADVANTAGE HEALTH & WELLNESS INC,NORWOOD,MA,20623411,42.18396765,-71.2037844209652,0.0,28,Valid
e856ee3e-f44b-3855-b70f-9546db2cf486,VNA CARE NETWORK  INC.,WORCESTER,MA,16081280,42.26805405,-71.79619091193425,0.0,24,Valid
ea153d0a-9ccc-3769-9a25-934b417071b7,NEW ENGLAND FAMILY HEALTH LLC,FRAMINGHAM,MA,17015354,42.3095704,-71.4413097,0.0,102,Valid
d3085315-9893-34c7-8889-3a31dc17c2b0,WALPOLE MEDICAL CENTER  PC,WALPOLE,MA,20811729,42.1325911,-71.2618886,0.0,162,Valid
ace1ac31-036a-38fd-b451-b3b87157c717,BOSTON HEALTH CARE FOR THE HOMELESS PROGRAM INC,BOSTON,MA,21303735,42.299067750000006,-71.10124351911541,0.0,89,Valid
cfdca72d-58a2-3bb6-9986-81a5be27f92f,CROSSWAY HOMECARE LLC,NORTH ANDOVER,MA,18453458,42.6839894,-71.1127065,0.0,29,Valid
469171e3-f6ec-3258-8e16-7038f6a439c0,COUNTRYSIDE HEALTH CARE OF MILFORD,MILFORD,MA,17571252,42.1413353,-71.5192019,0.0,11,Valid
6da1fb82-e214-3226-b32c-e93faf0c3764,BOSTON HOME HEALTH AIDES  LLC,LAWRENCE,MA,18401815,42.706184,-71.153288,0.0,5,Valid
18061fd5-fda8-3e2d-87f0-0f3c87211bcc,CAMBRIDGE PUBLIC HEALTH COMMISSION,SOMERVILLE,MA,21431408,42.3875968,-71.0994968,0.0,1342,Valid
1faab3d1-2ae5-3110-8e5f-c65b92ca906d,FAIRVIEW HOSPITAL,GREAT BARRINGTON,MA,12301713,42.19093125,-73.3715000043024,0.0,349,Valid
c64c848c-0315-3115-87fa-80c360bb6a73,FENWAY COMMUNITY HEALTH CENTER  INC,BOSTON,MA,21164608,42.3489076,-71.0721378,0.0,99,Valid
76281d34-caff-30e0-8545-bcdf33182109,CLIFTON REHABILITATION NURSING CENTER,SOMERSET,MA,27252051,41.72075205,-71.16843052114558,0.0,5,Valid
4633340c-c833-30a3-ab0e-f5cfa5fda28b,CHAIR CITY FAMILY MEDICINE  PC,GARDNER,MA,14401377,42.586896550000006,-71.98672640006858,0.0,36,Valid
7e97f720-f99d-3402-98a4-a144aaa5bd01,COMMUNITY HEALTH CENTER OF CAPE COD  INC.,FALMOUTH,MA,25402974,41.5614958,-70.6117407224321,0.0,166,Valid
b3ada130-6443-3a8e-98c7-4ec127a2b0c4,LIFE CARE CENTER OF ACTON,ACTON,MA,17205601,42.4850931,-71.43284,0.0,55,Valid
a36dcb53-a762-38d4-ae84-40f46195a6dd,260 EASTHAMPTON ROAD OPERATING COMPANY LLC,HOLYOKE,MA,10401213,42.226424,-72.646798,0.0,4,Valid
7489f6e0-fee6-3fff-90b6-444868eb907c,ABBOTT HOME HEALTH CARE  INC,AVON,MA,23221182,42.13015035,-71.05720685110387,0.0,146,Valid
084b19be-a78e-3626-b156-a50134fa7fe2,DIAMOND EDGE HEALTHCARE  LLC,NORTH CHELMSFORD,MA,18632439,42.6389798,-71.3828403,0.0,53,Valid
06f1d816-dd54-3409-bd94-8dc2745f807c,ELARA CARING,BYFIELD,MA,19221221,42.75468625,-70.9451078257969,0.0,26,Valid
acffdfa8-1383-3929-8c99-e73969491439,BRIGHAM AND WOMEN'S FAULKNER HOSPITAL  INC.,BOSTON,MA,21303446,42.3017598,-71.12855793387442,0.0,83,Valid
545dcda5-7471-374e-9251-b4b685197d3c,COMMUNITY HEALTH CONNECTIONS  INC,GARDNER,MA,14402637,42.5730593,-71.99713285,0.0,112,Valid
45ce6eff-535b-37e2-bed3-1946200aa03f,WORCESTER RECOVERY CENTER AND HOSPITAL,WORCESTER,MA,16041059,42.2802335,-71.7694812367883,0.0,254,Valid
044e0760-ec11-3452-a46e-8af2bbeec083,WILMINGTON REHAB CENTER LLC,WILMINGTON,MA,18873039,42.54038775,-71.13933791916014,0.0,1,Valid
43e33b67-64ac-3314-99ee-114fb2b56b80,TRINITY HEALTH OF NEW ENGLAND AT HOME,WEST SPRINGFIELD,MA,10894681,42.105237,-72.6213712,0.0,6,Valid
1e11392b-1278-3e70-93cd-f396cbd0c265,VHS ACQUISITION SUBSIDIARY NUMBER 9  INC.,NATICK,MA,17607700,42.2843753,-71.3441395,0.0,698,Valid
fe30f2b4-9bc8-346e-afba-4455d1766545,KATZMAN FAMILY CENTER FOR LIVING,CHELSEA,MA,21502010,42.40019115,-71.03050082480353,0.0,114,Valid
00fde0ed-5951-3b9f-8413-0f25f85a8d4f,NAUSET FAMILY PRACTICE LLC,ORLEANS,MA,26533278,41.78403385,-70.00060868097228,0.0,81,Valid
6cf8a214-8d57-3267-85e5-7719e15cd63e,LEMUEL SHATTUCK HOSPITAL,JAMAICA PLAIN,MA,21303735,42.299067750000006,-71.10124351911541,0.0,1289,Valid
13161e5b-02d2-3d19-8b48-26ef0becfc83,LEONARD FLORENCE CENTER FOR LIVING,CHELSEA,MA,21504019,42.3917638,-71.0328284,0.0,34,Valid
4bc0cc09-77e5-37f5-844d-64a6637cae54,WESTERN MASSACHUSETTS HOSPITAL,WESTFIELD,MA,10851801,42.11074355,-72.70066160206358,0.0,325,Valid
b4e81d20-a3d6-39db-8b04-bcc4ab5de7b2,EDWARD M KENNEDY COMMUNITY HEALTH CENTER INC,FRAMINGHAM,MA,17027079,42.276938650000005,-71.41386787587439,0.0,77,Valid
0fedae9f-701f-3317-9b2f-69aea2202cdc,BOSTON MEDICAL CENTER CORPORATION-,WINTHROP,MA,21522715,42.3750976,-70.982827,0.0,2831,Valid
9043e647-568d-3e87-9fc0-756a416392d3,INTERNAL MEDICINE PHYSICIANS OF THE NORTH SHORE,PEABODY,MA,1960,42.52388415,-70.9519832,0.0,193,Valid
c7b63332-fdc7-3ab3-936b-284b931a9f6a,HERITAGE HALL NORTH,AGAWAM,MA,10012149,42.0802186,-72.61816103207964,0.0,3,Valid
0cc04ba5-137a-3ef8-acda-e79b25960b2a,WILLIAMSTOWN COMMONS NURSING & REHAB,WILLIAMSTOWN,MA,12672928,42.7009605,-73.18515951851253,0.0,7,Valid
3e16ee4b-2dc7-3e29-ab5b-0ce980c362b1,1200 SUFFIELD STREET OPERATOR LLC,AGAWAM,MA,10012933,42.04892565,-72.63626743195428,0.0,2,Valid
ccb716b1-277f-3eff-999f-3ac0df45713a,LAFAYETTE REHABILITATION AND SKILLED NURSING FACILITY  INC.,MARBLEHEAD,MA,19451939,42.4938348,-70.87382362834484,0.0,1,Valid
733fc7d0-7cf3-3995-82ef-a9883b807273,NORTH ADAMS COMMONS NURSING & REHABILITATION CENTE,NORTH ADAMS,MA,12472712,42.70707,-73.10094536747326,0.0,18,Valid
86bbc3aa-e927-3d56-9d77-ab701b4b2926,FALL RIVER JEWISH HOME  INC,FALL RIVER,MA,27205496,41.707225,-71.1432141111111,0.0,84,Valid
9ab139f5-d278-31b4-b44e-feffdea65613,KINDRED AT HOME,SANDWICH,MA,25631866,41.764922,-70.502215,0.0,18,Valid
21fa25b9-6842-3a3c-bef2-2eb383ad525e,CONSTELLATION HOSPICE MA LLC,NEWBURYPORT,MA,19503519,42.81568305,-70.89666045994463,0.0,5,Valid
4b7c1695-a178-3e03-8651-51acfd3b8372,DOCTORS JAMES AND KELLY HOYE PARTNERS IN FAMILY CARE,NORTH DIGHTON,MA,27641824,41.86399,-71.1244904,0.0,17,Valid
5c2e4b0c-fb84-3f95-bbec-a96c18600bf5,HERITAGE HALL WEST,AGAWAM,MA,10012149,42.0804485,-72.61914987322373,0.0,8,Valid
a3327df4-d092-350b-b551-e60c82076c9a,WEST BROOKFIELD FAMILY PRACTICE,W BROOKFIELD,MA,15853232,42.23754835,-72.13791547215251,0.0,28,Valid
0b5f4cda-f9ae-36a8-a94c-ffbf56f45236,ALL CARE HOSPICE INC.,NORTH ANDOVER,MA,18451656,42.6839894,-71.1127065,0.0,5,Valid
aade280a-3b90-3e48-9648-91109a964a63,AP MEDICAL LLC,DARTMOUTH,MA,27473826,41.6332267,-70.9879928,0.0,2910,Valid
6adc9d34-9b73-3285-abb7-56e567f1ba26,WELLESLEY HEALTHCARE SOLUTIONS LLC,NAHANT,MA,19081341,42.42554385,-70.91995214383596,0.0,5,Valid
df3ffcde-b9eb-3965-acdf-f56a6d1424c4,CAREGROUP PARMENTER HOME CARE & HOSPICE INC,WAYLAND,MA,17781840,42.3632063,-71.3606721,0.0,2,Valid
981338c4-287c-3621-bc45-8b0b9f1b8922,DR. HE'S PRIMARY CARE FOR ADULTS INC,MARLBOROUGH,MA,17523999,42.3658183,-71.55914630258509,0.0,290,Valid
96e9e829-0b71-3ad3-8b41-60e25b5d47d7,ADVOCATE HEALTHCARE OF EAST BOSTON LLC,EAST BOSTON,MA,21281006,42.39055278090538,-71.00587148689957,0.0,3,Valid
e59fb2d5-508c-38c6-af2e-21d8216dd2b0,BAYSTATE MEDICAL CENTER,WARE,MA,10821625,42.256476,-72.237482,0.0,286,Valid
7a3b8310-02eb-3c47-aa1b-3f55b3ed9de9,ON CALL URGENT CARE  LLC,NORTHAMPTON,MA,10602545,42.333172950000005,-72.6566355591273,0.0,50,Valid
84de2bcf-1b1a-3ce2-9f6d-9e0cb34991f6,VANTAGE HEALTHCARE LLC,WELLESLEY,MA,24813503,42.2964859,-71.2925571,0.0,84,Valid
ecadbc11-930c-3903-b706-f8ef4bc9089e,PRIMARY CARE ASSOCIATES LLC,SPRINGFIELD,MA,11031109,42.1211633,-72.60614164702717,0.0,202,Valid
0f9d1260-db33-3483-b2b6-5483cfcb739c,ENHANCED MEDICAL CARE  LLC,WABAN,MA,24682027,42.32601195,-71.2254251580706,0.0,40,Valid
712509af-be0c-3f54-a34c-f4796e538e4e,SOUTHCOAST VISITING NURSE ASSOCIATION  INC,FAIRHAVEN,MA,27195252,41.650636,-70.88137185966522,0.0,21,Valid
ad007cc5-a3df-3aa7-886d-5123ab59d189,MADONNA MANOR  INC.,NORTH ATTLEBORO,MA,27601634,41.98443775,-71.33190349847027,0.0,1,Valid
4423a3d7-46d2-3713-bf15-197f9e0fabf5,AMEDISYS HOME HEALTH CARE,PITTSFIELD,MA,12015117,42.451302,-73.260018,0.0,29,Valid
980d9bfa-a344-3bff-8c02-232dd0e8fd34,EDEN HOME HEALTH CARE LLC,WOBURN,MA,18011851,42.4792618,-71.1522766,0.0,139,Valid
f480acd0-7ef1-350d-aae6-d8e7d53ace57,MANET COMMUNITY HEALTH CENTER  INC.,QUINCY,MA,21693544,42.26883395,-70.95264075087945,0.0,144,Valid
4e2fb177-ff28-30d6-9f7c-6fd65b70d4db,PROFESSIONAL MEDICAL HOMECARE LLC,WEST SPRINGFIELD,MA,10892577,42.10620920408164,-72.6258649387755,0.0,5,Valid
794b1cc2-97be-30a4-83a0-4bf6add43c74,ST JOSEPH MANOR HEALTH CARE INC,BROCKTON,MA,23023949,42.0740963,-70.99660306096918,0.0,31,Valid
440fa4b8-c731-3cf5-81d9-aa3f30a37b95,LAHEY HOSPITAL & MEDICAL CENTER  BURLINGTON,PEABODY,MA,19602901,42.5278731,-70.9286609,0.0,2343,Valid
a1434ca1-a1ac-3884-abc7-fc4c35cc8b68,LIBERTY COMMONS,NORTH CHATHAM,MA,26501154,41.700306363636365,-69.96549390909091,0.0,27,Valid
0fab3c4e-a028-39a6-b15a-be5a88b6aa2a,ENCOMPASS HEALTH REHAB HOSPITAL OF WESTERN MASS,LUDLOW,MA,10563437,42.15547415,-72.47222226666076,0.0,1840,Valid
b0016371-afcb-37a6-8f90-5e3786e7806f,JEWISH HEALTHCARE CENTER INC,WORCESTER,MA,16091120,42.2932691,-71.8390048,0.0,4,Valid
3b021cb6-4745-3d9d-8436-230055f770bd,BETH ISRAEL DEACONESS HOSPITAL-NEEDHAM  INC.,NEEDHAM,MA,24943238,42.27728075,-71.23665362814043,0.0,1123,Valid
86880e58-8753-3c63-b057-33781df70528,WELLNESS WITH LANEY LLC,HULL,MA,20452512,42.2810432,-70.8703157542509,0.0,74,Valid
52261c45-f32b-3666-9da7-890705373c9d,ACCENTCARE OF MASSACHUSETTS  INC.,WESTWOOD,MA,20901928,42.21397175,-71.1786332019174,0.0,5,Valid
aaa7ebaf-b1a0-38c1-ba89-a16712cf431c,BRIDGEWATER NURSING HOME,BRIDGEWATER,MA,23242420,41.98625885,-70.97978204646246,0.0,12,Valid
ab074997-79db-3114-b6ac-5c21cda8ee3a,REGALCARE AT HARWICH LLC,HARWICH,MA,26451028,41.70594555,-70.08904355,0.0,4,Valid
ce53c877-0290-390a-b4b4-2462001a1713,CIRCLE HOME,LOWELL,MA,18524345,42.6275246,-71.27673639687623,0.0,56,Valid
34f0b10a-5e29-31de-a75e-e0bb03c0c0d4,WESTON PRIMARY CARE  PC,WESTON,MA,24931568,42.36610065,-71.3036759,0.0,220,Valid
929d7ec5-3ee7-35ab-a056-91f60788c234,ADAPS HEALTHCARE LLC,NORWOOD,MA,20624531,42.1816837,-71.19722229999999,0.0,41,Valid
e9a24be5-b0a3-3fd2-a606-dd13498024ea,NORTON HEALTH CARE PC,NORTON,MA,27662307,41.971697,-71.17689334021827,0.0,235,Valid
57e4e5fa-d68d-3caa-a5ad-37beb1b51207,STEWARD NORWOOD HOSPITAL INC,NORWOOD,MA,20623487,42.1886973,-71.2005241,0.0,318,Valid
2c1eda9d-6d75-3c4e-86f1-d850d4ccfcdf,BEAUMONT WHITNEY PLACE NORTHBOROUGH,NORTHBOROUGH,MA,15321804,42.31181264999999,-71.65685612428547,0.0,2,Valid
b20a0fe1-53b3-33fc-8acb-bc9a2df64e57,NASHOBA NURSING SERVICE,SHIRLEY,MA,14642907,42.55246265,-71.62383665745185,0.0,20,Valid
dd71cac3-c3c5-3cb7-b2dc-083ec4ebb0b7,NEXTMARGIN CORPORATION,QUINCY,MA,21690907,42.2345525,-71.01493330273374,0.0,22,Valid
2befa435-3070-3350-a15c-e43ac1e84b24,HOLYOKE VISITING NURSE ASSOC & HOSPICE LIFE CARE,HOLYOKE,MA,10406604,42.20105435,-72.628169560868,0.0,15,Valid
05b2593e-1bc1-32ee-8d9f-0aad4fa74ff0,VA Boston Healthcare System  Brockton Campus,Brockton,MA,2301,42.065655,-71.05398,0.0,121,Valid
c92cc255-6778-3307-8092-987d667be4ce,SALEM FAMILY HEALTH CENTER,PEABODY,MA,19608925,42.5278731,-70.9286609,0.0,123,Valid
00ffb204-07b4-3c72-a678-fa252e6cf86c,BEDFORD-LEXINGTON INTERNAL MEDICINE  PC,LEXINGTON,MA,2420,42.47370735,-71.25090005,0.0,156,Valid
ad82d624-72eb-3c7d-a76d-79f2668d1390,WOODLAND INTERNISTS  P.C.,STONEHAM,MA,21801711,42.4524431,-71.08939988105112,0.0,362,Valid
b8421363-9807-3b16-a146-95336eea5cfb,COOLEY DICKINSON HOSPITAL INC,NORTHAMPTON,MA,10602052,42.33032115,-72.65330802608176,0.0,1902,Valid
2d578863-d945-3e48-91c8-3912d31e5078,MARLBORO INTERNAL MEDICINE PC,MARLBOROUGH,MA,17521271,42.3520304,-71.55517867455714,0.0,49,Valid
8424b5ec-ba0a-32e9-94ae-a9d397884093,GENTLE HOME CARE SERVICES,LAWRENCE,MA,18431456,42.69651155,-71.1612176954981,0.0,21,Valid
3498e7d3-90fd-366b-bc6a-6f41dad6bae6,COLEMAN HOUSE,NORTHBOROUGH,MA,15321824,42.318559050000005,-71.65097281611972,0.0,27,Valid
37111f41-8bc5-35d3-9cd9-5b447a11ffd1,NEVINS NURSING & REHABILITATION CENTER,METHUEN,MA,18443712,42.7262016,-71.1908924,0.0,37,Valid
7567027f-af4e-3cd6-b1bf-e764ca3a5866,BEAR MT SPRINGFIELD LLC,SPRINGFIELD,MA,11181962,42.0954808,-72.50509214731676,0.0,2,Valid
68ea50ba-275f-3f6c-ad1f-0aefae7144eb,25 ARMORY STREET OPERATOR LLC,WEST NEWTON,MA,24652110,42.3504314,-71.21988040449209,0.0,2,Valid
24460683-f514-37ef-98c1-724b2fc9aa2a,THE COMMONWEALTH OF MASSACHUSETTS,TAUNTON,MA,27803034,41.91158935,-71.10129620180315,0.0,478,Valid
945104f1-4b95-3eed-bd02-5efa0afbf34d,DIGNITY HOSPICE CARE INC,LYNN,MA,19011201,42.46410018181818,-70.9465129090909,0.0,13,Valid
3076e02a-deac-3e81-96a9-1d32cbda6fca,GARDNER REHABILITATION AND NURSING CENTER,GARDNER,MA,14403901,42.56700665,-71.97817904424542,0.0,57,Valid
e854f053-5621-31fa-afa1-29040b0d7466,MATTAPAN COMMUNITY HEALTH CENTER  INC.,BOSTON,MA,21262122,42.2698727,-71.0940406,0.0,42,Valid
752c7570-1637-36cf-8b74-03ea3acfa98c,HILLTOWN COMMUNITY HEALTH CENTERS INC,HUNTINGTON,MA,10509761,42.25760395727792,-72.87133712317558,0.0,113,Valid
1563fcb4-76a9-3ea4-863d-e276f38b9b3e,GREATER LAWRENCE FAMILY HEALTH CENTER INC,LAWRENCE,MA,18414396,42.7020708,-71.17231,0.0,75,Valid
fbd4ccdf-2fdb-3652-9bbe-1ccff886bd34,CROWN HOME HEALTHCARE MA  INC,SAUGUS,MA,19062372,42.4632069,-71.0093761,0.0,56,Valid
65f0254a-73a3-3b06-bced-54d511445535,ALLIANCE HEALTH AT MARIE ESTHER,MARLBOROUGH,MA,17523766,42.355106,-71.47654,0.0,15,Valid
b8e724d5-b999-3029-8a2d-ad30fbd0b9ce,BROCKTON NEIGHBORHOOD HEALTH CENTER  INC,BROCKTON,MA,23014042,42.084598840000005,-71.01995972,0.0,4,Valid
901c2d40-1ca3-3879-9a20-c663b8adc0a9,TUFTS MEDICAL CENTER,STONEHAM,MA,21802445,42.4863168,-71.0928919,0.0,1171,Valid
6170552c-4d27-3e64-8068-64a380f1837d,WP ACQUISITION SUB LLC,HAVERHILL,MA,18305814,42.7786873,-71.07306505177553,0.0,987,Valid
e6cc6043-299a-3581-8f6b-b3b5d62c46ae,CARING HEALTH CENTER  INC,SPRINGFIELD,MA,11082458,42.08631583333334,-72.55792579166666,0.0,239,Valid
b9e35b8a-9831-32d8-a6dc-d7a546c126b0,VIBRA HOSPITAL OF WESTERN MASS - CENTRAL CAMPUS,SPRINGFIELD,MA,11092550,42.1018764,-72.5886727,0.0,780,Valid
06988693-a9d8-392b-a2ce-a07de8a931ad,BEAR MT SUDBURY LLC,SUDBURY,MA,17762406,42.3638568,-71.39664274207772,0.0,1,Valid
70d5bbef-3c05-3318-b9d7-003dc8fbb8cf,MARIAN MANOR  INC.,TAUNTON,MA,27803479,41.9005416,-71.08895606814966,0.0,4,Valid
22249c0a-8ce9-3726-a3bb-b037c773ce5c,BOSTONIAN NURSING CARE & REHABILITATION CTR  THE,DORCHESTER,MA,21223103,42.2875144,-71.0470691675753,0.0,27,Valid
7a75decf-7d3f-3b0d-8c2b-3abf0a8c7f58,NEW ENGLAND PROFESSIONAL HOME HEALTH CARE LLC,MIDDLETON,MA,19491003,42.61522605,-71.0144865346162,0.0,94,Valid
18df2721-3f76-3f83-94d5-63597cedd298,CURAHEALTH STOUGHTON LLC,STOUGHTON,MA,20723396,42.1005097,-71.0830269025407,0.0,145,Valid
46a09a29-4bda-3572-89dd-5def154669ed,REVOLUTION AT SARAH BRAYTON PLACE LLC,FALL RIVER,MA,27202080,41.7589231,-71.11356439219409,0.0,3,Valid
b1965e0b-9ef4-3e96-bad6-cb88ea7e7324,MARTHA'S VINEYARD HOSPITAL INC,OAK BLUFFS,MA,25571406,41.46063105,-70.57989080295974,0.0,35,Valid
38508743-50d1-3429-8fe2-37e42ddaf20e,BAYSTATE FRANKLIN MEDICAL CENTER,GREENFIELD,MA,13012778,42.595268700000005,-72.59288632376354,0.0,184,Valid
2f735290-1603-31b5-b561-7c8e0d413170,BL HEALTHCARE INC DELEWARE,FOXBOROUGH,MA,20352878,42.04185195,-71.23486657070565,0.0,87,Valid
6b2e5b97-70f6-3219-8c99-86de138e6808,PARTNERS IN INTERNAL MEDICINE PC,WORCESTER,MA,1608,42.26496835,-71.79655403681465,0.0,80,Valid
27bf2e46-7445-35e7-9106-3ce1b074db47,LIFE CARE CENTER OF MERRIMACK VALLEY,NORTH BILLERICA,MA,18621034,42.5871093,-71.2948553,0.0,4,Valid
e1818b21-4458-3b9c-b2b8-7ed6f57ae078,LIFE CARE CENTER OF WILBRAHAM,WILBRAHAM,MA,10951185,42.14668485,-72.45048427046072,0.0,50,Valid
970993ce-f590-3150-9733-0e02c569b87f,NEW ENGLAND SINAI HOSPITAL  A STEWARD FAMILY HOSPITAL  INC.,STOUGHTON,MA,20721829,42.1446468,-71.09875876961266,0.0,3,Valid
328f813e-4de8-3ec2-a113-43f3ddfb0b2a,DILIGENCEHEALTHCARE,BROCKTON,MA,23015241,42.0834335,-71.0183787,0.0,360,Valid
8d110f42-6f75-3751-b0c5-b45ab08333a1,MORTON HOSPITAL,TAUNTON,MA,27802465,41.9062805,-71.09518121351795,0.0,50,Valid
104e9a82-1eed-365e-9ffb-a8c9ef749888,BOSTON UNIVERSITY MEDICAL CENTER UROLOGISTS  INC.,NORWOOD,MA,2062,42.194543,-71.1994976,0.0,85,Valid
200746fc-5d0f-3ec7-a2a9-3d9a219ee139,COMPASSIONATE CARE HOSPICE,WOBURN,MA,18016355,42.4977745,-71.1237712,0.0,83,Valid
954e01a8-3b27-314e-9c77-254f1ac9c917,Plymouth Outreach Clinic,Plymouth,MA,2360,41.924313,-70.656654,0.0,102,Valid
dd3307db-114c-3f11-be44-a9eef6bb3fc5,LYNN COMMUNITY HEALTH,LYNN,MA,19011201,42.4652772,-70.94362420273097,0.0,481,Valid
36d96ba1-1b43-3fda-b4b0-84205d5b3a16,EMANUEL DEVELOPMENT CORPORATION,BRIGHTON,MA,21351502,42.35484765,-71.16853348093532,0.0,1,Valid
1d87bbfa-19aa-3128-adca-420ff8d5a12a,BERKSHIRE FAMILY AND INDIVIDUAL RESOURCES INC,NORTH ADAMS,MA,12474109,42.680927100000005,-73.09950699822534,0.0,88,Valid
f2068cee-c75c-321d-9b2c-c33535db89c9,CARING HEALTHCARE SERVICES LLC,RANDOLPH,MA,23682002,42.20017865,-71.0582074,0.0,96,Valid
9b1f8cd0-2246-3f4f-82df-23ea314c7665,LOWN ACQUISITION LLC,LAWRENCE,MA,18414617,42.70162725,-71.1755487945157,0.0,1,Valid
15d4c950-4691-3996-b4c4-bf06bfb58ff7,HOLY FAMILY HOSPITAL,METHUEN,MA,18445883,42.7285558,-71.16833738237946,0.0,821,Valid
655f2a4f-419c-39d3-8ed6-6c4117eb7e32,NORTH READING INTERNAL MEDICINE PC,NORTH READING,MA,18641326,42.56697195,-71.10799861135133,0.0,28,Valid
5018c664-e283-30eb-932a-529d9a19b3b5,FIRST PSYCHIATRIC PLANNERS  INC,WOBURN,MA,18014979,42.473347,-71.144086,0.0,683,Valid
2e8b42f8-4300-30a9-a576-d513d1021a0a,GREATER LOWELL FAMILY PRACTICE PC,TEWKSBURY,MA,18761699,42.63120935,-71.27023603178071,0.0,436,Valid
0caa0116-ef9a-3d4c-bcff-9c405a9d2bda,TRANQUILITY HEALTH AND WELLNESS PROFESSIONALS LLC,PLYMOUTH,MA,23604054,41.884685,-70.847219,0.0,122,Valid
5ba77f2c-8ce5-3dde-bb46-3ffcceb3bfbf,188 FLORENCE STREET OPERATOR LLC,CHESTNUT HILL,MA,24672641,42.31835025,-71.17401686317635,0.0,4,Valid
4ff3563e-f909-3a06-902d-26c28d9d5355,ESSEX PAVILION  LLC,HYANNIS,MA,26012322,41.6619029,-70.31909857281401,0.0,5,Valid
d140ed3f-2696-3e78-bd77-1c959ec4fc4d,HATHAWAY MANOR EXTENDED CARE,NEW BEDFORD,MA,27401916,41.6512968,-70.9669902070805,0.0,93,Valid
1cff30ba-b91f-3ea2-b80b-770d67856358,ROYAL NURSING CENTER  LLC,FALMOUTH,MA,25403341,41.5591273,-70.60352436630029,0.0,131,Valid
d4e48a16-0a60-3e90-81e5-c35b22ffe6af,GREEN MOUNTAIN URGENT CARE LLC,NORTH ADAMS,MA,12473027,42.69967208677275,-73.16330754755236,0.0,99,Valid
b53dc1b7-43b0-3c43-a73f-304165633a59,PULMONARY INTERNISTS AND CONSULTANTS PC,HYANNIS,MA,26013202,41.6562005,-70.27336188244256,0.0,48,Valid
4ff8b164-4cf5-3ab4-b0f2-7ce8fda920e5,CARDIOVASCULAR CENTER AT TUFTS MEDICAL CENTER INC,WORCESTER,MA,16550002,42.180483,-71.867782,0.0,192,Valid
f7171d7c-0d92-33cf-98dc-abd628d79750,ARMENIAN NURSING & REHABILITATION CENTER  INC.,JAMAICA PLAIN,MA,21303402,42.310128500000005,-71.1321602569144,0.0,2,Valid
6f95a7a4-3343-3d14-b8b5-35d1e3247551,SUNNY ACRES NURSING HOME  INC.,CHELMSFORD,MA,18244114,42.5969934,-71.3233653623669,0.0,2,Valid
39c15c0f-5c49-311e-99d2-1fb99d80e06e,HARBOR HEALTH SERVICES INC,DORCHESTER,MA,21223134,42.2867644,-71.04402811508834,0.0,206,Valid
e39e92a8-2fde-314a-8fb1-8551218f03d9,PLEASANT VALLEY INTERNISTS PC,METHUEN,MA,18444547,42.7265686,-71.16640139527428,0.0,39,Valid
8f22037a-070f-3fcf-8f39-fa879f0ae107,DARTMOUTH HOUSE NURSING HOME INC,S DARTMOUTH,MA,27481826,41.61112,-70.93937914285715,0.0,9,Valid
bccd7d67-203c-3d93-b6b0-bff5a146cd1d,CARECENTRAL URGENT CARE MEDICAL GROUP PC,STOUGHTON,MA,20721763,42.1384306,-71.1022598,0.0,390,Valid
07baae96-3d74-3c69-a845-dad7b792eb52,EMTAR HEALTH CARE INC,SOUTH HAMILTON,MA,19821808,42.61322825,-70.87300675048934,0.0,44,Valid
63cb4d95-04a9-3a35-b5d9-f89e0377a48d,STURDY MEMORIAL HOSPITAL INC,ATTLEBORO,MA,27033143,41.9419187,-71.2752081695297,0.0,1368,Valid
13f83225-b984-345a-a353-11237d5aadfb,ORANGE PULMONARY AND INTERNAL MEDICINE,ORANGE,MA,13641408,42.5928702,-72.32953998953418,0.0,34,Valid
45e64170-207e-3786-b970-76fca7a5691b,50 INDIAN NECK ROAD OPERATOR LLC,WAREHAM,MA,25712174,41.7539753,-70.69890130810117,0.0,2,Valid
6e290541-eba3-37fc-a3e2-e58f77e84c7e,JEWISH FAMILY SERVICE OF WESTERN MASSACHUSETTS INC.,SPRINGFIELD,MA,11083122,42.085779,-72.55846414285715,0.0,180,Valid
263d1b03-1560-3fc3-b93d-c33a0cbd5837,HOSPICE SERVICES OF MASSACHUSETTS,LAKEVILLE,MA,23471689,41.8771119,-70.92344635,0.0,25,Valid
4e880cb9-1ca0-3582-b8cf-8a59b0d2b878,BERKSHIRE INTERNAL MEDICINE LLC,PITTSFIELD,MA,12016178,42.44648205,-73.25863241543368,0.0,207,Valid
432821fe-58ed-33eb-823c-b4447a52c7e9,DYOUVILLE TRANSITIONAL CARE INC,LOWELL,MA,18541131,42.64497212195122,-71.36843231707317,0.0,1,Valid
a2a41caf-758f-3962-8e5f-e6e603f93d17,VIBRA HOSPITAL OF WESTERN MASSACHUSETTS LLC,ROCHDALE,MA,15421305,42.2020225,-71.89891616754682,0.0,2914,Valid
3d09dd1a-257d-3eee-977d-1b076002cf2d,620 LAUREL STREET OPERATOR LLC,LEE,MA,12389181,42.325270573922175,-73.26123519130739,0.0,3,Valid
0d24cc89-3256-330c-b36d-d8de8babef84,CAPE COD HEALTHCARE PHYSICIANS,SOUTH YARMOUTH,MA,26641218,41.6667779,-70.1847414,0.0,236,Valid
8ae6a210-708f-3b23-b7d3-ac7948abd2b0,EDWARD M KENNEDY COMMUNITY HEALTH CENTER INC,WORCESTER,MA,16052010,42.2975664,-71.76536802164628,0.0,25,Valid
db28cc9a-fdfb-35a6-aef7-ab9b933ef244,CAMBRIDGE REHABILITATION & NURSING CENTER,CAMBRIDGE,MA,21385402,42.3694992,-71.11011030010101,0.0,110,Valid
08c42af3-1aac-3552-a4ae-74fd2cd5cba5,SUBURBAN HOME HEALTH CARE INC.,BOSTON,MA,22151109,42.3515331,-71.12272613596829,0.0,10,Valid
19a65317-5d32-355e-8f82-88933d48366d,LAKEVILLE FAMILY MEDICINE PC,LAKEVILLE,MA,23471468,41.8455651,-70.95195924208448,0.0,233,Valid
844a8cb2-4164-35b2-88b8-dffa2889a738,CENTER FOR EXTENDED CARE AT AMHERST,AMHERST,MA,10022232,42.368937,-72.53247107203978,0.0,29,Valid
bfb9ab7d-7b8a-36c9-ac27-d210a6f6f412,ROYAL HEALTH GROUP LLC,BUZZARDS BAY,MA,25325613,41.745383,-70.618087,0.0,1,Valid
a6fb79e7-4abb-3a68-b62d-e501427fdca4,AUBURN PRIMARY CARE AND AESTHETICS,AUBURN,MA,15015709,42.187836,-71.83104,0.0,462,Valid
52e42aa3-27fb-3298-a3ae-25529dfe6347,NORTHBRIDGE REHAB CENTER LLC,NORTHBRIDGE,MA,15341093,42.15719035,-71.6521339767302,0.0,1,Valid
756ed90d-15f4-377d-b99f-ca1de5633481,MEDWAY COUNTRY MANOR SKILLED NURSING & REHABILITAT,MEDWAY,MA,20531954,42.1589839,-71.41067830029175,0.0,1,Valid
b92c875d-5390-3cc7-9cc5-67ade724daf3,HERITAGE HALL SOUTH,AGAWAM,MA,10010325,42.07895845,-72.62045515660407,0.0,1,Valid
5117bb89-3a9f-3740-a0f1-c3a1a8d7851e,FAMILY PRACTICE ASSOCIATES R TAYLOR E HEYMAN & R LEE PTRS,PITTSFIELD,MA,12016502,42.4458896,-73.2448206979669,0.0,79,Valid
4e3c60e6-dbed-32c3-9b03-767d7fbc82b0,LEEDS MA SNF LLC,LEEDS,MA,10539783,42.3640844,-72.70745188531934,0.0,3,Valid
9d0e702d-50a0-3f4c-9126-0951d560fd4b,NEW ENGLAND REHABILITATION SERVICES OF CENTRAL MASSACHUSETTS INC,WORCESTER,MA,16024339,42.25986305,-71.83597786023279,0.0,758,Valid
f0e3e152-0b08-3819-b962-b043f63f6dc1,NORTHWOOD REHABILITATION & HEALTHCARE CENTER,LOWELL,MA,18541915,42.6422606,-71.36626685573418,0.0,13,Valid
81b1ef2b-8d3c-3923-859d-ae56099e037a,19 VARNUM STREET OPERATING COMPANY  LLC,LOWELL,MA,18502132,42.6520846,-71.29979019978185,0.0,3,Valid
ea8d287f-b3a9-3800-8798-788e334ee406,NORTH SHORE MEDICAL CENTER INC,SWAMPSCOTT,MA,19072928,42.4699241,-70.9171507,0.0,867,Valid
c7542447-e06e-32cb-b6db-243c23a0dbc2,FRANCISCAN HOSPITAL FOR CHILDREN INC,BOSTON,MA,21353602,42.3501483,-71.14393324457691,0.0,1827,Valid
d9fe2c9c-135e-3da3-8de8-1a0ff165d886,JEWISH FAMILY & CHILDREN'S SERVICE,WORCESTER,MA,16091121,42.2492003,-71.92931780325071,0.0,511,Valid
50c47685-8125-3c50-8311-8bd7ba9e9108,BOSTON MEDICAL CENTER CORPORATION-,ROSLINDALE,MA,21311733,42.2871447,-71.1277526,0.0,183,Valid
8bf5325a-c11b-35c4-b07d-17a5aeba8353,BEACON HOSPICE  AN AMYEDISYS COMPANY,SPRINGFIELD,MA,11511001,42.1018764,-72.5886727,0.0,25,Valid
621bd7b5-3f4c-3555-8daa-f1216e352f33,BELMONT MANOR NURSING HOME INC,BELMONT,MA,24785023,42.38815185,-71.19406248191802,0.0,2,Valid
43e22208-dae0-3196-b30b-17b3c50679c2,GREATER LAWRENCE FAMILY HEALTH CENTER INC,METHUEN,MA,18442060,42.7288158,-71.20222773774655,0.0,208,Valid
0b2738b6-7911-3aa4-8b6e-7e1df7c14fe1,GUARDIAN OP 1 LLC,BROCKTON,MA,23011668,42.1061239,-71.02807965450519,0.0,9,Valid
46375470-1e20-3ddc-8dc5-010ba53826b6,BAYSTATE WING HOSPITAL CORPORATION,PALMER,MA,10691138,42.16934095,-72.34120457065711,0.0,496,Valid
9d2a1656-0f4d-30d1-bc63-eb365a05529c,STEWARD GOOD SAMARITAN MEDICAL CENTER  INC.,BROCKTON,MA,23011794,42.09805395,-71.0609587194362,0.0,53,Valid
aba3e6f6-4562-342e-b90f-dd61b117f394,MEDICAL EXPRESS URGENT CARE CENTER CO INC,SPRINGFIELD,MA,11072008,42.11291091861002,-72.59692685125127,0.0,43,Valid
a4b91172-69e7-3895-bd89-b9a0868de5c2,DARTMOUTH PRIMARY MEDICINE  LLC,NEW BEDFORD,MA,27441052,41.6149879,-70.93113851963673,0.0,436,Valid
47fb5a56-bee5-3ecd-9958-706b20831c82,BETH ISRAEL LAHEY HEALTH AT HOME,WOBURN,MA,18016356,42.4792618,-71.1522766,0.0,17,Valid
30547c24-6d41-3a9d-8a21-cc3606224d38,MILTON HC OPERATING LLC,MILTON,MA,21862337,42.23073215,-71.122659913074,0.0,1,Valid
72f50aa0-d8c9-34dc-ac58-c428323f3bcd,BOSTON HEALTH CARE FOR THE HOMELESS PROGRAM INC,BOSTON,MA,21142696,42.36286045,-71.06875296664998,0.0,259,Valid
1df9d0cd-af31-3418-ba9b-d9df7dd44290,ICK -ASSURANCE HOME HEALTH CARE INC,FITCHBURG,MA,14207037,42.5903661,-71.8119837,0.0,23,Valid
ca8a919a-05f9-3687-bfb6-42800a70031e,LIFE LINE COMMUNITY HEALTHCARE,FRAMINGHAM,MA,17014613,42.3095704,-71.4413097,0.0,69,Valid
b1581267-6289-3035-9c95-ddd030f098c1,LUTHERAN HOUSING CORPORATION-BROCKTON,WORCESTER,MA,16092833,42.27170425,-71.801564,0.0,2,Valid
eee00932-ca82-36bc-b7e8-e3fff6dbaeaa,DANA FARBER CANCER INSTITUTE,WEYMOUTH,MA,21893141,42.2212188,-70.9391625,0.0,2524,Valid
50c7f768-9138-3dae-a67d-953bdf9ad754,NIGHTINGALE VISITING NURSES,TAUNTON,MA,27803561,41.8960599,-71.07799243944345,0.0,44,Valid
a194e94a-dd16-347e-95ea-8d00052c14d1,BASS RIVER HEALTHCARE ASSOCIATES INC,S YARMOUTH,MA,26645254,41.65171785,-70.21464095380932,0.0,85,Valid
be509ccb-bfb7-3b87-8945-8426b689ef9d,BOSTON HOME  INC (THE),BOSTON,MA,21244742,42.3554334,-71.060511,0.0,68,Valid
6f90eaad-abe3-3ce0-b9a6-2031c5674f0d,MYHOME HEALTHCARE PLLC,NORTH ANDOVER,MA,18456156,42.66074825,-71.10724143845708,0.0,77,Valid
c0719377-d40a-3e9c-9f7c-af47c93b3f40,CARBON HEALTH PRIMARY CARE OF FLORIDA PA,BOSTON,MA,21101218,42.35403315,-71.05809515865283,0.0,68,Valid
fe008000-0642-354b-9986-7396b3574f40,OCEANSIDE REHABILITATION AND NURSING CENTER LLC,ROCKPORT,MA,19661800,42.653407900000005,-70.60498112267823,0.0,1,Valid
065eba51-cef7-3976-8654-ba8e7df887ce,HOSPICE OF THE FISHER HOME,AMHERST,MA,1002,42.40927615,-72.52971238527101,0.0,6,Valid
a06b1a97-d6ce-3ea1-ba4a-2ef85a8114ab,APPLE VALLEY CENTER,AYER,MA,14321171,42.57821195,-71.5733060441645,0.0,11,Valid
73c7eaf8-f8b3-383f-b3e1-4d8ff5ca255d,MASHPEE ACQUISITION LLC,MASHPEE,MA,26492662,41.6314877,-70.46769809885944,0.0,2,Valid
5573074b-edf7-31cd-a5f4-6e118c6f602d,ASSOCIATES IN INTERNAL MEDICINE INC,NORWOOD,MA,20623449,42.18864775,-71.20380467780485,0.0,107,Valid
6873525f-1680-3ceb-b536-270d44b46e2e,UPHAMS CORNER HEALTH COMMITTEE INC,DORCHESTER,MA,21252322,42.3147979,-71.067633,0.0,103,Valid
6c7fe370-02c4-3537-8f5e-373b2168b933,HEALTH ALLIANCE HOME HEALTH AND HOSPICE,LEOMINSTER,MA,14533791,42.54031915,-71.76312990486304,0.0,2,Valid
9fbf3c5e-5f22-3b9f-9032-39d6de320874,METRO WEST REHAB CORP,WESTBOROUGH,MA,15811017,42.2770724,-71.5679154706427,0.0,21,Valid
f8918a95-31e8-3ac4-8d12-29ca6080ebda,BETH ISRAEL DEACONESS HOSPITAL MILTON INC,MILTON,MA,21863926,42.2513683,-71.0768393856917,0.0,1701,Valid
bce5b907-584b-345d-bbcf-912cf56cb6c3,RENAISSANCE PRIMARY CARE LLC,WORCESTER,MA,16032467,42.0667952,-72.0084995,0.0,203,Valid
9cec3b3c-fe3f-344e-b9c3-e414dafcd19f,120 MAIN STREET OPERATOR LLC,MALDEN,MA,21486904,42.41918695,-71.06618960434116,0.0,3,Valid
8d5880eb-1dd8-31ea-b7c5-21709f3bb341,MELROSE INTERNAL MEDICINE ASSOC PC,MELROSE,MA,21763201,42.4592093,-71.06078096379728,0.0,447,Valid
ca9ee1b8-abeb-3b62-a017-8839fbe10847,M I NURSING & RESTORATIVE CENTER,LAWRENCE,MA,18413849,42.7138132,-71.1639172,0.0,1,Valid
0ec04450-c150-322d-b2c3-1449d672a23c,MANET COMMUNITY HEALTH CENTER  INC.,NORTH QUINCY,MA,21712122,42.27259075,-71.03082765,0.0,76,Valid
fd650ebc-a642-3818-b073-692473cd31f1,HARBORLIGHT FAMILY MEDICINE  PC,BEVERLY,MA,19156181,42.5584284,-70.8800491,0.0,181,Valid
3ff0f58b-7a1f-3334-9449-ff15f68b7d86,BETH ISRAEL DEACONESS HOSPITAL PLYMOUTH INC,PLYMOUTH,MA,23607761,41.94186605,-70.6455366462985,0.0,1045,Valid
4e0ec952-dd08-359e-87af-b13809b955ac,DEARBORN WELLNESS  LLC,QUINCY,MA,21697564,42.2509914,-71.0037374,0.0,29,Valid
70e3ad4f-b9ff-3f3e-9990-2cd7e23a9d1c,HEALTH-MD URGENT CARE,WEST SPRINGFIELD,MA,10894675,42.1373438,-72.62624707492338,0.0,124,Valid
dbe1e521-57da-3855-9aa0-aabadbd17e32,NORTH RIVER HOSPICE LLC,NORWELL,MA,20612050,42.1592792,-70.85480698781902,0.0,4,Valid
8ddbad9e-b5fc-3895-8a1c-17f32197a865,BROAD REACH HOSPICE,CHATHAM,MA,26332083,41.6827332,-69.98755685244114,0.0,6,Valid
9cfdd210-a2ed-34d6-9381-2f5d999011ca,HIGHLAND PRIMARY CARE ASSOCIATES INC.,NEWBURYPORT,MA,19503873,42.81434167116674,-70.88998002772408,0.0,40,Valid
7e8bd0f2-2746-355e-92ef-9473818c58a2,BLISSFUL HOMECARE  LLC,NORTH ANDOVER,MA,18451655,42.70528105,-71.13643624887442,0.0,22,Valid
dd280187-8662-3732-af81-595d10572911,4499 ACUSHNET AVENUE OPERATING COMPANY  LLC,NEW BEDFORD,MA,27454707,41.74026055,-70.9450945705336,0.0,1593,Valid
a6964d47-8af0-3df2-b99d-d8414eb1cfa3,ARBOUR-FULLER HOSPITAL,SOUTH ATTLEBORO,MA,27035520,41.924394750000005,-71.36076410900014,0.0,1707,Valid
004554b4-3068-3938-832d-fa7cbe1cd1fb,DWYER HOME,WEYMOUTH,MA,21903951,42.1589443,-70.94970431672323,0.0,52,Valid
dae3ee01-f383-366e-9ad6-dc92963064ea,MERCY MEDICAL CTR,HOLYOKE,MA,10405381,42.16578055,-72.63389634691956,0.0,1100,Valid
8ac513c1-7955-373e-83c3-a6d55d52a452,MINDFUL HEALTHCARE AGENCY INC,WALTHAM,MA,24510609,42.376247,-71.237816,0.0,47,Valid
a7b047dd-186a-32de-8187-b0853c05aed6,COUNTRY CENTER FOR HEALTH & REHABILITATION,NEWBURYPORT,MA,19503519,42.81568305,-70.89666045994463,0.0,17,Valid
dac75bc1-cbfa-306b-9a0a-88d5edf3638d,BRIGHTON HOUSE REHABILITATION & NURSING CENTER,BRIGHTON,MA,21358244,42.3433093,-71.14003855124017,0.0,13,Valid
b7488009-cd48-3a0d-87c4-6c47d1ceb3c8,ROYAL BRAINTREE NURSING AND REHABILITATION CENTER,BRAINTREE,MA,21844301,42.22110375,-70.97097247044559,0.0,26,Valid
371948e4-733a-33b6-a835-68abefdeb59f,FAIRVIEW HOSPITAL,WILLIAMSTOWN,MA,12672930,42.7041261,-73.19043030392987,0.0,79,Valid
b7b02632-03e1-330a-aa40-fdee22899633,BOSTON UNIVERSITY MEDICAL CENTER RADIOLOGISTS  INC.,ROXBURY,MA,21203432,42.3279605,-71.0830607,0.0,33,Valid
679a8e99-0f35-3eec-94ed-d8341e9fe33c,POPE NURSING HOME,WEYMOUTH,MA,21882736,42.22281125,-70.96226691624932,0.0,51,Valid
c6907774-d9cd-3408-b554-08b135423b40,SUDBURY PINES EXTENDED CARE FACILITY,SUDBURY,MA,17763302,42.36142375,-71.44123077142632,0.0,3,Valid
089bceb2-0ecb-3650-95e9-e7260248b809,STARTING LINE WELLNESS LLC,HOPKINTON,MA,17481672,42.22029125,-71.53814854921914,0.0,35,Valid
63b4f233-fb49-3b1e-a17c-2d572367b131,GERMAN CENTER FOR EXTENDED CARE,WEST ROXBURY,MA,21324034,42.27370345,-71.15856364656862,0.0,36,Valid
9d283097-e706-3421-8b98-948b1fdadf30,BEAR MT WEST SPRINGFIELD LLC,WEST SPRINGFIELD,MA,10894510,42.15766684672087,-72.63485704670578,0.0,5,Valid
f82ff162-c689-3682-876c-220cf96eb97b,MIDDLESEX FAMILY PRACTICE PC,FRAMINGHAM,MA,17022952,42.2976266,-71.42605348361442,0.0,90,Valid
9d989fcf-4ad9-3972-ada3-f275d967781e,FALMOUTH HOSPITAL ASSOCIATION INC,SANDWICH,MA,25632377,41.7579043,-70.4968152,0.0,1049,Valid
87472bc2-7c23-37cc-8355-7f3e88614b6b,EAST LONGMEADOW SKILLED NURSING CENTER,EAST LONGMEADOW,MA,10282765,42.059258494749486,-72.53388585052694,0.0,22,Valid
b69bccdc-5ad3-3ded-a018-3cd8f369c9d2,CAPE REGENCY REHABILITATION & HEALTH CARE CENTER,CENTERVILLE,MA,26323246,41.6498983,-70.34309844876677,0.0,26,Valid
af3871c3-2098-3051-bcb7-8a919e194a16,HEALTHCARE SOUTH PC,WEYMOUTH,MA,21893110,42.19322885,-70.94589987654936,0.0,379,Valid
542185c1-943a-30f4-aba0-0efaa92488a4,EVEREST HEALTH CARE SPECIALISTS PLLC,ARLINGTON,MA,24764738,42.40328885,-71.15140830652837,0.0,170,Valid
0319f6d9-60a3-36ac-9f26-b782d7997b1c,ARLINGTON FAMILY PRACTICE PC,ARLINGTON,MA,24764738,42.4177455,-71.1579688,0.0,33,Valid
a2cc09de-c1e2-3126-8c09-d49f95225281,CHILDREN'S HOSPITAL CORPORATION,WALTHAM,MA,24532741,42.3756401,-71.2358004,0.0,279,Valid
9f2f60a6-87a4-3f45-b753-b63b5b7e9993,NORTH END COMMUNITY HEALTH COMMITTEE INC,BOSTON,MA,21131901,42.3647421,-71.0536619,0.0,505,Valid
44cb1162-a345-3477-8723-c202a3c8cdcd,HOPKINTON MEDICAL CARE  P.C.,HOPKINTON,MA,17481619,42.21799145,-71.54005509979045,0.0,199,Valid
c5306a86-09a1-32d9-875a-67ef56e131c0,ACCESS PRIMARY CARE INC,NORTH ANDOVER,MA,18451631,42.70773345,-71.1300651,0.0,128,Valid
ab16be57-62ea-39a5-8f7a-ee1285cf6934,THE MCLEAN HOSPITAL CORPORATION,PETERSHAM,MA,13669503,42.4865962,-72.1893057,0.0,26,Valid
f341c366-8313-3790-ab26-d8d27b116ff5,WAYSIDE YOUTH & FAMILY SUPPORT NETWORK,WALTHAM,MA,24535465,42.39322121170625,-71.24104146434591,0.0,32,Valid
0d7ef8ee-4e45-3b40-9f2b-f558dce71574,PERSONALIZED MEDICAL CARE LLC,CHESTNUT HILL,MA,24672008,42.31886965,-71.17524247213663,0.0,176,Valid
1de1aeee-4088-391b-af7a-95d7cfaeaf32,NANTUCKET COTTAGE HOSPITAL,NANTUCKET,MA,25542799,41.27514065,-70.10108985970798,0.0,103,Valid
f312977e-8f41-3816-84cc-e5b12ba36955,BRIGHAM AND WOMEN'S FAULKNER HOSPITAL  INC.,JAMAICA PLAIN,MA,21303446,42.3017598,-71.12855793387442,0.0,777,Valid
0519b293-2e92-3eb3-aeef-233da0babc93,PALM SKILLED  NRSING CR & CTR FOR REHAB EXCELLENCE,CHELMSFORD,MA,18241511,42.6198215,-71.36189212971482,0.0,32,Valid
5c896155-eb9a-383e-9162-a43ebb7f1cc5,LINDEN PONDS,HINGHAM,MA,20433784,42.1972249,-70.91712645007524,0.0,21,Valid
c5403c4f-14d5-3171-9227-a9b8327f3149,CONTINUUM HEALTHCARE SOLUTIONS LLC,CHICOPEE,MA,10202103,42.1487691,-72.6071119,0.0,323,Valid
a730c5e6-a15f-3e36-8112-8579e507d330,MIDDLESEX INTERNAL MEDICINE ASSOCIATES  INC,MARLBOROUGH,MA,17524549,42.34718040987546,-71.57283065352654,0.0,374,Valid
4ffc4e4b-9d8d-3c30-ad84-fc9a7209da94,OAKS  THE,NEW BEDFORD,MA,27454727,41.74080975,-70.94731021257817,0.0,172,Valid
389323ef-b127-3a06-a22d-e24aef033e5d,GREATER BOSTON INTERNAL MEDICINE PC,DEDHAM,MA,20261881,42.22214545274341,-71.18159060546684,0.0,51,Valid
bebc1dac-6c42-3225-b0ba-23278cdf2a62,MEMORY SUPPORT OF HERITAGE HALL,AGAWAM,MA,10011826,42.07695165,-72.62026217030348,0.0,46,Valid
c7d9c6bb-b58e-3837-a78b-05ea645e65c8,ENCOMPASS HEALTH HOME HEALTH OF NEW ENGLAND LLC,LAKEVILLE,MA,23471482,41.8753235,-70.92035705583234,0.0,26,Valid
82248deb-13cc-31b2-8764-0233e159a93a,COMMUNITY HEALTH PROGRAMS INC,ADAMS,MA,12201856,42.623644600000006,-73.11852130252683,0.0,33,Valid
5a6fa8a5-90e2-3f70-bb3e-3d9dd7ad2f96,CHICOPEE REHABILITATION AND NURSING CENTER LLC,CHICOPEE,MA,10204857,42.1678446,-72.54203576723424,0.0,5,Valid
ce4d0501-49eb-396a-bc56-545fdfc624b0,MARTHA'S VINEYARD HOSPITAL INC,OAK BLUFFS,MA,25571406,41.46063105,-70.57989080295974,0.0,714,Valid
70e943de-a18b-3e03-a204-ecca2f01b6d1,OAKDALE REHABILITATION & SKILLED NURSING CENTER,WEST BOYLSTON,MA,15831130,42.3936423,-71.79207534741954,0.0,24,Valid
e69e7cbb-8362-30d1-83f2-3a0c492fe2b1,PLYMOUTH CARVER PRIMARY CARE  P.C.,PLYMOUTH,MA,23602642,41.9255829,-70.65514326847389,0.0,137,Valid
1ef8d603-bec1-35f5-a830-2a0b919cf47f,SUTTON HILL CENTER,NORTH ANDOVER,MA,18456322,42.6355548,-71.0761760490546,0.0,37,Valid
154cc5db-4906-3411-8aa3-39902c6b3af2,NAPPA FAMILY PRACTICE PC,STONEHAM,MA,21802221,42.4916624,-71.10288588889674,0.0,87,Valid
d13ac855-c068-3b57-8d65-fc3c90f32558,PLEASANT BAY OF BREWSTER REHAB CENTER LLC,BREWSTER,MA,26312870,41.73896495,-70.00124453922743,0.0,2,Valid
9e469108-97a0-350a-b6ba-be2a286b3dcc,METRO WEST REHAB CORP,WESTBOROUGH,MA,15811017,42.2770724,-71.5679154706427,0.0,151,Valid
afc661fd-71d9-3fc3-adf2-3fc3b5e8a140,BROCKTON HOSPITAL  INC.,RAYNHAM,MA,2767,41.9487118,-71.0731008,0.0,279,Valid
1533e36d-5650-326a-bbfd-cfe50a24fab9,BEACON HOSPICE LLC,MARLBOROUGH,MA,17524641,42.3336042,-71.58894854839346,0.0,1,Valid
be9a14c1-72a6-3186-b199-fdb070768458,WOBURN NURSING CENTER INC,WOBURN,MA,18013006,42.4882886,-71.15015700746171,0.0,3,Valid
06cc2462-430f-3322-9c87-7e971125f510,EMERSON HOSPITAL,WESTFORD,MA,18863198,42.5792583,-71.4378411,0.0,1387,Valid
0899da04-19b2-33b7-9d12-db40b0491c1b,BOSTON HEALTH CARE FOR THE HOMELESS PROGRAM INC,BOSTON,MA,21182524,42.33364525,-71.07279114401811,0.0,23,Valid
98bf9e06-f827-310f-8022-35ee33686f76,LIGHTHOUSE OF REVERE  INC.,REVERE,MA,21514923,42.41420445,-71.0184707933218,0.0,3,Valid
0c6e2aac-bd59-351f-a144-b2a6855c50f8,CAMPION HEALTH & WELLNESS  INC,WESTON,MA,24931310,42.3828732,-71.3206139,0.0,1,Valid
dd456e39-9f82-303b-9c3f-5db0e82a437e,FAMILY HEALTH CENTER OF WORCESTER INC,WORCESTER,MA,16102473,42.25930925,-71.81494729825698,0.0,48,Valid
759de184-595f-3131-ba20-6a412553496d,49 THOMAS PATTEN DRIVE OPERATING COMPANY  LLC,RANDOLPH,MA,23683901,42.1594587,-71.06112167252701,0.0,11,Valid
2b3f6816-b774-3bb5-8654-915e5f712f9c,1650 WASHINGTON STREET OPERATOR LLC,WEST NEWTON,MA,24652241,42.34253672934744,-71.23694527065257,0.0,1,Valid
c5cb0e69-9762-3fdb-96a6-e9e339f5ca91,HUDUMA INC,WORCESTER,MA,16082583,42.12647255,-71.86350561906715,0.0,25,Valid
db106514-f254-3402-b6a4-6d210c78c7e2,JOHN ADAMS HEALTHCARE CENTER,QUINCY,MA,21697833,42.23691085,-71.00237199954586,0.0,19,Valid
ee7fab6f-6438-394f-b1f2-3e452f8f055a,BLUEBERRY HILL REHABILITATION AND HEALTHCARE CTR,BEVERLY,MA,19156009,42.5700993,-70.87108224250409,0.0,102,Valid
79508e39-d0b0-3613-9d54-168f6e1c3a18,NASHOBA VALLEY MEDICAL CENTER,GROTON,MA,14502056,42.57735215,-71.57414587343038,0.0,184,Valid
af570aee-a397-372c-8eba-5c2b18662b0f,BYC HEALTHCARE INC,WOBURN,MA,18016372,42.4961562,-71.1258904921298,0.0,124,Valid
e52b37d6-60d6-354d-90f9-6e9f9eb1d209,REHABILITATION & NURSING CENTER AT EVERETT (THE),EVERETT,MA,21495228,42.4152341,-71.0348323,0.0,4,Valid
907b1d2f-2bf8-31b5-abc2-14d6b75faa96,ASSABET FAMILY PODIATRY  INC,MARLBOROUGH,MA,17523200,42.3358161,-71.54106510218209,0.0,177,Valid
1ce0d1a3-b507-3ad1-afc5-b25bfe48b8dc,STOUGHTON PUBLIC HEALTH ASSOCIATION,STOUGHTON,MA,20722364,42.125716800000006,-71.1025481568314,0.0,63,Valid
922d1031-d968-39c2-b73c-d5a495c39068,HINGHAM MEDICAL CARE INC,HINGHAM,MA,20432801,42.248735,-70.9209846,0.0,71,Valid
880fad59-9c38-3a21-a39f-ccc801502ab3,SANCTA MARIA NURSING FACILITY,CAMBRIDGE,MA,21381048,42.390849395521705,-71.1556550001627,0.0,60,Valid
352f2e3b-0708-3eb4-9f7e-e73a685bf379,MARLBOROUGH HOSPITAL CORP,SOUTHBOROUGH,MA,17721215,42.3056501,-71.5245087,0.0,1049,Valid
49fa72da-905b-3258-b22a-06e007c74c81,VISITING NURSE ASSOCIATION AND HOSPICE OF WESTERN NEW ENGLAND  INC,WESTFIELD,MA,10851832,42.1390327,-72.7584859,0.0,4,Valid
ef95a6b4-cf95-32c2-b6e5-0488faaa3ac4,VISITING NURSE ASSN OF EASTERN MASS,SOMERVILLE,MA,21442666,42.3922293,-71.1061564,0.0,6,Valid
e34d8448-8b98-3f91-9fe7-faeb8a78e1db,ASSOCIATED INTERNISTS OF RANDOLPH  INC.,MILTON,MA,21862377,42.2501425,-71.065573,0.0,187,Valid
2164ee72-e9d8-312a-8bf4-a4abc55771b7,SOUTHBRIDGE MA SNF LLC,SOUTHBRIDGE,MA,15502408,42.073771750000006,-72.03709326666669,0.0,1,Valid
a2d45ee8-b930-3169-b612-f602961ad212,SUNRISE HEALTHCARE LLC,SHREWSBURY,MA,15452229,42.288207,-71.73443816915585,0.0,598,Valid
0fa1cab9-83c1-3c85-b7bc-53d8b922e2f7,METROWEST MEDICAL CENTER,WORCESTER,MA,16081216,42.2768165,-71.795274,0.0,347,Valid
817f4acb-0184-3146-9ce0-87197d8f115a,READING FAMILY MEDICINE PC,READING,MA,1867,42.51809619399502,-71.0959083715027,0.0,124,Valid
4887dc20-9ef6-3cc2-9c56-858388049a50,ELIOT CENTER FOR HEALTH & REHABILITATION,NATICK,MA,17604122,42.2821131,-71.37898579435048,0.0,28,Valid
10ffe7b1-2f94-3f12-9288-679da05a1ec9,WESTFORD INTERNAL MEDICINE PC,WESTFORD,MA,1886,42.57056335,-71.41736646422413,0.0,103,Valid
4fa643ae-1f58-3c2e-9f33-0ba56345ad10,COMPASSIONATE HEALTH CARE GROUP LLC,WAREHAM,MA,25712153,41.7613849,-70.71911431737183,0.0,184,Valid
e98ef46c-e94c-34bc-9cf5-134d8ddcbac5,COMMUNITY VISITING NURSE AGENCY  INC.,ATTLEBORO,MA,27033002,41.9447388,-71.27972821642685,0.0,7,Valid
fa34d205-5ac2-3ba2-80a4-bef345dc57f5,MEDFORD VISITING NURSING ASSOCIATION,ARLINGTON,MA,24745552,42.408086,-71.135914,0.0,3,Valid
a73a3693-57ac-367e-b29e-f0f834cbaf66,HARBOR HEALTH SERVICES INC,PLYMOUTH,MA,23607318,41.9788991,-70.6879608,0.0,155,Valid
e6d63525-40f0-3391-a58a-e6a03598911f,STANLEY STREET TREATMENT AND RESOURCES INC,FALL RIVER,MA,27206009,41.7148511,-71.13527009152534,0.0,80,Valid
fb4a08b8-57ee-382b-b3cb-43d94f1bb4c0,STANLEY STREET TREATMENT AND RESOURCES  INC,FALL RIVER,MA,27242855,41.69077545,-71.16515282264554,0.0,160,Valid
2b97893e-dc50-378b-a266-f089b8450329,HARBOR HEALTH SERVICES INC,DORCHESTER,MA,21253120,42.3194571,-71.04610844302991,0.0,409,Valid
d0894f6b-78d7-338d-82ad-b63de4d40014,MOUNT AUBURN HOSPITAL,WALTHAM,MA,2452,42.3756401,-71.2358004,0.0,996,Valid
5aad3f6f-3070-34f5-a25f-d9a9ee78c68c,COMMUNITY NURSE HOME CARE  INC.,FAIRHAVEN,MA,27193823,41.63663425,-70.90101829397507,0.0,25,Valid
02661a4d-56da-3bfb-8ca0-0ecc77ba9fa6,VISITING NURSE ASSOCIATION AND HOSPICE OF WESTERN NEW ENGLAND  INC,WEST SPRINGFIELD,MA,10891359,42.13809525,-72.62351832623938,0.0,5,Valid
310d02fb-ba0c-3b5a-9ab3-8d7bb8e7b661,FAMILY MEDICAL ASSOCIATES  P.C.,CANTON,MA,2021,42.1561851,-71.1452049,0.0,54,Valid
5d1b509e-a048-357f-807e-6b863006e337,NEEDHAM WELLESLEY FAMILY MEDICINE PC,WELLESLEY HILLS,MA,24812118,42.3213892,-71.2586343,0.0,28,Valid
3d5fbf38-c781-3e04-8c7e-5a402611b7d4,DAVIS SQUARE FAMILY PRACTICE,SOMERVILLE,MA,21442951,42.3955992,-71.1227391,0.0,639,Valid
d6b03647-983f-3162-af9e-b12aea026f13,HOLISTIC FAMILY PRACTICE  INC.,NEWBURY,MA,19501199,42.7891081,-70.87774011339009,0.0,180,Valid
f43f97f2-af04-3ed0-a42e-3681718cc9b2,BERKSHIRE MEDICAL CENTER INC,PITTSFIELD,MA,12014109,42.4600752,-73.2492795834909,0.0,702,Valid
fd5342f0-10c0-3f48-9c7e-7100a64db139,WILLOW MANOR,LOWELL,MA,18512405,42.6353691,-71.3322833,0.0,9,Valid
03c5769d-b185-35ee-b563-9e651cff95bc,LOOMIS SENIOR LIVING  INC,SPRINGFIELD,MA,11092067,42.1108434,-72.5341133,0.0,2,Valid
f202fe9c-c1dd-30d5-805e-6a26904dbbce,GEORGETOWN FAMILY MEDICINE LLC,BOXFORD,MA,19211642,42.6976,-70.98887494259449,0.0,114,Valid
9ed61c49-1d0c-3774-b528-d75b50938fe2,Quincy Outpatient Clinic,Quincy,MA,2169,42.272617,-71.03133,0.0,235,Valid
7ac466c6-7968-33fd-882c-6d5418f88c8a,CHELMSFORD PRIMARY CARE LLC,CHELMSFORD,MA,18242700,42.60140085,-71.35097894451894,0.0,234,Valid
2f67494e-f17e-3248-ba68-3ca42913cca1,ROYAL OF FAIRHAVEN NURSING CENTER,FAIRHAVEN,MA,27193259,41.646106,-70.90865208079187,0.0,137,Valid
0d19a52f-6f9b-32aa-9aad-6b7027cc668e,BERKSHIRE REHABILITATION & SKILLED CARE CENTER,SANDISFIELD,MA,12559621,42.1131485,-73.1299243,0.0,12,Valid
326bc5bc-8da8-3337-a76a-7d44202dae3d,ABERJONA NURSING CENTER  INC,WINCHESTER,MA,18901921,42.4606573,-71.13806547771736,0.0,2,Valid
88975fd9-b47e-3af6-af78-c58e1ecf0d5e,BAYSTATE NOBLE HOSPITAL CORPORATION,WESTFIELD,MA,10853628,42.1178811,-72.75935246865802,0.0,305,Valid
15c0c270-968e-3651-8afe-e162149e5e3e,Lowell Vet Center,Lowell,MA,1852,42.642513,-71.3062,0.0,305,Valid
46e66051-c061-3c31-b439-1d71df92db1c,BEAR HILL HEALTHCARE LLC,STONEHAM,MA,21801040,42.50329135,-71.10023035268328,0.0,4,Valid
52efa2e5-007f-3396-a83a-28ca015f0595,BAYADA HOME HEALTH CARE INC,PLYMOUTH,MA,23604090,41.9604346314886,-70.67007876763536,0.0,102,Valid
eb7b9a53-ce15-3de6-85b9-4aa4e3f26bac,BILLERICA HEALTHCARE SOLUTIONS LLC,HAVERHILL,MA,18306405,42.77171213955692,-71.05879730251671,0.0,3,Valid
19439108-9835-38fe-8ee2-1226a355cfba,NEWTON WELLESLEY CENTER FOR ALZHEIMER'S CARE,WELLESLEY,MA,24822837,42.2964859,-71.2925571,0.0,110,Valid
ba5db88e-396b-39a6-9a0a-e9791bc709b7,BEAR MT ANDOVER LLC,ANDOVER,MA,18105606,42.6390425,-71.15835003183432,0.0,3,Valid
69d4b208-8ef3-3f98-aea1-ae44596db563,ALLIED HOME HEALTH CARE  INC.,QUINCY,MA,21694511,42.25284595,-70.99994421220092,0.0,3,Valid
fd938c9f-a355-3ec7-96f8-516240ea1ba2,BEACON HOSPICE LLC,PLYMOUTH,MA,23604842,41.7664657,-70.7266525,0.0,3,Valid
0506a7b9-05cd-32d6-a687-7589e67f8587,MEADOWS OF CENTRAL MASSACHUSETTS (THE),ROCHDALE,MA,15421305,42.2020225,-71.89891616754682,0.0,4,Valid
edd58f69-ad5f-346b-b1f9-530ccdc895f6,RISE ABOVE WELLNESS HEALTH SERVICES LLC,ATTLEBORO,MA,27032472,41.9369576,-71.27996091755344,0.0,227,Valid
94ac48ba-e215-3ab9-ba88-a0b926d29cef,MEDFORD REHABILITATION AND NURSING CENTER,MEDFORD,MA,21552311,42.421527,-71.11834,0.0,60,Valid
0334ad53-5d57-384e-a411-63b075139c06,SACHEM CENTER FOR HEALTH & REHABILITATION,EAST BRIDGEWATER,MA,23331913,42.03160525,-70.9572577506426,0.0,136,Valid
069b90f9-309b-35e4-b990-d1dbacb962cc,MONT MARIE REHABILITATION & HEALTHCARE CENTER,HOLYOKE,MA,10402749,42.16975305,-72.63488031242107,0.0,115,Valid
b3f4de6b-901d-3856-ba81-35dc48a63d17,BLUEPRINT HEALTHCARE LLC,NORTH ANDOVER,MA,18455079,42.6734518,-71.1268776,0.0,149,Valid
4ba48ef6-19f2-3177-bfaf-096daaebf26a,SOUTH SHORE HEALTH CARE INC,BRAINTREE,MA,21845328,42.2064195,-71.005067,0.0,101,Valid
d087a353-12da-3785-b121-fb1291f8a721,CARE4US WELLNESS CENTER LLC,WORCESTER,MA,16052430,42.287673653061226,-71.80890779591836,0.0,41,Valid
e5ce3b83-f5e6-308d-aa64-82539fc2d906,FIRST CHOICE HEALTHCARE  INC.,BROOKLINE,MA,24451922,42.33728028715071,-71.14536064081996,0.0,5,Valid
90044527-f49c-3399-b978-7f64914e8f5e,ST JOHNS NURSING HOME INC,NEW BEDFORD,MA,27404933,41.630276,-70.92928239809834,0.0,1,Valid
2c2e6afc-9578-3ba5-bb12-eed97d3a823b,BEAR MT MATTAPAN LLC,MATTAPAN,MA,21262210,42.2699017,-71.09061872585616,0.0,2,Valid
8ce066ae-10ad-3679-9272-387e8cb21947,NEWBURYPORT FAMILY PRACTICE P.C.,NEWBURYPORT,MA,19503928,42.80038345,-70.87664535540449,0.0,99,Valid
8395b012-c9c6-3b96-a7f9-edd24c9a3006,PLYMOUTH REHABILITATION & HEALTH CARE CENTER,PLYMOUTH,MA,23602945,41.9432166,-70.6595797,0.0,1,Valid
f438b8e0-d856-328a-b193-2b014fc4cb97,D'YOUVILLE SENIOR CARE,LOWELL,MA,18541913,42.64591185,-71.36487149058269,0.0,56,Valid
a2047ff6-62f2-34d7-beb9-7e164d989c75,RECUPERATIVE SERVICES UNIT-HEBREW REHAB CENTER,ROSLINDALE,MA,21311011,42.29768,-71.130463,0.0,17,Valid
936ceb96-2b12-371f-aa68-ee02a9c06f4c,PRIMARY CARE NORTH PC,LYNN,MA,19043124,42.47049745,-70.96003668151566,0.0,806,Valid
5d0d1d11-dd8a-3d28-b029-93062b6798a5,BEAUMONT AT UNIVERSITY CAMPUS,WORCESTER,MA,16052324,42.27966095,-71.7626143755108,0.0,22,Valid
dfcd78f1-f67e-321d-84e3-f658c482c474,PLEASANT BAY HEALTH AND WELLNESS CENTER LLC,BREWSTER,MA,26312550,41.737807,-70.0036669,0.0,167,Valid
51759ecf-0948-3f61-b8fc-09dd8f2b90a1,FAIRVIEW COMMONS NURSING & REHABILITATION CENTER,GREAT BARRINGTON,MA,12301108,42.207865,-73.360405,0.0,15,Valid
a855314b-4fb5-37fc-8015-5caa96c928b1,BAYSTATE MEDICAL CENTER INC.,SPRINGFIELD,MA,11991001,42.12152205,-72.60300615153007,0.0,1269,Valid
48a6d3ab-50ef-349e-8945-2558a78f378e,SAINT ANNE'S HOSPITAL,SWANSEA,MA,27774114,41.730919,-71.208117,0.0,16,Valid
0a8a4b11-d0b8-3cd2-92cd-983de5189cfa,LIFE CARE CENTER OF THE NORTH SHORE,LYNN,MA,19021574,42.47859105,-70.93458444045801,0.0,155,Valid
d3fe08e0-6fdc-36bc-8f88-c8b7654cdcd8,TRINITY HOSPICE LLC,WORCESTER,MA,16071766,42.211685200000005,-71.7968399931798,0.0,1,Valid
bea92616-0fee-39b9-9a23-42c6fd899f35,ERLIN MANOR NURSING HOME INC,TEWKSBURY,MA,18762666,42.61292480142526,-71.24215126690858,0.0,3,Valid
7b7ce654-a413-37d1-9d34-97240c0ac580,WOONSOCKET URGENT CARE PC,BELLINGHAM,MA,20192532,42.025037350000005,-71.48945118224057,0.0,43,Valid
95b01a7c-e16a-37d4-b354-c404baa00203,BERKSHIRE PLACE,PITTSFIELD,MA,12016824,42.440485002637104,-73.25677853480586,0.0,8,Valid
929528f5-8239-36c7-aacb-39424ede9cc5,KIMBALL FARMS NURSING CARE CENTER,LENOX,MA,12402018,42.35951405,-73.28778674276077,0.0,39,Valid
f1c6e386-ed52-3f97-a2b0-4e21ad2d0966,TAUNTON MEDICAL CENTER  PC,TAUNTON,MA,27803201,41.9028629,-71.09718927122583,0.0,74,Valid
7b20d1c4-c56b-3647-801c-5e4e13679073,BETH ISRAEL DEACONESS HOSPITAL PLYMOUTH INC,PLYMOUTH,MA,23602183,41.94186605,-70.6455366462985,0.0,766,Valid
880c8804-deb0-35b0-9132-06950118b8b3,BRIARWOOD REHABILITATION & HEALTHCARE CENTER,NEEDHAM,MA,24922914,42.2743931,-71.23662905222776,0.0,21,Valid
df852cb2-9fe0-3c90-87ac-46e5f980ee3b,HOSPICE OF NASHOBA NURSING SERVICE,SHIRLEY,MA,14642907,42.55246265,-71.62383665745185,0.0,30,Valid
281525ef-5743-34a8-9339-66c8b4be6668,NOTRE DAME HOSPICE,WORCESTER,MA,16052376,42.2907683,-71.7649752,0.0,19,Valid
fc22de59-ee81-3c32-98c4-911b8d416110,27 GEORGE STREET OPERATOR LLC,ATTLEBORO,MA,27033105,41.9404181,-71.27282167023935,0.0,1,Valid
3e97ce4f-3ad7-3cea-883f-e2bb4ca89d83,HALLMARK HEALTH URGENT CARE PHYSICIANS LLC,READING,MA,18673270,42.51809619399502,-71.0959083715027,0.0,161,Valid
c60fc3df-9dbd-3f31-a456-41c84490266f,BOURNE MANOR EXTENDED CARE FACILITY,BOURNE,MA,25323902,41.7412166,-70.5989196,0.0,141,Valid
46daa26f-fda5-38a9-9c45-fda430d28fa6,FIDELIS HOSPICE,HAVERHILL,MA,18325721,42.7736752,-71.08561759491305,0.0,6,Valid
c0132cf6-1703-3aad-89b4-cc2f2bbc123e,MARISTHILL NURSING & REHABILITATION CENTER,WALTHAM,MA,24536058,42.3746705,-71.22789736306842,0.0,32,Valid
d5920b72-ac1a-3ec4-81ca-e3b75cb7aadd,Causeway OPC,Boston,MA,2114,42.3665,-71.05931,0.0,822,Valid
4f59f709-8b84-3d27-a04b-c6b7b5544413,HILLTOWN COMMUNITY HEALTH CENTERS INC,AMHERST,MA,10022271,42.3768779,-72.51840280783739,0.0,555,Valid
c4e5b33c-17b8-3f51-a8ba-a327d54e642a,PRIMARY CARE MEDICINE AND PEDIATRICS  LLC,WESTFIELD,MA,10852917,42.1322823,-72.7436679,0.0,292,Valid
36d328a2-68bb-3967-a9bf-00897a7c945f,HANNAH B G SHAW HOME,MIDDLEBORO,MA,23462905,41.869676,-70.873384,0.0,16,Valid
5225cc87-6a30-303c-a882-5f001cee7f0e,MANET COMMUNITY HEALTH CENTER  INC.,QUINCY,MA,21712122,42.27259075,-71.03082765,0.0,86,Valid
6d6ef57e-b2ce-3a69-bacf-4305c51834b0,VISITING NURSE AT HIGHLAND INC,SOMERVILLE,MA,21431507,42.38845955,-71.10666839512322,0.0,2,Valid
f4e522df-a006-344d-9574-15bc985f5bb4,Lowell Outpatient Clinic,Lowell,MA,1852,42.62101,-71.31481,0.0,80,Valid
552ede7f-2ba4-39ef-9217-29d27b89b8a7,LAKEVIEW HOUSE SKLD NRSG  AND RESIDENTIAL CARE FAC,HAVERHILL,MA,18302319,42.7969177,-71.05216081525802,0.0,14,Valid
a079d416-e8fe-3286-8ef3-6d289d7b5ad9,Hyannis Outpatient Clinic,Hyannis,MA,2601,41.651745,-70.294235,0.0,156,Valid
79d49935-bcc0-36ca-920b-45365c367438,SOUTH BOSTON COMMUNITY HEALTH CENTER INC,SOUTH BOSTON,MA,21272245,42.336831,-71.047958,0.0,460,Valid
0f2c58ec-5323-3c0f-9bdf-af0df7eb2a2b,MARIAN MANOR,SOUTH BOSTON,MA,21272642,42.3334312,-71.0494949,0.0,68,Valid
666c3e81-2ec6-3bff-9dcc-a704edd86960,SPECTRUM HHC,LONGMEADOW,MA,11061719,42.0639853,-72.5521444,0.0,9,Valid
680532c8-2661-3b39-875a-b6ec0746ccf5,CHARLES RIVER COMMUNITY HEALTH  INC,ALLSTON,MA,21341124,42.36075595,-71.13397379082869,0.0,162,Valid
cc400ddc-c38d-3604-8d89-cea21555719f,NEEDHAM FAMILY PRACTICE ASSOC. P.C.,NATICK,MA,17603644,42.293559188306446,-71.35158050924959,0.0,174,Valid
51370692-6296-3150-8672-559fc73f964f,BRIGHAM & WOMENS HOSPITAL INC,WEST BRIDGEWATER,MA,23791542,42.0219112,-71.019004,0.0,806,Valid
10dcd91e-6eda-385b-bafb-d5e1ae92dc34,INTEGRATIVE MEDICINE AND HOLISTIC WELLNESS CENTERS LLC,HYANNIS,MA,26013493,41.6523127,-70.32027525205335,0.0,107,Valid
f4712b00-23cd-3adb-8d35-7c4c26030fe6,PEDIATRIC SERVICES OF AMERICA  LLC,SHREWSBURY,MA,15453414,42.28717982692788,-71.7368550102432,0.0,41,Valid
cdc87240-38e9-36f8-959b-706642e01e11,MASSACHUSETTS EYE AND EAR INFIRMARY -,STONEHAM,MA,21803559,42.4814675,-71.0924311,0.0,92,Valid
c6b019eb-28ec-36f6-abf3-bcc4d1d58966,DUTTON FAMILY CARE ASSOCIATES LLP,WAKEFIELD,MA,18802310,42.50403445,-71.07462951514611,0.0,74,Valid
b5b380d2-df21-3389-abf0-08551c7e1f2d,DEVENS TREATMENT & RECOVERY CENTER LLC,DEVENS,MA,14344401,42.5304204,-71.61505519305638,0.0,416,Valid
31e00f85-6909-3d9f-afc6-5ae507ab0c06,BRAINTREE FAMILY PHYSICIAN INC,BRAINTREE,MA,21847324,42.1893694,-70.98451984814267,0.0,433,Valid
dd8f40be-2c90-347a-abf6-c07a5ad4148f,INTERNISTS ASSOCIATED,NEEDHAM,MA,24922520,42.2784618,-71.23770041644639,0.0,114,Valid
06376cbe-4880-384b-b459-7ce3eef36ced,HEALTHFIRST FAMILY CARE CENTER INC,FALL RIVER,MA,27231026,41.6932713,-71.1402431739568,0.0,233,Valid
b3312a2d-37e9-35a8-b50d-6c165c437baa,DIMOCK COMMUNITY HEALTH CENTER  INC,ROXBURY,MA,21191029,42.32030665,-71.09721114916246,0.0,188,Valid
b6717471-7f78-32c4-b1c5-e3a6310553d7,FAMILY MEDICINE ASSOCIATES LLC,TOPSFIELD,MA,1983,42.6375935,-70.9494966,0.0,100,Valid
2836d9ac-c6a6-39d1-8f13-fdf0fc8928f4,TEWKSBURY HOSPITAL,TEWKSBURY,MA,18761950,42.6069472,-71.2180803,0.0,2850,Valid
a2f8d8fe-665e-390f-8b9b-efdc0b14a77c,LOWELL COMMUNITY HEALTH CENTER,LOWELL,MA,18522103,42.6425382,-71.3093946,0.0,126,Valid
126b88f5-592a-3099-a433-c8b933f96d04,VERO HEALTH XIII LLC,SOUTH HADLEY,MA,10752122,42.23920485,-72.5586160752016,0.0,2,Valid
7dddc0c2-9f1d-3e4e-b2f2-fc7e6abbed31,ALTERNATIVE HOME HEALTH CARE  LLC,METHUEN,MA,18446117,42.7334079,-71.13599310716302,0.0,35,Valid
82c72223-f521-3a34-9b9b-4ff366365399,CARNEY HOSPITAL,QUINCY,MA,21691870,42.2509914,-71.0037374,0.0,1241,Valid
7b4c5725-41a1-38e2-8d17-180e0c029fef,PULMONARY & PRIMARY CARE ASSOCIATES OF PLYMOUTH  PC,PLYMOUTH,MA,23603808,41.96037605,-70.67160846967218,0.0,12,Valid
15e26ce3-9006-3ce2-9327-493180a15ec1,CIRCLE OF LIFE FAMILY MEDICINE PC,NORWELL,MA,20611534,42.172231693916025,-70.87836493029226,0.0,30,Valid
b5e6f1bd-c744-3556-9775-5ff8399eea33,CONCORD INTERNAL MEDICINE ASSOCIATES  P.C.,CONCORD,MA,17423829,42.44300895,-71.42458458423982,0.0,109,Valid
423ee6a6-6928-3a01-a49d-9687361747a4,SALEM REHAB CENTER LLC,SALEM,MA,19704267,42.48646565,-70.90338797731044,0.0,2,Valid
7c625dc4-2593-31eb-95fd-6a912832b8bb,BAYADA HOME HEALTH CARE  INC,DEDHAM,MA,20266704,42.228918,-71.18501264023513,0.0,41,Valid
f22bc2ac-f8bd-3f9f-9a40-93db37639d3f,HARBOR HEALTH SERVICES INC,HYANNIS,MA,26011867,41.6747631,-70.29768515601289,0.0,156,Valid
719db77c-034f-3079-9b12-0d2ec2efeef9,SOUTH END COMMUNITY HEALTH CENTER INC,BOSTON,MA,21182006,42.3381394,-71.0748562,0.0,74,Valid
04b252db-4231-3cb5-963d-6f096fb4b97c,DEDHAM MEDICAL ASSOCIATES URGENT CARE CENTER LLC,NORWOOD,MA,20625019,42.194543,-71.1994976,0.0,139,Valid
83579123-f29c-39b8-9f5f-8f79e91683c7,NASH HEALTH CARE PRACTICES LLC,WORCESTER,MA,16061244,42.3138278,-71.7707002,0.0,327,Valid
a94f4f6e-88ad-39ff-a935-dc87f13327b1,LIFE CARE CENTER OF LEOMINSTER,LEOMINSTER,MA,14532073,42.535877150000005,-71.77537115047085,0.0,3,Valid
94f6a3ae-7d8d-3cbc-a788-e400732da7e5,COMMUNITY HEALTH CENTER OF FRANKLIN CO INC,ORANGE,MA,13649603,42.5928702,-72.32953998953418,0.0,7,Valid
e2eab39c-5195-34aa-b35f-e89e37cfed01,SOUTH SHORE HOSPITAL INC.,WEYMOUTH,MA,21893141,42.1755398,-70.9539153674405,0.0,2683,Valid
5d3c5e35-75da-3ec1-98d9-6f83dc4a80a6,KINDRED AT HOME,MARLBOROUGH,MA,17524634,42.3371035,-71.59501277803298,0.0,36,Valid
4fa8411f-42f8-3353-8947-bf15254c9dee,GREENWOOD NURSING & REHABILITATION CENTER,WAKEFIELD,MA,18804039,42.47632115,-71.06922169005762,0.0,15,Valid
ca7b6c37-ddf1-3aa2-8bc4-d96cf3fa2fe6,NOTRE DAME HEALTH CARE CENTER  INC,WORCESTER,MA,16052350,42.2913818,-71.7630578363871,0.0,3,Valid
21989e2e-249c-3b79-acf0-240211e16b4b,WHITTIER STREET NEIGHBORHOOD HEALTH CENTER,ROXBURY,MA,21203432,42.3327398,-71.09194864251029,0.0,50,Valid
a977feef-f585-3fa8-8deb-7e60fc2cab30,HORIZON HOME CARE  LLC,TEWKSBURY,MA,18763128,42.58023655,-71.19367180835906,0.0,65,Valid
b411fd60-9bd5-30f1-99b4-c24a409964a1,WILLOW STREET FAMILY PRACTICE INC,SOUTH HAMILTON,MA,19821808,42.61322825,-70.87300675048934,0.0,87,Valid
73158a24-c079-3fb1-800a-2d7e26d9c566,ST MARYS INTERNAL MEDICINE PC,PEABODY,MA,19602907,42.539944,-70.950156,0.0,84,Valid
22b57e3f-4143-33e6-abb9-e6ff074f1c46,750 WOBURN STREET OPERATING COMPANY  LLC,WILMINGTON,MA,18873480,42.5346051,-71.14953004087923,0.0,4,Valid
1de7e7d9-9a7a-3a3f-bf4c-b4de450711f2,CIRCLE HEALTH URGENT CARE LLC,WESTFORD,MA,18863429,42.564282,-71.42620615382347,0.0,57,Valid
940d491c-ad61-3bd3-9054-d6d884280934,ASHMONT HILL  LLC,DORCHESTER,MA,21221112,42.29394375,-71.06005213312326,0.0,2,Valid
68503514-203a-3202-ac09-ea411c96caec,FALMOUTH WALK-IN MEDICAL CENTER  INC.,TEATICKET,MA,25365625,41.568302200000005,-70.59404025373951,0.0,159,Valid
f52777bd-7313-3b27-8dd5-cd3f87bd3275,WALTHAM WESTON INTERNAL MEDICINE ASSOCIATES  P.C.,WESTWOOD,MA,20902914,42.2139873,-71.2244987,0.0,296,Valid
df3f566c-97e5-31ed-b0fe-4b452666f736,CLASSIC HEALTHCARE MEDICAL GROUP LLC,NEEDHAM,MA,24922477,42.27522125,-71.23743483674366,0.0,200,Valid
05cc5056-7af4-3afb-9a5a-d7a1c23a2509,KINDRED AT HOME,WEST SPRINGFIELD,MA,10892595,42.105237,-72.6213712,0.0,5,Valid
4705a8fd-19cd-32c1-8b3e-34bcfe84d0bd,WELLNESS ON WHEELS PC,NORTH ATTLEBORO,MA,27601607,41.983529,-71.332241,0.0,155,Valid
f5ccbb53-e4a0-32e5-a693-02150497a8f4,SOUTH SHORE INTERNAL MEDICINE ASSOCIATES INC.,MILTON,MA,21863881,42.25070575,-71.07724199194602,0.0,60,Valid
497f39dd-280e-3d58-af5b-c5e3a3a09b10,CAPE COD HOSPITAL INC,HYANNIS,MA,26015230,41.65363635,-70.27352219234834,0.0,3858,Valid
f2a6c4f7-f5b2-361a-95c4-3d635b352a46,LIFE CARE CENTER OF RAYNHAM,RAYNHAM,MA,27671079,41.8984957,-71.03751432894776,0.0,22,Valid
b0762027-dc86-335b-8310-f4f031c1caca,LIFE CARE CENTER OF WEST BRIDGEWATER,WEST BRIDGEWATER,MA,23791517,42.01302315,-71.05345585281756,0.0,1,Valid
eaaf102d-0188-3a69-a751-030645e2a7b0,TREMONT HEALTH CARE CENTER,WAREHAM,MA,25711031,41.76766153042966,-70.73096212925822,0.0,12,Valid
578b56de-fe9c-32e1-aea4-876f8bc01e9c,DR JOHN C CORRIGAN MENTAL HEALTH CENTER,FALL RIVER,MA,27205211,41.707406500000005,-71.14593659462452,0.0,583,Valid
0d7fd824-1c7b-3f8b-a662-f6c2005e82e1,OVERLOOK MASONIC HEALTH CENTER,CHARLTON,MA,15071394,42.1389039,-71.9782681,0.0,156,Valid
ed0c5b98-dc8a-3fc9-9856-61f1a1c75b11,SHREWSBURY NURSING & REHABILITATION CENTER INC,SHREWSBURY,MA,15453010,42.29191827853838,-71.70343631978118,0.0,4,Valid
a525d084-5a8f-3859-a048-2130a4092ec8,BAYADA HOME HEALTH CARE  INC,MARLBOROUGH,MA,17521976,42.34042135,-71.57841367654626,0.0,18,Valid
accb8cdd-6560-3fef-b0a6-f12c3295026a,LIFE CARE CENTER OF ATTLEBORO,ATTLEBORO,MA,27035115,41.9266899,-71.2611303145582,0.0,83,Valid
792f1ce2-3420-3f91-bd8c-ce680ef4c5d2,SOUTH SHORE MEDICAL INVESTORS LLC,SCITUATE,MA,20661905,42.1766448,-70.74318482072749,0.0,2,Valid
6618f4ef-656a-347f-b61e-ed4d6c21763a,ZAHEEN MEDICAL CENTER LLC,NORTH ANDOVER,MA,18451620,42.70554405,-71.12856345,0.0,210,Valid
83445caa-116b-3a1e-a75e-8104d321c4c3,LIGHTHOUSE PRIMARY CARE PC,NORTH READING,MA,18641326,42.5967338,-71.11988300141903,0.0,187,Valid
7445ae34-b648-3d3a-b8cf-0eb630061b6e,CARING HOSPICE SERVICES OF MASSACHUSETTS  LLC,WEST ROXBURY,MA,21324338,42.2792649,-71.1494972,0.0,7,Valid
a2df2aea-9c53-31f4-baea-02ea5ea1e553,BUCKLEY-GREENFIELD HEALTHCARE CENTER,GREENFIELD,MA,13013106,42.58163075,-72.61795013515538,0.0,7,Valid
390a2aa4-70b4-3a64-a12f-9bd777834c8d,OUTER CAPE HEALTH SERVICES INC,HARWICH PORT,MA,26461931,41.669654699920855,-70.06169919459835,0.0,196,Valid
b52544d0-e4d4-37b4-a0cc-cd31ce2ad580,EDGEWOOD RETIREMENT COMMUNITY  INC.,NORTH ANDOVER,MA,18451975,42.700032750000005,-71.10447421114826,0.0,2,Valid
d0e8679a-02c2-31bb-9d6f-4073835a6b1e,FOREMOST AT SHARON LLC,SHARON,MA,20671099,42.1420704,-71.19701120843712,0.0,1,Valid
18a96051-91f4-3cba-af96-056ea14dfee0,ANNA JAQUES HOSPITAL SUBACUTE UNIT,NEWBURYPORT,MA,19503872,42.81369325,-70.89091645747592,0.0,1081,Valid
c5d5a544-0277-342f-8422-d30848a82438,FAMILY SERVICE ASSOCIATION OF GREATER FALL RIVER INC,FALL RIVER,MA,27203201,41.70365955,-71.15259151299796,0.0,15,Valid
c2e93fb4-abf2-3210-b6ec-4d1ecb2b76f0,HAVERHILL FAMILY OFFICE LLC,HAVERHILL,MA,1830,42.76512700000001,-71.04617174286321,0.0,51,Valid
e1d085f0-8179-3ead-89e0-55e21a2f1649,ELMWOOD HOME CARE INC,ATTLEBORO,MA,27033258,41.9438129,-71.2806515,0.0,11,Valid
1ab2b5f9-cb95-3236-beec-9b9d4a407c61,BERKSHIRE MEDICAL CENTER INC,PITTSFIELD,MA,12014109,42.4600752,-73.2492795834909,0.0,545,Valid
07ae483b-b351-3add-8b05-afba832b88ea,STONEHEDGE HEALTH CARE CENTER,WEST ROXBURY,MA,21321506,42.2879347,-71.15108161583282,0.0,15,Valid
ec509895-6196-36d1-b91e-272bed7e6196,CHARLES RIVER COMMUNITY HEALTH  INC,ALLSTON,MA,21342406,42.3521617,-71.1375176,0.0,36,Valid
4f27686f-c8aa-3dd8-b272-f98bb903b3d7,BEAR MT STOUGHTON LLC,STOUGHTON,MA,20723762,42.10978265,-71.07043286195213,0.0,2,Valid
a43fd704-ddbc-3f63-b3a0-e97c5d42ab5e,BLUPOINT MANAGEMENT II LLC,WHITINSVILLE,MA,15881016,42.1216837,-71.6715608,0.0,2,Valid
1bed5229-19d7-3168-94a2-f1f2abb00270,MORTON HOSPITAL  A STEWARD FAMILY HOSPITAL  INC.,TAUNTON,MA,27802465,41.9062805,-71.09518121351795,0.0,82,Valid
41e2a44c-477c-3511-96f9-12c476aa3b6a,DR SOLOMON CARTER FULLER MENTAL HEALTH CENTER,BOSTON,MA,21183553,42.3362771,-71.07085295687423,0.0,1823,Valid
f00601d0-d49e-30ed-bc3e-314379f2103e,MELROSE FAMILY OPTICIANS LLC,MELROSE,MA,21763841,42.4550741,-71.0654799,0.0,222,Valid
9d41e4fc-9507-3ddb-82ad-966046fca031,ODD FELLOWS HOME OF MASSACHUSETTS,WORCESTER,MA,16062465,42.29955605000001,-71.79838133819244,0.0,26,Valid
71a1e089-024e-3255-a536-9204586fa4fc,MAPLEWOOD MAYFLOWER PLACE SNF LLC,WEST YARMOUTH,MA,26733200,41.6501114,-70.2411312,0.0,3,Valid
5b0cd0a0-f277-3a66-bee6-d64b5be4a3f5,BERKSHIRE MEDICAL CENTER INC - 1,PITTSFIELD,MA,12015493,42.4600752,-73.2492795834909,0.0,844,Valid
edbb9e9c-3440-3b38-abfc-83a8f0b6bebc,BEAR MT FALL RIVER LLC,FALL RIVER,MA,27232315,41.70179473202871,-71.13310371798859,0.0,8,Valid
c8c30d67-e7cc-30ab-972d-28e97aff18a7,FATHERS UPLIFT FAMILY GROUP LLC,BOSTON,MA,21242012,42.3279429,-71.0831806,0.0,63,Valid
79a06fd6-9f2b-35e3-9b11-0bc5ff89e17c,Lynn Community Based Outpatient Clinic (CBOC),Lynn,MA,1904,42.470093,-70.95994,0.0,955,Valid
fbc9efe8-4c66-37e5-9079-2015a5e6dd85,MAPLES REHABILITATION AND NURSING CENTER LLC,WRENTHAM,MA,20931349,42.06277713070037,-71.32544828485624,0.0,1,Valid
4956f573-3dc2-3a67-9692-2f57451744e6,RESERVOIR CENTER FOR HEALTH & REHABILITATION  THE,MARLBOROUGH,MA,17523912,42.35966285,-71.55290125539051,0.0,175,Valid
69195f53-626c-3031-b4de-d0b206f75d8c,LUTHERAN HOME OF JAMAICA PLAIN INC,BOSTON,MA,21303353,42.306401050000005,-71.10237442688054,0.0,2,Valid
b44955d1-f0e2-3beb-a013-708a81dbe430,SIGNATURE HEALTHCARE MEDICAL GROUP INC,WEST BRIDGEWATER,MA,23791600,42.0219112,-71.019004,0.0,87,Valid
363631be-d437-3548-98c2-d10b909c1721,SEA VIEW CONVALESCENT AND NURSING HOME,ROWLEY,MA,19691026,42.73718535100735,-70.88053187301136,0.0,42,Valid
c0e23859-5a95-3aa0-8c3b-0143df64f507,ROYAL WAYLAND NURSING HOME LLC,WAYLAND,MA,17785027,42.3187271,-71.36211489369597,0.0,1,Valid
c1986c0c-f756-3596-8f90-08adacf220fe,CHESTNUT WOODS REHABILITATION AND HEALTHCARE CTR,SAUGUS,MA,19061605,42.4573919,-70.9918055,0.0,195,Valid
ad2dab07-4f85-3950-baaa-7c7cd2aa770c,UNIVERSITY OF MA MED CTR-ESRD,WORCESTER,MA,16550002,42.2774799,-71.76166994969458,0.0,804,Valid
18b1bb7e-2f93-3253-a7ae-d19c13ffeaa1,GARDEN STATE HEALTHCARE ASSOCIATES LLC,WEST NEWBURY,MA,19854201,42.8014795,-70.989778,0.0,200,Valid
67d2f85b-ddc7-3ed0-b90b-6fa5b7b8358a,CHARLES RIVER COMMUNITY HEALTH  INC,WALTHAM,MA,24538313,42.37050535,-71.21908334877376,0.0,180,Valid
78eb7e47-26d6-37d4-8e01-5eabfc9d068f,FOLEY FAMILY PRACTICE  P.C.,ATHOL,MA,1331,42.58312735,-72.2583516123911,0.0,28,Valid
514c9360-e5ed-3ba7-ba3c-15b249c097d0,272 WASHINGTON STREET OPERATOR LLC,GLOUCESTER,MA,19304818,42.624039100000005,-70.67854005962928,0.0,2,Valid
1d45436f-15a9-326e-a452-2e9ffc9fc5e5,FAMILY MEDICINE ASSOCIATES,WESTFIELD,MA,10851832,42.11142885,-72.71189899299209,0.0,212,Valid
ce89d7ed-54eb-3eae-881a-15df8e631c47,BEACON HOSPICE  AN AMEDISYS COMPANY,LEOMINSTER,MA,14533276,42.5267443,-71.7614891,0.0,19,Valid
0d9b0d22-585e-3fd8-ab02-26b5be7915d1,THE SHRINERS HOSPITAL FOR CHILDREN,SPRINGFIELD,MA,11042330,42.12133575,-72.59217953646302,0.0,1355,Valid
e4dbbb2f-5a51-341d-b5a5-dd91b968b217,ROYAL NORWELL NURSING & REHABILITATION CENTER LLC,NORWELL,MA,20611737,42.16319935,-70.86354427737673,0.0,2,Valid
d3335d07-2a2c-35d7-9b87-c022393b6793,VICTORIA HAVEN NURSING FACILITY,NORWOOD,MA,20622009,42.1930792,-71.20868232395514,0.0,57,Valid
0d1570ab-371c-3898-9397-95905d8c5166,TUFTS MEDICAL CENTER  INC,BOSTON,MA,21111552,42.3499038,-71.0631836,0.0,956,Valid
1853aeef-5897-326a-80d6-aa4b0459eb6d,BARRINGTON URGENT CARE PC,ATTLEBORO,MA,27032247,41.9438129,-71.2806515,0.0,363,Valid
4b7e26e6-e5b1-38c9-b4ac-fde9a0f93177,FATHER BILL'S PLACE,QUINCY,MA,21694604,42.2560352,-70.99469254391217,0.0,88,Valid
93552c27-f173-385f-8849-ee56c25f638b,SOMERSET LONG TERM CARE LLC,GREENFIELD,MA,13012617,42.6033006,-72.58135309677492,0.0,1,Valid
a874a173-73c8-36f3-a63e-12bdc9f5cf0c,GORDON OPERATING COMPANY LLC,FAIRHAVEN,MA,27194451,41.6653607,-70.90239993216616,0.0,1,Valid
f3030ee3-dfa5-3595-b684-9769e52a580a,OVERLOOK HOSPICE SERVICES,WEST SPRINGFIELD,MA,10891357,42.105237,-72.6213712,0.0,22,Valid
94dda4e1-7476-367a-b1f8-37ea7f61a1b7,WHITTIER REHABILITATION HOSPITAL - BRADFORD,WESTBOROUGH,MA,15811017,42.2694308,-71.6129907,0.0,146,Valid
01bb7b5c-f850-3c4e-a3f1-442d8273559a,NORTHAMPTON WELLNESS ASSOCIATES LLC,NORTHAMPTON,MA,10603914,42.3150543,-72.62555561349089,0.0,88,Valid
22fa6d28-92b6-3446-a388-f5aba50debaf,CHELSEA JEWISH VISITING NURSE AGENCY,CHELSEA,MA,21504019,42.3917638,-71.0328284,0.0,62,Valid
8a87ef73-eaa2-340a-bec5-c3cef01ef836,BEAR MT WESTFORD LLC,WESTFORD,MA,18863511,42.5568147,-71.43463308318695,0.0,1,Valid
2ca615f3-87f7-3283-a447-d919a883b676,HANOVER FAMILY HEALTH & URGENT CARE PC,HANOVER,MA,23391653,42.1441354,-70.8440854,0.0,175,Valid
c0a33465-d309-3d2a-932e-9d554a7cc19c,T MASSACHUSETTS  LLC,WORCESTER,MA,16061244,42.3138278,-71.7707002,0.0,1174,Valid
0583e4f7-f1c2-3100-8e0c-d0decc7ef261,COMMUNITY HEALTH CENTER OF CAPE COD  INC.,BOURNE,MA,25323890,41.72840155,-70.58506829999999,0.0,73,Valid
689f8809-c101-38db-b3c9-580b4c37f268,VINEYARD MEDICAL CARE LLC,VINEYARD HAVEN,MA,25685624,41.44720825,-70.61474940346154,0.0,28,Valid
7f32dd7d-5c35-3ddb-839b-8fbbb930d412,ST PATRICK'S MANOR,FRAMINGHAM,MA,17014813,42.30758060362541,-71.42846215724606,0.0,36,Valid
51d38e67-9350-39b8-bbb3-91cc879ae415,HIGHLANDS  THE,FITCHBURG,MA,14201932,42.59825485,-71.80841914533654,0.0,58,Valid
80646050-1c76-3046-bbc8-fd5f0b7c34e6,COMMUNITY HEALTH CONNECTIONS  INC,FITCHBURG,MA,14201369,42.5903661,-71.8119837,0.0,137,Valid
0a689d33-2b0d-3942-8de8-e28812e91c69,MEASURED WELLNESS LLC,BROOKLINE,MA,24463806,42.3317642,-71.1211635,0.0,113,Valid
cac6f8b3-eafd-31b3-9fa3-8015752ccc2c,VHS ACQUISITION SUBSIDIARY NUMBER 7 INC,WORCESTER,MA,16081216,42.26496835,-71.79655403681465,0.0,73,Valid
e02d9c87-52cb-3f3c-9f97-fe95f260c437,OLD COLONY HOSPICE  INC,WEST BRIDGEWATER,MA,23791022,42.0338457,-71.05496436428572,0.0,8,Valid
6e517750-a29e-3170-a02b-5733ff523458,TREE OF LIFE HEALTHCARE ASSOCIATES,WORCESTER,MA,16091275,42.3030701,-71.8333408960994,0.0,50,Valid
d36eba4a-0dfb-3a26-b9fe-eb74594bbe3c,PARSONS HILL MA SNF LLC,WORCESTER,MA,16031550,42.2416259,-71.85047518091996,0.0,5,Valid
bb867d36-0c8d-33b4-b19c-a8c026655b6c,THE NORTHEAST HEALTH GROUP  INC,SPRINGFIELD,MA,11042532,42.12161175,-72.57784860231564,0.0,2,Valid
1b3fe590-8793-3f08-865d-01fc425a84d4,FENWAY COMMUNITY HEALTH CENTER  INC,BOSTON,MA,22154302,42.34392675,-71.09888049065322,0.0,329,Valid
0be0e035-8dad-387e-bbdd-a5a469c4311f,PODIATRY HEALTHCARE P.C.,DANVERS,MA,19234065,42.584178050000006,-70.97197467750539,0.0,97,Valid
3f12ebb4-e03c-3453-88d2-4fc9682383df,NEW BEDFORD INTERNAL MEDICINE & GERIATRICS  LLC,NORTH DARTMOUTH,MA,27473603,41.6389926,-70.9703171,0.0,359,Valid
a9fc7aa5-d3b3-314d-9cf7-af29051d3dd9,MANET COMMUNITY HEALTH CENTER  INC AT HOUGHS NECK,TAUNTON,MA,27803960,41.8946107,-71.11113,0.0,89,Valid
477c3c1a-ba1a-3102-8a91-56624ba236e4,SUDBURY PINES EXTENDED CARE FACILITY,SUDBURY,MA,17763302,42.36142375,-71.44123077142632,0.0,3,Valid
9c9d017c-0a4d-3e03-9802-4d310ea05c71,NEB OPERATOR LLC,BOSTON,MA,21091402,42.3624395,-71.05377386223965,0.0,5,Valid
8ec2ca51-abb4-35dd-b90f-6c6aad6d2124,ALLIANCE HEALTH AT ROSEWOOD,PEABODY,MA,19602311,42.54644385,-70.99288129112277,0.0,10,Valid
ea468462-3080-302e-b405-9127a396c310,NORTHEAST PROFESSIONAL REGISTRY OF NURSES  INC.,WOBURN,MA,18013200,42.4792618,-71.1522766,0.0,1,Valid
8af3b144-0e1a-3c90-937d-81a4ed026080,NORWOOD HOSPITAL,NORWOOD,MA,20623489,42.1886973,-71.2005241,0.0,449,Valid
02f1998b-3ff7-385f-89ce-642d33b01d5c,FAIRVIEW HOSPITAL,NORTH ADAMS,MA,12472504,42.70714585,-73.10965876407255,0.0,38,Valid
9fdce5d5-d4d0-3156-a8d5-8757bfe4e9b3,ONE CALL HEALTHCARE PLLC,ARLINGTON,MA,24742866,42.42405225,-71.16792616556859,0.0,262,Valid
86f41096-d81f-3e26-b770-b26adc017d3e,SOUTH COVE MANOR NURSING & REHABILITATION CENTER,QUINCY,MA,21695523,42.24983615,-70.9902487341626,0.0,16,Valid
6d086663-b8a4-3706-a21f-af1f6819b39f,WEBSTER MA SNF LLC,WEBSTER,MA,15702924,42.03704065,-71.88227315294127,0.0,2,Valid
a35fd733-dc1a-33f0-a308-292ff5581287,PIONEER VALLEY INTERNAL MEDICINE  PC,FLORENCE,MA,10621491,42.335654,-72.663286,0.0,51,Valid
b014aec7-7bd8-351f-8808-3e280cbc5be6,STEWARD HOLY FAMILY HOSPITAL INC,HAVERHILL,MA,18306700,42.7777829,-71.0767724,0.0,455,Valid
b3b56527-d366-3353-bca9-266a12f23051,LYDIA TAFT HOUSE,UXBRIDGE,MA,15691628,42.06100105,-71.62352848737622,0.0,21,Valid
f1664435-2eca-3eff-bd1a-13701e7ad1bd,STANFORD HEALTH CARE,NEWTON,MA,24592058,42.3370414,-71.2092214,0.0,226,Valid
125eccb3-d003-34ea-9bd8-360dff059782,NEW ENGLAND BAPTIST HOSPITAL,DEDHAM,MA,20266146,42.2489143,-71.1755732,0.0,782,Valid
c5742266-625d-3824-9ed3-4b5c6bc3e296,SPECTRUM HEALTHCARE PARTNERS PA,SCITUATE,MA,20664312,42.1939754,-70.7697128,0.0,336,Valid
285c9778-34c9-33b3-bf04-bf73cf567619,ACCESS HOMECARE SERVICES INC,RANDOLPH,MA,23683064,42.1871612,-71.0568102,0.0,8,Valid
52323856-2b6a-3c09-8277-7d4ff9cb325a,PARK  MARION AND VERNON STREETS OPERATING COMPANY LLC,BROOKLINE,MA,24464406,42.3398029,-71.1238599,0.0,1,Valid
b242f971-3c74-3778-b148-81366c1e6a3f,WALDEN BEHAVIORAL CARE LLC,DEDHAM,MA,20266149,42.2270762,-71.17237295563174,0.0,259,Valid
a8a4e435-687f-3ecb-9af8-09b4636d1a1a,CAPE COD FREE CLINIC AND COMMUNITY HLTH CTR,MASHPEE,MA,26496507,41.60736455,-70.49065684933157,0.0,107,Valid
99a31e4a-04aa-334b-9e96-904f01483d93,SPAULDING NURSING AND THERAPY CENTER BRIGHTON  INC.,ALLSTON,MA,21341928,42.3536388,-71.1375978,0.0,3,Valid
e8d0fea4-45cb-32d3-8798-0fe6156c4409,265 ESSEX STREET OPERATING COMPANY  LLC,BEVERLY,MA,19151958,42.56513015,-70.86168781456092,0.0,3,Valid
b93ffa11-ffab-3fe0-8c28-657817801192,VERO HEALTH XII LLC,WILBRAHAM,MA,10951730,42.1500186,-72.42537320933242,0.0,5,Valid
e5b9db6a-8dd8-3622-b9ce-3dc593e111d1,ENGRACE HEALTHCARE PRACTICE LLC,BROOKLINE,MA,24465332,42.3430087,-71.1170155,0.0,163,Valid
36c8b677-a6ce-3266-b71e-ed86d778d0fa,WESTBOROUGH BEHAVIORAL HEALTHCARE HOSPITAL  LLC,WESTBOROUGH,MA,15813900,42.28350315,-71.58027718702151,0.0,268,Valid
e92dad8b-f485-315a-8fc4-1d7adfdc9c00,NORTHEAST BEHAVIORAL HEALTH LLC,DARTMOUTH,MA,27471242,41.676111381167445,-70.98788528176077,0.0,229,Valid
51e96f40-2058-378a-b3bd-d83c50d5cbcb,TENDER LOVING CARE HEALTH CARE SERVICES OF NEW ENGLAND  LLC,PLYMOUTH,MA,23602480,41.75001,-70.632075,0.0,41,Valid
6929d249-cc27-33aa-a871-b6f26059615d,MARTHA'S VINEYARD HOSPITAL INC,OAK BLUFFS,MA,25571406,41.4538523,-70.5684713,0.0,280,Valid
dd23b7d3-7275-3140-a984-1bfb9b8c4da1,GERIATRIC INTERNAL MEDICINE SPECIALISTS  LLC,NEW BEDFORD,MA,27441052,41.6362152,-70.934205,0.0,32,Valid
aad05540-c9cb-3805-b3c4-f9b9d9b42b2e,RIVER'S EDGE PRIMARY CARE LLC,CHICOPEE,MA,10206306,42.15577479530052,-72.55672263289513,0.0,978,Valid
1aa9084e-2b86-3d6e-93ab-dbe6d4dda601,CARLETON-WILLARD VILLAGE RETIREMENT & NURSING CTR,BEDFORD,MA,17301267,42.49990575,-71.25668964877971,0.0,2,Valid
2e73956a-942f-36f3-b88c-f88e782e578f,COMPASSUS - SOUTHERN MASSACHUSETTS,NORTH ANDOVER,MA,18456138,42.66154705,-71.10774565195425,0.0,7,Valid
2987ddf5-7ff2-3e4a-9e25-d654a10313fd,THOMAS UPHAM HOUSE,MEDFIELD,MA,20522522,42.18620965,-71.30745495273302,0.0,15,Valid
ce3b504c-f15c-3bcf-ba6e-dcb551cc7d7f,BOSTON HEALTH CARE FOR THE HOMELESS PROGRAM INC,BOSTON,MA,21182711,42.33240995,-71.06915010706255,0.0,42,Valid
eea92149-820f-301f-911e-b170e8312842,ST VINCENT HOSPITAL,WORCESTER,MA,16102177,42.26496835,-71.79655403681465,0.0,348,Valid
19a3afba-b409-3650-a0ab-f3faf6e391ef,ASSOCIATED PHYSICIANS OF HARVARD MEDICAL FACULTY PHYSICIANS AT BETH IS,WALTHAM,MA,24511433,42.3756401,-71.2358004,0.0,568,Valid
0e9d0119-1157-35a0-8bb5-7e0aa3041928,CARING HEALTH CENTER  INC,SPRINGFIELD,MA,11032114,42.09977055,-72.58470990760483,0.0,183,Valid
5de0661c-5943-365b-93c7-8ab84e1df09c,PHILLIPS MANOR LLC,LYNN,MA,19051638,42.4703546,-70.964796190519,0.0,6,Valid
76b7dbb5-0a02-32a4-9a01-3511f7e45016,CARDIGAN NURSING & REHABILITATION CENTER,SCITUATE,MA,20663746,42.1806871,-70.74862935148246,0.0,101,Valid
83a08dcf-7ed6-3d2e-afc0-a72c05d2563c,GREATER LAWRENCE FAMILY HEALTH CENTER INC,HAVERHILL,MA,18302166,42.797835,-71.0878121,0.0,77,Valid
db0c12e5-ff76-3946-9704-349e4ffb47c3,INTERNATIONAL HEALTH SOLUTIONS  INC,SPRINGFIELD,MA,11043252,42.1429078,-72.5311999887646,0.0,25,Valid
b826cbda-f69b-32d0-9e6e-edcb80f692bb,HILLCREST COMMONS NURSING & REHABILITATION CENTER,PITTSFIELD,MA,12013042,42.45821049070386,-73.27683573566691,0.0,16,Valid
25c85bcc-7e25-36bc-89e8-08e0d473db23,A&A HEALTHCARE LLC,MILFORD,MA,17573272,42.1270746,-71.51639128815474,0.0,319,Valid
b90ee64e-4559-32db-97d7-0341740a71f1,PRIMARY PHYSICIAN PARTNERS,WORCESTER,MA,16081216,42.26496835,-71.79655403681465,0.0,124,Valid
c9aabcbd-d4e0-391f-8980-d0be6934ea82,VIGILANT FAMILY HEALTH CLINIC  INC.,BROCKTON,MA,23013236,42.08764334999999,-71.03287346676532,0.0,343,Valid
d9b71ccf-6649-3555-9e99-44eac0af257f,SERENITY HILL NURSING CENTER,WRENTHAM,MA,20931135,42.084901,-71.30689224201797,0.0,32,Valid
f692f508-aa5e-3060-b98a-23165e5aa12f,ENCOMPASS HEALTH HOME HEALTH,NORWOOD,MA,20624692,42.194543,-71.1994976,0.0,9,Valid
c4ac39af-31c3-3e1b-bd95-faa239bce600,ATLANTIC COASTAL WELLNESS INC,WEST YARMOUTH,MA,26734717,41.6514493,-70.24627055149762,0.0,66,Valid
81991e0d-8034-36c8-be5c-624b44cb67de,76 NORTH STREET OPERATOR LLC,MIDDLEBORO,MA,23461619,41.9014651,-70.91375666607357,0.0,3,Valid
2f5c26cd-be8d-351a-97af-23fbcaba0967,BETH ISRAEL DEACONESS HOSPITAL PLYMOUTH INC,PLYMOUTH,MA,23607320,41.978323,-70.689036,0.0,4,Valid
6ff4bb75-c014-3f73-a574-620cf1538d85,MERCY FAMILY PRACTICE PC,GARDNER,MA,1440,42.586896550000006,-71.98672640006858,0.0,43,Valid
e68de1a0-767e-3466-b9a6-43948ee073d3,GOOD SHEPHERD COMMUNITY CARE,NEWTON,MA,24593302,42.29337605,-71.19806353028767,0.0,102,Valid
2fb77691-5353-358a-bc94-90af77dd654b,NASHOBA VALLEY MEDICAL CENTER  A STEWARD FAMILY HOSPITAL INC,AYER,MA,14321168,42.57735215,-71.57414587343038,0.0,62,Valid
ede8251b-e165-3ef6-b8a0-305217ba8e88,SUBURBAN INTERNAL MEDICINE  INC.,LEE,MA,12389316,42.29155405,-73.28210389651024,0.0,47,Valid
f002fb4c-544a-3139-b3f1-439864d5474a,OC SAUGUS CENTER LLC,SAUGUS,MA,19063037,42.44952884999999,-70.99452689295308,0.0,8,Valid
d6c165ec-d9ca-35a5-9bc8-2061cbfb83a2,CHELMSFORD FAMILY PRACTICE  PC,NORTH CHELMSFORD,MA,18631780,42.6389249,-71.3840196,0.0,169,Valid
cbebae9e-f95e-3d2c-9712-289ea8d6aeec,ARBOUR HOSPITAL  THE,QUINCY,MA,21698130,42.2509914,-71.0037374,0.0,532,Valid
1cec4304-9757-3a10-ad4f-7e2090c56131,UMASS MEMORIAL MEDICAL CENTER INC,WORCESTER,MA,16550002,42.2774799,-71.76166994969458,0.0,795,Valid
82ed13dd-9643-31e1-a56c-ff9a28a9d671,BLUE HILLS THERAPEUTICS INC.,FORESTDALE,MA,2644,41.713592,-70.4889162,0.0,30,Valid
5862e05c-9533-3f7a-8f73-215d50f5ee2f,HEBREW REHABILITATION CENTER,ROSLINDALE,MA,21311000,42.29768,-71.130463,0.0,404,Valid
ec7e487e-7e78-3eac-a9ee-37f8de98a0f9,COLONY CENTER FOR HEALTH & REHABILITATION,ABINGTON,MA,23512489,42.10060947239023,-70.94967338146704,0.0,30,Valid
ad482681-b4c4-3fce-ac59-78c83d31b0ba,BEAR MT FRANKLIN LLC,FRANKLIN,MA,20383903,42.08345955,-71.38413379825735,0.0,3,Valid
a8f1424c-00bc-3403-8db5-cd600978f3a4,CONNECTICUT RIVER INTERNISTS. LLP,TURNERS FALLS,MA,13761816,42.6042523,-72.5564777,0.0,89,Valid
55809329-c479-30a9-824e-4768d46c0244,NEW ENGLAND PRIMARY CARE ASSOCIATES P.C.,LAWRENCE,MA,18431780,42.70271530167854,-71.14888290326759,0.0,63,Valid
411f14a5-de79-3e08-81d6-301270cc2275,RHEUMATOLOGY AND INTERNAL MEDICINE ASSOCIATES PC,WILMINGTON,MA,18872179,42.55962465,-71.13772203658047,0.0,125,Valid
471f7ca2-38f8-3080-8109-187c73ec0b1f,SALEM FAMILY HEALTH CENTER,SALEM,MA,19707308,42.51872206831322,-70.88940635956651,0.0,66,Valid
a5577e5c-b886-37a0-8eee-8ff6feb7ea6b,MOUNT AUBURN HOSPITAL,CAMBRIDGE,MA,21385502,42.3741033,-71.13417575971958,0.0,1747,Valid
20df65a4-7567-3066-b680-0f71b0c31d38,HENRY HEYWOOD MEMORIAL HOSPITAL,GARDNER,MA,14401336,42.58685735,-71.98748072431209,0.0,980,Valid
5581e43d-0463-3a0b-afc7-a60aea5ac96c,GREATER LAWRENCE FAMILY HEALTH CENTER INC,ANDOVER,MA,18101144,42.69112645,-71.19636086287642,0.0,208,Valid
7dcab1ad-0e13-3700-9eb0-70767c5e2b55,URGENT CARE PHYSICIANS PC,SPRINGFIELD,MA,11181803,42.0952995,-72.50943136142334,0.0,10,Valid
02e5b041-64f3-3631-ab60-907e8cbec9c2,GREATER BOSTON HOME HEALTH CARE  LLC,BOSTON,MA,21324350,42.279245200000005,-71.16929414999998,0.0,3,Valid
ce9c1582-994d-32bf-835c-474a249d2804,KINDRED AT HOME,FALL RIVER,MA,27231500,41.68393816525316,-71.1220830626733,0.0,21,Valid
ff8a25dd-fd83-30fc-a1ee-66455ec0dd82,ROOT FAMILY MEDICINE PC,NORWOOD,MA,20624642,42.16067115,-71.20186905283774,0.0,102,Valid
b4064f5c-4729-31ef-a5b1-5343474c9520,WEST RIVER HOSPICE  LLC,NEEDHAM,MA,24942708,42.2972045,-71.21072731380494,0.0,1,Valid
9485907a-9f9c-3c19-a424-b402ee8f99c2,ST FRANCIS REHABILITATION & NURSING CENTER,WORCESTER,MA,16043025,42.258026400000006,-71.78384882397785,0.0,26,Valid
6ea4d3d6-d820-387a-a3d1-ed5944ad47a2,BLUESKIES WELLNESS INC,METHUEN,MA,18447152,42.7397562,-71.17113575205717,0.0,55,Valid
1494b446-f1aa-3752-8d9c-8eb801059e77,OVERBOARD HEALTH CARE LLC,HANOVER,MA,23392393,42.1080437,-70.81047504431497,0.0,7,Valid
e7722de2-0e62-3dc9-a163-a7003956673b,SEASONS HOSPICE & PALLIATIVE CARE OF MASS LLC,NORWOOD,MA,20624669,42.16153305,-71.20162617190071,0.0,37,Valid
c630c98b-cbfb-3260-a984-4bbf511de98d,SHERRILL HOUSE  INC,BOSTON,MA,21304885,42.328899,-71.110855,0.0,1,Valid
9b8a7a25-b923-3710-9f3c-d42919a3f54f,COMPASSIONATE CARE INTERNAL MEDICINE  LLC,MAYNARD,MA,17542651,42.4309786,-71.4552968,0.0,227,Valid
62b55e5b-b58f-354d-8f2d-f2a330bc619e,UMASS MEMORIAL HEALTHALLIANCE CLINTON HOSPITAL INC,CLINTON,MA,15101037,42.42738865,-71.69329092351188,0.0,1894,Valid
be8fdb3e-0f3e-3b1b-a35a-795d9800f060,HEBREW SENIORLIFE HOSPICE CARE INC,DEDHAM,MA,20267011,42.26368805,-71.2021309784077,0.0,20,Valid
966245ce-e84d-36b0-a838-2e0b5bb2e668,MATTAPAN COMMUNITY HEALTH CENTER,MATTAPAN,MA,21262122,42.2754929,-71.09384131587021,0.0,80,Valid
58d6127e-ee48-37c3-9f2d-dcd3c050fb25,HILLTOWN COMMUNITY HEALTH CENTERS INC,HUNTINGTON,MA,10509777,42.2244752,-72.8709216,0.0,30,Valid
b574fc4f-313c-38a4-9baf-7e12e431a499,SAVARD & MOSKOS EYE HEALTH CARE  LLC,MIDDLEBORO,MA,23461479,41.90036455,-70.9535889372234,0.0,155,Valid
9dbd44ba-59b2-3d1d-ac91-3880af8081d2,INTEGRATIVE FAMILY MEDICINE ASSOCIATES,ACTON,MA,17203965,42.4878132338563,-71.43046999422496,0.0,124,Valid
2bde75a8-708f-3930-8d57-100ab365d413,WELLESLEY FAMILY CARE ASSOCIATES  PC,WELLESLEY,MA,24815521,42.2964859,-71.2925571,0.0,43,Valid
35eba9db-902f-32e6-b302-0e5ef8fa5c68,THE NORTHEAST HEALTH GROUP  INC,WESTFIELD,MA,10852927,42.1165587,-72.74727440058362,0.0,3,Valid
b7866c75-5e56-36b0-b9c5-c63051677b69,PLYMOUTH BAY INTERNAL MEDICINE,SANDWICH,MA,2563,41.7579043,-70.4968152,0.0,100,Valid
9656a864-3b93-356f-9fa6-d7988e249977,ENRICH WELLNESS HEALTH CENTER LLC,RANDOLPH,MA,23683064,42.1871612,-71.0568102,0.0,366,Valid
4eddfa13-f996-3048-9bbc-541b0a29038a,STEWARD ST ELIZABETHS MEDICAL CENTER OF BOSTON INC,BRIGHTON,MA,21353601,42.34864995,-71.14799584850206,0.0,290,Valid
845fbd9b-2d1c-39a8-8261-28ae40e4fab2,MILFORD REGIONAL MEDICAL CENTER,UPTON,MA,15681431,42.1700209025178,-71.59409308099494,0.0,1756,Valid
946ec45f-5c4a-361f-b158-927144864133,COMPASSUS - GREATER WESTERN MASSACHUSETTS,AUBURN,MA,15011856,42.1894693,-71.85604765,0.0,49,Valid
bac9dc0c-cb0f-3fa6-aa12-819dd0fb922a,CAMBRIDGE PUBLIC HEALTH COMMISSION,SOMERVILLE,MA,21452935,42.3875968,-71.0994968,0.0,465,Valid
84d5768f-3a21-3da9-aad2-bbf7a3ae2700,LOWELL FAMILY MEDICAL CARE PC,LOWELL,MA,18543548,42.650297,-71.32263756223612,0.0,86,Valid
9ce6072b-d039-3cde-8eaf-950211b8ae88,MIDDLETON FAMILY MEDICINE URGENT CARE  LLC,MIDDLETON,MA,19492446,42.58578722272004,-71.00861442427218,0.0,776,Valid
2576629d-4a1a-3a63-8c08-779cbd8ef98b,ORLEANS MEDICAL CENTER  P.C.,ORLEANS,MA,26533428,41.78516795,-69.96772048551409,0.0,65,Valid
37e9314c-6d3f-3aae-8f0a-8139f6a3034c,Lowell Veterans Community Care Center,Lowell,MA,1852,42.62101,-71.31481,0.0,27,Valid
af8566eb-8918-3ec7-ba44-92b6a2cf8097,NORTH SHORE MEDICAL CENTER INC,SALEM,MA,19702714,42.5112107,-70.90516241826194,0.0,1226,Valid
d4a03501-69f6-3a89-ac27-ed25976fdb6f,LIFE CARE CENTER OF STONEHAM,STONEHAM,MA,21801705,42.4504488,-71.09076944938434,0.0,21,Valid
21e6967c-bb71-3992-bb1c-11ffff39216e,TRINITY HOME HEALTH SERVICES,WEST SPRINGFIELD,MA,10894681,42.105237,-72.6213712,0.0,2,Valid
4058ca7b-c48b-3aaf-8de9-fc421f6a9e1c,199 ANDOVER STREET OPERATING COMPANY  LLC,PEABODY,MA,19601630,42.5278731,-70.9286609,0.0,2,Valid
ecd3b321-0a8a-3ce6-81f0-982dd77fce43,ANNA JAQUES HOSPITAL SUBACUTE UNIT,NEWBURYPORT,MA,19503867,42.81369325,-70.89091645747592,0.0,749,Valid
eb2596c3-8814-3add-8516-474214bf5c62,WATERVIEW LODGE LLC,ASHLAND,MA,17211420,42.24214015,-71.48110671819278,0.0,1,Valid
c762a0ef-bfba-3261-b90c-4059f7bcc87d,160 MAIN STREET OPERATOR LLC,WALPOLE,MA,20814037,42.16875285,-71.23027591232932,0.0,2,Valid
42c13743-f36f-370a-a5ca-3e3c9795e02d,SENIOR RESIDENTIAL CARE - KINGSTON  INC.,KINGSTON,MA,23641039,42.0115267956362,-70.78988939618995,0.0,3,Valid
058176fd-cbb0-328b-8411-c19f5045032d,EXCEL CENTER FOR NURSING AND REHAB AT LEXINGTON,LEXINGTON,MA,2420,42.43761961817366,-71.19888753880475,0.0,24,Valid
a036cdf2-bbc5-3ffd-987f-56e437fd8b74,WINDSOR NURSING & RETIREMENT HOME,SOUTH YARMOUTH,MA,26642083,41.680980000000005,-70.18292625685085,0.0,130,Valid
03d7ee12-bdfe-3e48-9d29-757eb6f01ad0,HARBORSIDE MASSACHUSETTS LIMITED PARTNERSHIP,DANVERS,MA,19231574,42.57663745,-70.94996137026163,0.0,2,Valid
480d55a0-ae0b-3c7d-a21e-fb0573e6a526,HOUGHTON CORPORATION,WORCESTER,MA,16043997,42.24917045,-71.78554959333533,0.0,1,Valid
2fbb592e-2154-3a4d-856e-467d7ba5bed7,FAIRVIEW HOSPITAL,GREAT BARRINGTON,MA,12302148,42.17823835,-73.36310566431717,0.0,28,Valid
4f5e8f16-a31b-3071-8556-d7188ede313d,HOLYOKE MEDICAL CENTER INC,HOLYOKE,MA,10402223,42.20105435,-72.628169560868,0.0,378,Valid
69cb2157-b620-3c51-9c94-f516462d2d55,FAMILY PRACTICE GROUP PC,ARLINGTON,MA,2476,42.41642055,-71.15424293038585,0.0,218,Valid
ae3eab22-8868-37bb-9a59-2b8bfe14bf34,ATHOL MEMORIAL HOSPITAL,ATHOL,MA,1331,42.58522105,-72.20868129339888,0.0,61,Valid
615416de-5217-3c11-9828-2d4bacd1d9cb,VISITING NURSE ASSOCIATION OF CAPE COD  INC.,HYANNIS,MA,26011854,41.6753274,-70.309939,0.0,2,Valid
218e58e4-9642-3ebd-9b39-34d15f22c620,COMMUNICATIVE HEALTH CARE ASSOCIATES INC.,WALTHAM,MA,24517406,42.376452150000006,-71.25063779999999,0.0,216,Valid
9a20d707-68e4-32c0-b2b2-2f5d5c2012cd,CLARITY HEALTH & WELLNESS LLC,BURLINGTON,MA,18033711,42.50284395,-71.19574553661971,0.0,268,Valid
f90ef475-defe-363d-a926-573b38f804a2,PRIMARY CARE FOR ADULTS PLLC,HOPKINTON,MA,17481672,42.2288875,-71.5196439,0.0,230,Valid
071a898d-3535-39fd-bf61-d33301aacd04,TRANQUIL MIND & WELLNESS,LAKEVILLE,MA,23471370,41.8459353,-70.9494854,0.0,42,Valid
41f66e18-8eb7-32f2-9371-7df5bf2b8d21,AMBULATORY EMPLOYEE INDUSTRIAL OCCUPATIONAL AND URGENT HEALTHCARE,GREENFIELD,MA,13011238,42.6097476,-72.5979752,0.0,8,Valid
a25107f7-f4f5-36fc-98e4-f3e1b5875c91,MASS GENERAL BRIGHAM URGENT CARE LLC,WOBURN,MA,18012157,42.4979478,-71.1684508,0.0,101,Valid
0e6c3ad1-24c1-34cb-bb6d-e8438fa319e2,URGENT CARE OPERATIONS PC,SWAMPSCOTT,MA,19071300,42.4699241,-70.9171507,0.0,65,Valid
b4ca31a9-9d34-3ea1-93c4-443941622304,COMMUNITY HEALTH CENTER OF FRANKLIN COUNTY INCORPORATED,GREENFIELD,MA,13013224,42.5879173,-72.6055828841603,0.0,3,Valid
3662bcd2-07cc-364c-bd86-161bb738aacf,ALLIANCE HOSPICE CARE LLC,NEWTON,MA,24611900,42.3281027,-71.19582114345262,0.0,3,Valid
4f9dd195-07b8-3a81-8b7a-58852a0e6cdf,FAIR HAVENS INC,WEST BROOKFIELD,MA,15852906,42.2355113,-72.1381676,0.0,1,Valid
43ee6bb5-8efa-3bfc-8ca8-1579a5267753,STEWARD GOOD SAMARITAN MEDICAL CENTER  INC.,BROCKTON,MA,23011794,42.09805395,-71.0609587194362,0.0,1305,Valid
3695125c-c052-3ece-898a-2a6448987ae5,URGENT CARE SPECIALISTS  P.C.,WILBRAHAM,MA,10951380,42.15029565,-72.47288272264812,0.0,30,Valid
ed43f171-1ac1-3f08-aef5-0f62c515cf4d,JML CARE CENTER  INC,FALMOUTH,MA,25403160,41.56534135,-70.62534898297048,0.0,3,Valid
45db4ed7-a93e-3946-9c31-b567ca373de6,Boston Vet Center,Boston,MA,2210,42.34461,-71.03728,0.0,91,Valid
bdd9ad72-443a-3563-a626-4c45f6d058b2,COMFORT HOME CARE  LLC,WORCESTER,MA,16072105,42.265209,-71.814005,0.0,30,Valid
05fcf001-ab24-3d7d-85f7-f64942d82738,ENCOMPASS HEALTH BRAINTREE HOSPITAL OF BRAINTREE,FRAMINGHAM,MA,17014592,42.2838619,-71.4093719,0.0,1330,Valid
7e6db51f-7c1b-3555-9e1c-6269ba6d704d,ACCLAIM HOME HEALTH CARE  INC,WORCESTER,MA,16031461,42.239638,-71.8443785891577,0.0,47,Valid
83769f98-fff3-3535-8781-6ace5957136f,SOUTHSHORE HEALTH CARE CENTER,ROCKLAND,MA,23702129,42.13496385,-70.92237824494691,0.0,14,Valid
e87cda4c-1ad8-3a9e-b55f-7bfe987610ce,COMMUNITY HEALTH CONNECTIONS,FITCHBURG,MA,14201914,42.5974358,-71.80761197366103,0.0,125,Valid
b7f2e542-f3b6-3f5e-9aed-511ff6f0ee56,MEDFORD VISITING NURSING ASSOCIATION,ARLINGTON,MA,24745552,42.408086,-71.135914,0.0,4,Valid
b529b631-551f-3344-82e4-c58c8b3b1716,ELLIS NURSING HOME INC,NORWOOD,MA,20623946,42.2071374,-71.1867275198222,0.0,4,Valid
e7b77e8f-b607-3273-aef9-ad1bca48813f,ZION HEALTH & WELLNESS LLC,NATICK,MA,17603716,42.28202598359604,-71.3899479380402,0.0,113,Valid
7e3760fd-328f-3082-8c56-68d6b96f6521,REVOLUTION CHARLWELL LLC,NORWOOD,MA,20623021,42.18411025,-71.21619509340385,0.0,4,Valid
0e3a24c3-b772-3059-b3fd-8a4710068a82,LAKESIDE FAMILY PRACTICE,RAYNHAM,MA,27671737,41.9406808,-71.07864352196617,0.0,91,Valid
28d71598-85eb-3a0e-90c1-22e0be1af57c,PARADIGM HEALTHCARE  PC,NORTHAMPTON,MA,10602832,42.35436315,-72.70256804599192,0.0,306,Valid
a978e368-0705-375a-9493-165fc35c9616,MERRIMACK VALLEY HOSPICE INC,NEWBURYPORT,MA,19504033,42.8125913,-70.8772751,0.0,11,Valid
f68ebf98-ba5b-35af-b2bd-da56cc5b13be,SERENITY HOSPICE LLC,WESTFORD,MA,18863524,42.5569148,-71.4366336131239,0.0,6,Valid
b8d40f5c-9e4d-3639-89ef-8bf375cb3184,NEW ENGLAND HOSPICE II LLC,HINGHAM,MA,20434065,42.1807101,-70.9170852970031,0.0,21,Valid
a537b406-fdfa-36b4-84da-12512e7e6c63,STEWARD ST. ANNES HOSPITAL CORPORATION,STOUGHTON,MA,20721829,42.1252079,-71.1022015,0.0,524,Valid
7d627533-adbd-320a-9054-db91a2811597,CEDAR VIEW OPERATOR LLC,METHUEN,MA,18444020,42.7327291,-71.16807304424162,0.0,2,Valid
f5c6acf1-d209-3ba2-9fec-f70dda7001f0,BEAR MOUNTAIN 320 OPERATING LLC,GREAT BARRINGTON,MA,12301951,42.18317635,-73.37707900285446,0.0,1,Valid
c217aecf-c449-347c-b150-5c51f365c961,HOLYOKE HEALTHCARE CENTER,HOLYOKE,MA,10403141,42.207214896551726,-72.62053189655173,0.0,1,Valid
e5d50afe-8c7d-35f5-96f5-fb8941403b0f,VMD PRIMARY PROVIDERS MASSACHUSETTS PLLC,FALL RIVER,MA,2722,41.74223,-71.129706,0.0,266,Valid
7baecfbc-ac9c-3f96-9db7-6453ab224b73,MAIN STREET FAMILY PRACTICE PC,MELROSE,MA,2176,42.4586199,-71.0629807,0.0,18,Valid
9adfae03-673d-365d-9052-f705098fa3e4,THE SHRINERS HOSPITAL FOR CHILDREN,BOSTON,MA,21142699,42.36305545,-71.06643399281765,0.0,2061,Valid
48a07866-e8d7-3268-aa3c-ca3237c8e6f3,BOSTON PAIN CLINIC & PRIMARY CARE PC,HYDE PARK,MA,21361861,42.2682551,-71.12174592925336,0.0,125,Valid
9f85a8c8-007c-3490-a7b7-4a0324c13307,CHAE INTERNAL MEDICINE LLC,BOSTON,MA,21091402,42.3624395,-71.05377386223965,0.0,29,Valid
4acd5d4f-751d-317e-a0b9-e4cb10a2601d,SEASHORE POINTE REHAB CENTER LLC,PROVINCETOWN,MA,26571456,42.0525612,-70.1858639,0.0,1,Valid
25431f9a-00e4-36d8-9810-4125328eec50,THE GENERAL HOSPITAL CORPORATION,WALTHAM,MA,2451,42.3756401,-71.2358004,0.0,434,Valid
029b3003-b21a-30e7-b84e-0063558fc04b,BETHANY HEALTH CARE CENTER INC,FRAMINGHAM,MA,17027237,42.264920202566366,-71.43067623259627,0.0,1,Valid
a130ed39-d3a2-3b2a-91fe-0c14f5e26eb2,OUR ISLAND HOME,NANTUCKET,MA,25544015,41.273999,-70.091114,0.0,23,Valid
89171335-b9c0-3326-98d6-a837d432b9fd,WHITTIER REHABILTATION HOSPITAL,LYNN,MA,19042915,42.466763,-70.9494939,0.0,3966,Valid
5d2ca149-126a-3dd3-a029-35b55c89988b,SALEM COMMUNITY CORPORATION,WORCESTER,MA,16061225,42.32061485,-71.7709968832562,0.0,5,Valid
7cd7fc5c-3fa7-3b6e-b3c9-0dbaec2a3470,HOLYOKE HEALTH CENTER INC,CHICOPEE,MA,10133140,42.14871685,-72.59756969862315,0.0,121,Valid
15d0e449-642a-3d9e-8629-16c7e4a9e4b4,OUR LADYS HAVEN OF FAIRHAVEN  INC.,FAIRHAVEN,MA,27193822,41.635798300000005,-70.90010980146215,0.0,5,Valid
01bde980-bf89-3138-8912-7360dff33247,LE & CHANG FAMILY URGENT CARE PC,WORCESTER,MA,16101254,42.25512735,-71.82580924803523,0.0,223,Valid
979d5316-97f4-335d-af9d-d0afba85dc6a,NANTUCKET COTTAGE HOSPITAL,NANTUCKET,MA,25542799,41.27514065,-70.10108985970798,0.0,311,Valid
1484fc69-2eb0-3bba-8656-d5ead4973895,INTEGRATED FAMILY WELLNESS PC,NEWBURYPORT,MA,19502192,42.8173801,-70.88125573659471,0.0,64,Valid
d0534259-63f4-3e61-b66f-dff6d6f655f1,NEW ENGLAND ALLERGY ASTHMA IMMUNOLOGY AND PRIMARY CARE P.C..,NORTH ANDOVER,MA,18455935,42.665489,-71.11617940933073,0.0,47,Valid
217cb6f6-e822-3831-9d9d-ffa104971042,ENCOMPASS HEALTH REHABILITATION HOSP OF NEW ENGLAN,WOBURN,MA,18016003,42.46352265,-71.161925472006,0.0,851,Valid
8a6e21d0-da20-3378-8176-4e5ad2b51983,TIMOTHY DANIELS HOUSE,HOLLISTON,MA,17462138,42.20234485,-71.42493275079366,0.0,21,Valid
4e56c7ec-99e5-3023-8e4f-95ad18a03f06,UNITED MEDICAL CARE LLC,PEMBROKE,MA,23594947,42.11004715,-70.77534154695786,0.0,291,Valid
acfde9fd-b6ef-36d0-86dd-ab77398d289b,HEBREW SENIORLIFE HOSPICE CARE INC,DEDHAM,MA,20267028,42.265152,-71.20332234041666,0.0,2,Valid
e2a8b444-9b8f-36ff-84c4-05ee98589482,WHITLEY WELLNESS LLC,CHARLESTOWN,MA,21294301,42.3778749,-71.0619957,0.0,976,Valid
65dac97b-bb0c-38ae-94bc-bf29ac9687ea,CRANEVILLE PLACE REHABILITATION & SKILLED  CARE CT,DALTON,MA,12261614,42.4729321,-73.17745071097283,0.0,33,Valid
71f4c23f-7559-31ff-8f42-a672e80b85a2,SPAULDING REHABILITATION HOSPITAL,WESTBOROUGH,MA,15812831,42.2694308,-71.6129907,0.0,70,Valid
fe8b229b-11c7-31c9-994a-98321748fd2e,OUTER CAPE HEALTH SERVICES,PROVINCETOWN,MA,26571618,42.055812,-70.185696,0.0,33,Valid
9f061925-3642-3352-815e-8c3b2fcfbfaa,ORCHARD COVE  INC.,CANTON,MA,20212759,42.172339,-71.112632,0.0,1,Valid
05f80ed8-6a7a-3728-8b5c-c5c995c8244a,VA Boston Healthcare System  Jamaica Plain Campus,Jamaica Plain,MA,2130,42.32809,-71.11076,0.0,248,Valid
e0cc7e8e-e1a4-3a02-b589-0a35741d39fe,SUNSHINE WELLNESS INC,SWAMPSCOTT,MA,19071831,42.48374535000001,-70.90120467000462,0.0,16,Valid
3517aff1-b163-3cd5-8fff-19710fcdc1b7,KINDRED HOSPICE,MARLBOROUGH,MA,17526762,42.36006255767826,-71.5077613040944,0.0,31,Valid
18d2c9c2-4b92-3664-9b8e-419aff3ce942,ALLIANCE HEALTH AT BRAINTREE,BRAINTREE,MA,21847253,42.19127375,-70.99279579751581,0.0,151,Valid
121b0ad1-1beb-3caa-9271-3d3f726bb727,PATRIOT URGENT CARE PROFESSIONALS PC,WALTHAM,MA,24517447,42.375828,-71.2527956,0.0,251,Valid
43f37d29-0bcb-3d84-b9c0-9ee4f2485ff2,TAG VIRTUAL WELLNESS LLC,ROWLEY,MA,19692014,42.7136977,-70.8818364,0.0,111,Valid
db60692f-cbef-315b-9fce-38a7f015c482,SOUTH SHORE PRIMARY CARE PC,SCITUATE,MA,20664534,42.1939754,-70.7697128,0.0,172,Valid
883f57b8-89c6-3dc4-b6da-047705c88623,SOUTHCOAST HOSPITALS GROUP INC,FALL RIVER,MA,27203703,41.7093779,-71.1460783680883,0.0,108,Valid
9ba25035-53e5-344b-9b9e-94331a58d1d4,BOSTON HEALTH CARE INC,WALPOLE,MA,20812553,42.1618822,-71.2388707178431,0.0,79,Valid
0a2252ba-33de-322f-8f0a-e5b0141f1780,HARVARD STREET NEIGHBORHOOD HEALTH CENTER,DORCHESTER,MA,21213213,42.2941088,-71.0885355,0.0,64,Valid
f3a64526-e8aa-36bb-ac9a-4a6b9fd7d0f6,AESCLEPION HEALTHCARE LLC,WORCESTER,MA,16062726,42.2863333,-71.80745147942015,0.0,81,Valid
4f029aea-a3f7-3429-a477-45cfe183c3f9,RIVER TERRACE REHABILITATION AND HEALTHCARE CTR,LANCASTER,MA,15232405,42.4761132,-71.6873032,0.0,78,Valid
f6ba791e-fe68-3596-bef4-60751db6a60e,VNA & HOSPICE OF GREATER MILFORD,MILFORD,MA,17575501,42.1424349,-71.48943173357203,0.0,42,Valid
37854499-6b19-35d5-a5ba-dde729c2c3a3,VISITING NURSE ASSOCIATION OF BOSTON,WEYMOUTH,MA,21893110,42.19322885,-70.94589987654936,0.0,45,Valid
2fc3d86d-4194-3ad1-bb8a-99d5d34119a1,QUINCY PRIMARY HEALTHCARE PC,QUINCY,MA,21690907,42.2345525,-71.01493330273374,0.0,170,Valid
5aa5bbc8-a339-300d-abc2-3c85bf4b5068,8 COLONIAL DRIVE OPERATOR LLC,WESTBOROUGH,MA,15811407,42.2727712,-71.60893826083459,0.0,1,Valid
e1892a2c-6dca-3c4c-93b7-0e00a9eb8b61,PRIMARY & PREVENTIVE CARE  INC.,HANOVER,MA,23391638,42.1278249,-70.82664947485381,0.0,301,Valid
67cade01-dcfe-37b7-8e2c-b712d9e6fbba,RUTLAND FAMILY HEALTH CENTER,HOLDEN,MA,15201862,42.3406819,-71.8390289,0.0,136,Valid
11a40a26-a5a3-331d-aef0-d06dd90e2b4e,CAPE COD PRIMARY CARE LLC,YARMOUTH PORT,MA,26752000,41.7020544,-70.249465,0.0,77,Valid
b954c464-11ea-312b-a3f8-1350775bfa54,CHELSEA JEWISH HOSPICE AND PALLIATIVE CARE,CHELSEA,MA,21504019,42.3917638,-71.0328284,0.0,29,Valid
9f368e75-397f-3d77-a317-9a005512a4e2,EASTERN & WESTERN MEDICAL CENTER PC,WORCESTER,MA,16101026,42.2583962,-71.82204240042036,0.0,73,Valid
0dfa7ab2-4acc-360c-ab55-beb8e38a8c1d,HUGHES HEALTH AND WELLNESS,PLYMOUTH,MA,23607320,41.9426657,-70.7618592,0.0,21,Valid
4d3ec6c2-f6aa-3d7b-adcc-e7107dac8530,LIFE CARE CENTER OF AUBURN,AUBURN,MA,15011341,42.181923125,-71.86839612499999,0.0,7,Valid
7cb70963-6f86-3eab-a12b-88deb31de793,STERLING VILLAGE,STERLING,MA,15642414,42.4106904,-71.7976286731579,0.0,5,Valid
95f6c328-96dd-3fb8-a56e-9aad566094b4,EXCEL HOME CARE SERVICES INC,WILBRAHAM,MA,10951027,42.1552861,-72.48384800788648,0.0,109,Valid
485ae27b-c5ba-3fd0-9a16-c9eea20be185,KINDRED  HOSPICE,FALL RIVER,MA,27231518,41.68393816525316,-71.1220830626733,0.0,30,Valid
19f958ef-57cf-33c1-b068-14b32a980813,DRACUT FAMILY HEALTHCARE,DRACUT,MA,18262754,42.67578279999999,-71.29320171860073,0.0,307,Valid
f0214766-e2d0-3793-b2b6-4e1ea5df2a87,HOLYOKE RETIREMENT COMMUNITY  INC.,HOLYOKE,MA,10401288,42.2087949,-72.6430892731527,0.0,1,Valid
da2e8443-a0d6-3e87-b651-e2697615f4b5,NEWTON-WELLESLEY INTERNISTS  P.C.,NEWTON,MA,24621624,42.332192250000006,-71.24597794166553,0.0,198,Valid
47602b5b-f4aa-3c73-aa26-2268ccf7a83c,HUNT NURSING & REHAB CENTER,DANVERS,MA,19232125,42.57471215,-70.94359556912616,0.0,28,Valid
035b7574-2fec-3922-8b57-2388164422e6,GREATER NEW BEDFORD COMMUNITY HEALTH CENTER INC,NEW BEDFORD,MA,27406232,41.636177,-70.926054,0.0,163,Valid
6d16a8e3-3569-38ab-afac-a2f8c1125085,BROOKHAVEN AT LEXINGTON,LEXINGTON,MA,24218052,42.4139392,-71.22929265883278,0.0,4,Valid
528231d3-78b8-39ec-a3d0-fea14af9462a,OC TWIN OAKS CENTER LLC,DANVERS,MA,19232240,42.57284679999999,-70.93631390759089,0.0,4,Valid
91808f17-7583-32a3-aa55-23b131b327c7,SOUTH SHORE CENTER FOR WELLNESS LTD,NORWELL,MA,20611671,42.16352995,-70.8846291501739,0.0,185,Valid
587f07bd-7d69-3291-9aea-abef74f30045,ROOTED WELLNESS LLC,MATTAPAN,MA,21261487,42.2805395,-71.09839825,0.0,117,Valid
76baa51d-0d0f-359d-a07b-7b999a43d42e,PATHWAYS HEALTHCARE LLC,WESTWOOD,MA,20902336,42.20728361922244,-71.15698168263435,0.0,215,Valid
02d7b144-352f-3eac-97db-6fc4a95bf1fa,LASELL HOUSE,AUBURNDALE,MA,24662650,42.34002614299451,-71.24911543639162,0.0,38,Valid
4d780f61-40cc-3bcb-822b-cb51d398966f,MARY'S MEADOW AT PROVIDENCE PLACE,HOLYOKE,MA,10404080,42.1642525,-72.63755321877633,0.0,1,Valid
53f086de-2fc7-3d35-92c2-aca4ed944e7f,LAWRENCE GENERAL HOSPITAL,LAWRENCE,MA,18412961,42.7097143,-71.15007700778098,0.0,2042,Valid
44fc48e3-3fcf-3cea-b879-18d33cd93486,146 DEAN STREET OPERATOR LLC,TAUNTON,MA,27802716,41.90428012423625,-71.0752596159568,0.0,2,Valid
20f63278-6709-3195-b767-782d2a10bd5c,NEVILLE CENTER AT FRESH POND FOR NURSING & REHAB,CAMBRIDGE,MA,21381116,42.389222,-71.14799280677965,0.0,31,Valid
5c9dea98-c535-36fe-8a7b-778b991a7b2c,Springfield Vet Center,West Springfield,MA,1089,42.139397,-72.62382,0.0,147,Valid
b636c344-0fda-3eea-96cf-1190f8d1d8fc,COMMUNITY HEALTH PROGRAMS INC,GREAT BARRINGTON,MA,12302148,42.17823835,-73.36310566431717,0.0,76,Valid
de2ceae4-ddad-3174-9a1b-f32ea37e53f8,ADCARE HOSPITAL OF WORCESTER INC,WORCESTER,MA,16052431,42.2764151,-71.79469158738553,0.0,62,Valid
c709c5eb-ddd7-3778-84f7-0931a4d1c718,HEBREW SENIORLIFE AFFILIATED MEDICAL GROUP INC,ROSLINDALE,MA,21311000,42.29768,-71.130463,0.0,301,Valid
8d81bd8c-ad6c-37f7-95c9-75fd3de24e86,HEALTHY CONCEPT FAMILY PRACTICE  LLC,STURBRIDGE,MA,15661533,42.0905134,-72.06606362965572,0.0,86,Valid
c05d73d0-b348-32ce-9fe5-13a720950f37,URGENT HELP CHELMSFORD PC,CHELMSFORD,MA,18241503,42.6255635,-71.3615131,0.0,157,Valid
c0cc8f8d-a479-3f83-9e1f-1fd556b944ef,FAMILY DOCTORS  LLC,SWAMPSCOTT,MA,1907,42.47638005,-70.91253402512964,0.0,51,Valid
ac0fde88-b0ad-3388-a4a8-b8fc2a4f4af2,NEW ENGLAND SINAI HOSPITAL,STOUGHTON,MA,20729105,42.1446468,-71.09875876961266,0.0,1355,Valid
0e061004-bcc0-3e99-a237-d700823e817b,MOUNTAIN VIEW FAMILY PRACTICE PC,BALDWINVILLE,MA,14361351,42.5953045,-72.07447782689232,0.0,51,Valid
d51d98bc-ef4c-363b-8450-c01537258b11,1007 EAST STREET OPERATOR LLC,DEDHAM,MA,20266363,42.22837415,-71.16281500487283,0.0,1,Valid
e2d88cfd-5294-39cb-8580-4661141bfaa1,193 PLEASANT STREET OPERATOR LLC,ATTLEBORO,MA,27032419,41.9502721,-71.27325564751882,0.0,5,Valid
d70d47dc-b40c-3a04-8342-35cbfe716409,SENIOR HEALTHCARE ASSOCIATES INC,NEWTON,MA,24593010,42.3104327,-71.18883283411856,0.0,286,Valid
de3cc142-803a-3ed4-8945-75ec88a84784,ALLIANCE HEALTH AT BALDWINVILLE,BALDWINVILLE,MA,14361215,42.6108483,-72.0608364,0.0,140,Valid
047f6113-bd42-353b-8368-cf2352868915,BOSTON PELVIC HEALTH AND WELLNESS PC,WELLESLEY,MA,24812109,42.2964859,-71.2925571,0.0,72,Valid
0592d4e5-a0fb-3143-83cd-8e5a6b066a96,SOUTH SHORE PRIMARY AND URGENT CARE LLC,HANOVER,MA,23391638,42.1278249,-70.82664947485381,0.0,385,Valid
c67ca7ed-4769-3b6c-a0a9-993f1227ff10,CAPE ANN MEDICAL CENTER LLC,GLOUCESTER,MA,19302237,42.6269312,-70.65555242413386,0.0,277,Valid
d4af6090-2df1-3b53-b5be-cf2b96b8f833,CAREGROUP PARMENTER HOME CARE & HOSPICE INC,WAYLAND,MA,17783514,42.3632063,-71.3606721,0.0,13,Valid
6b9c5830-a278-38ff-887f-ccefd74cf8e8,SOUTHEAST HEALTH CARE CENTER,NORTH EASTON,MA,23561799,42.06665855,-71.11947646404934,0.0,8,Valid
612fb151-095d-3d11-942b-5907216f4dbb,GREATER LAWRENCE FAMILY HEALTH CENTER INC,LAWRENCE,MA,18412884,42.71186535,-71.15197382279813,0.0,20,Valid
7b5bf0fc-c5c0-3f22-980b-fdfff326a9b4,WOONSOCKET URGENT CARE PC,NORTH ATTLEBORO,MA,27604445,41.9316677,-71.35407469790115,0.0,33,Valid
ba07b31b-bf14-39b8-be95-4c5ca5062daa,SPAULDING HOSPITAL FOR CONTINUING MED CARE-CAMB,CAMBRIDGE,MA,21384308,42.37520955,-71.10711344152975,0.0,1306,Valid
064ba8c8-f6f7-3582-8f41-c963ceedfee4,BROCKTON VISITING NURSE ASSOCIATION,BROCKTON,MA,23014985,42.07465845,-71.03975419622803,0.0,3,Valid
6aae7a31-90df-3455-ad8d-81f8cf2d21e8,BROCKTON HOSPITAL  INC.,BROCKTON,MA,23023308,42.0872752,-70.9910738855076,0.0,1491,Valid
14036728-b721-3e4b-8755-8ee8ab6ed15e,LONGFELLOW PRIMARY CARE  PC,CAMBRIDGE,MA,21384518,42.375351,-71.1468628,0.0,66,Valid
104079d4-560e-3eb8-9a48-d495835a3997,HYANNIS FAMILY MEDICAL CARE PC,MASHPEE,MA,26493465,41.6484421,-70.4811383,0.0,108,Valid
