Id,BIRTHDATE,DEATHDATE,SSN,DRIVERS,PASSPORT,PREFIX,FIRST,MIDDLE,LAST,SUFFIX,MAIDEN,MARITAL,RACE,ETHNICITY,GENDER,BIRTHPLACE,ADDRESS,CITY,STATE,COUNTY,FIPS,ZIP,LAT,LON,HEALTHCARE_EXPENSES,HEALTHCARE_COVERAGE,INCOME
363f54b9-0818-955e-a2bf-d6dd285ba76e,1982-09-24,,999-83-6637,S99986171,X76947459X,Mr.,Brian582,Bradford382,Miller503,,,M,white,nonhispanic,M,Amherst  Massachusetts  US,939 Streich Crossing Suite 69,Southborough,Massachusetts,Worcester County,,00000,42.2554498390064,-71.50164608241953,115456.37,19105.52,989268
900bef8d-69f8-a8fc-20a9-62ac49b7fc53,1978-11-05,,999-93-4755,S99929711,X12974699X,Mr.,Lucien408,Dale454,Torphy630,,,S,asian,nonhispanic,M,Delhi  Delhi  IN,232 Botsford Trail,Somerville,Massachusetts,Middlesex County,25017,02155,42.40463860757635,-71.05276635899588,33215.80,109243.16,126601
a0fa0b4a-7dcc-b6fd-d6f9-947b9c092407,2001-09-10,,999-10-5550,S99981336,X27085208X,Ms.,Nery414,Raeann749,Rempel203,,,,white,nonhispanic,F,Sudbury  Massachusetts  US,730 Berge Promenade,Hingham,Massachusetts,Plymouth County,25023,02043,42.17152519698857,-70.87691673537415,96009.75,233122.55,47021
a1a6035a-93e5-ce09-c762-821a246b6f54,2009-07-13,,999-47-5390,S99935868,,,Adriane398,Willette878,Willms744,,,,black,nonhispanic,F,Randolph  Massachusetts  US,687 Aufderhar Street Unit 33,New Bedford,Massachusetts,Bristol County,25005,02744,41.69392609550872,-70.89789572102053,48249.86,3961.73,65187
4c3962bf-7dc1-2653-36c1-446346f58f66,1989-05-25,,999-94-7808,S99944366,X92823510X,Mr.,Scot349,Carmine137,Barrows492,,,M,white,nonhispanic,M,Wilmington  Massachusetts  US,202 Koelpin Estate Unit 8,Billerica,Massachusetts,Middlesex County,,00000,42.55203434231477,-71.2343034062841,123787.74,3503.29,109322
14e1b200-3938-48be-3f88-1a6f14a61dcb,2019-07-24,,999-88-2965,,,,Gilberto712,Doug189,Hartmann983,,,,white,nonhispanic,M,Newton  Massachusetts  US,197 Kuhlman Bay,Plymouth,Massachusetts,Plymouth County,25023,02360,41.91526040176592,-70.58903941831622,24809.13,3772.04,82003
20e7c563-99ad-b56d-fe9c-6bd42bba68d3,1960-07-05,,999-15-2685,S99976150,X54145342X,Ms.,Lilian665,Mathilde204,Morar593,,,S,white,nonhispanic,F,Westfield  Massachusetts  US,656 Harvey Neck Apt 52,Worcester,Massachusetts,Worcester County,25027,01607,42.27475598086917,-71.77839583682899,398965.05,76430.44,56912
7d8546eb-f1ae-7603-c447-d2d095fc5309,1958-07-04,,999-39-4809,S99910652,X36620927X,Mr.,Winford225,Leonel449,Bartoletti50,,,S,white,nonhispanic,M,Chicopee  Massachusetts  US,193 Macejkovic Alley Unit 92,Bourne,Massachusetts,Barnstable County,25001,02532,41.72568222329744,-70.5961836441362,27631.12,885924.16,19626
e7386988-332f-de84-707d-ab3f804c1576,1957-05-03,,999-36-8287,S99918278,X28694046X,Mr.,Lionel365,Jess275,Bins636,,,M,white,nonhispanic,M,Wilmington  Massachusetts  US,879 Bradtke Rest Unit 56,Paxton,Massachusetts,Worcester County,,00000,42.290292189145454,-71.92383071125644,74566.12,746866.13,72780
58a77c0c-6b0b-0dd0-57d1-561f18f0b428,1992-06-08,,999-59-3032,S99984575,X64183153X,Mr.,Tristan353,Nathanial472,Cronin387,,,M,hawaiian,nonhispanic,M,Revere  Massachusetts  US,434 Weissnat Skyway,Boston,Massachusetts,Suffolk County,25025,02152,42.345543472623795,-71.06787662171257,70538.10,664220.51,27081
3a499035-df1e-c10b-25a4-e021cd53978f,1971-05-30,,999-45-8398,S99953061,X85121262X,Mr.,Chase54,Shelton25,Zieme486,,,D,white,nonhispanic,M,East Bridgewater  Massachusetts  US,115 Sanford Frontage road,Merrimac,Massachusetts,Essex County,,00000,42.868632121205565,-71.01363708327062,117735.36,7311.92,59912
54be5a86-b509-4f2b-b8ff-dd6ec38e21b1,1943-05-24,,999-81-3782,S99981332,X81034704X,Mrs.,Billi682,Cori307,Hessel84,,Smith67,M,black,nonhispanic,F,Brookline  Massachusetts  US,1013 Reichert Throughway,Fitchburg,Massachusetts,Worcester County,25027,01420,42.62443891705001,-71.85058278685521,868601.99,798214.09,37017
e03a6bd8-c4be-b132-3d40-872469885f6a,1969-08-13,,999-73-1049,S99972096,X05153344X,Mr.,Donny470,Jaime666,Hettinger594,,,M,asian,nonhispanic,M,Dennis  Massachusetts  US,622 Ernser Overpass,Boston,Massachusetts,Suffolk County,25025,02130,42.381102721384,-71.01161547635475,142235.16,90231.46,73401
22be82ef-2492-57db-5287-b34662cf1c56,1973-01-11,,999-50-3993,S99935427,X61674193X,Mrs.,Megan108,Stephnie566,O'Connell601,,Kerluke267,M,white,nonhispanic,F,Monson Center  Massachusetts  US,688 Franecki Well Apt 15,Plainville,Massachusetts,Norfolk County,,00000,42.02472846207755,-71.29887264182933,174875.11,52829.01,50042
6d55c1c1-a928-117e-f207-6b194070b37d,1973-06-30,,999-69-3064,S99990075,X19167006X,Mrs.,Claudine313,Lyla842,Kirlin939,,Gerhold939,M,asian,nonhispanic,F,Lynn  Massachusetts  US,848 Ullrich Underpass Unit 76,West Yarmouth,Massachusetts,Barnstable County,25001,02673,41.66243565177648,-70.20178075910798,18171.76,1203039.53,23194
3b71fbfd-f2f0-8338-247a-b8d69c53d03f,1989-09-17,,999-51-8310,S99966689,X59363395X,Mr.,Rob341,Herman763,Reilly981,,,D,white,nonhispanic,M,Taunton  Massachusetts  US,102 Stark Route Suite 39,Braintree,Massachusetts,Norfolk County,25021,02184,42.16837054498065,-70.9936881735589,6352.52,93523.37,16905
d2078200-2e2a-85ef-4bbd-cb36f1f60525,1979-05-16,2022-02-01,999-20-8604,S99984965,X05952948X,Mr.,Van763,,Prosacco716,,,D,white,nonhispanic,M,Newton  Massachusetts  US,1061 Frami Union Unit 14,Weymouth,Massachusetts,Norfolk County,25021,02190,42.25318849038895,-70.9081528440052,50700.35,69807.51,365755
2b815ea0-5bee-704d-3c59-85e9b377f05b,1944-12-31,2022-03-17,999-24-7841,S99914109,X94441518X,Mr.,Tomas436,Reginald96,Daugherty69,,,M,white,nonhispanic,M,Lynn  Massachusetts  US,961 Watsica Harbor,New Bedford,Massachusetts,Bristol County,25005,02745,41.59612426743083,-70.96094785581722,13127.75,262498.50,10390
e0a5b812-6885-12b4-951a-e477cf889292,1979-05-16,,999-97-9073,S99979883,X75322021X,Mr.,Daren950,Mel236,Leannon79,,,M,white,nonhispanic,M,Everett  Massachusetts  US,354 Altenwerth Plaza,Weymouth,Massachusetts,Norfolk County,25021,02189,42.17601302954535,-70.99718381266281,80180.70,17632.91,365755
7d1ae655-5c3d-7cfb-4ae7-97e9a595826b,1975-01-26,,999-12-8400,S99974408,X03255484X,Mr.,Wilmer32,Salvatore257,Vandervort697,,,D,white,nonhispanic,M,Agawam  Massachusetts  US,326 Botsford Port Apt 28,Lynn,Massachusetts,Essex County,25009,01901,42.430536150129676,-71.06167359173807,162985.94,0.00,76439
bdd2f35d-8c08-2bba-4137-05a5c9295df4,2023-11-29,,999-64-1626,,,,Sharita792,Marth98,Littel644,,,,white,nonhispanic,F,Wilbraham  Massachusetts  US,412 Herzog Camp,Brockton,Massachusetts,Plymouth County,25023,02302,42.12147791174094,-71.0627852452696,6187.89,7255.56,64922
6c08c959-7ad0-f14a-a833-6bd5a1f564ba,1966-05-04,2000-09-14,999-73-2220,S99946511,X89801959X,Mrs.,Daphne852,Chaya236,Pollich983,,McLaughlin530,M,white,nonhispanic,F,Chicopee  Massachusetts  US,815 Flatley Trail Apt 49,Boston,Massachusetts,Suffolk County,25025,02134,42.31106630915137,-71.00203232268338,24715.98,1218469.70,13102
0878e1ee-2f0c-ad7b-3f3b-304da8644fa3,1972-07-13,,999-77-9114,S99973220,X67992847X,Ms.,Elza246,,Padberg411,,,S,white,nonhispanic,F,Swansea  Massachusetts  US,1025 Friesen View,Sutton,Massachusetts,Worcester County,,00000,42.08684426879943,-71.75739153821493,166981.99,677820.69,184237
4a1ee160-2f22-6e49-bb4a-f1b15ab048e8,1973-11-24,,999-23-3279,S99959058,X00566679X,Mr.,Cletus494,Alexander630,Klein929,,,M,white,nonhispanic,M,Fall River  Massachusetts  US,597 Mayert Ranch Suite 15,Easthampton,Massachusetts,Hampshire County,25015,01027,42.274871128399205,-72.65716603768236,258070.78,604.20,55401
3ec08f24-5e3e-25af-1a0d-1fc4f809b3b7,1944-12-31,,999-54-4766,S99936001,X06218326X,Mr.,Von197,Kris249,Brekke496,,,S,white,nonhispanic,M,Lynn  Massachusetts  US,818 Sipes Ranch,New Bedford,Massachusetts,Bristol County,25005,02740,41.64732734056397,-70.88843642382169,19488.75,449976.46,10390
ea2617fb-4092-c7d3-3e74-757bae134d01,2001-06-10,,999-51-2076,S99966549,X67006298X,Mr.,Rubén780,,Gallegos952,,,,white,hispanic,M,Santiago  Santiago Province  CL,397 Gusikowski Loaf Suite 98,Sutton,Massachusetts,Worcester County,,00000,42.096586208647324,-71.74699637932736,88368.33,28179.83,182215
a64c19f6-2d08-c414-3b43-f85316d89707,2013-11-06,2024-12-04,999-71-6766,,,,Quinn173,Rashida558,Littel644,,,,white,nonhispanic,F,Worcester  Massachusetts  US,952 Daniel Club,Westfield,Massachusetts,Hampden County,25013,01086,42.17173983515757,-72.73564424847395,34669.98,38769.22,52931
fe60a849-26d0-6c70-85ae-43b61f5ccc08,1966-05-04,,999-28-9737,S99930866,X89370549X,Mrs.,Milda157,Martha161,Kohler843,,Jones311,M,white,nonhispanic,F,Tyngsborough  Massachusetts  US,210 Muller Light Suite 47,Boston,Massachusetts,Suffolk County,25025,02124,42.32697207090666,-71.09480524734515,20960.71,1553197.31,13102
d83fbff7-c1ef-3cf3-c624-8fdf924cfdd0,2013-11-06,,999-98-5766,,,,Reina25,,Bins636,,,,white,nonhispanic,F,Boston  Massachusetts  US,998 Lueilwitz Underpass Apt 42,Westfield,Massachusetts,Hampden County,25013,01085,42.1696787814114,-72.80576834433529,46297.49,19986.25,52931
2379fdbe-920a-20d8-7774-c059a563d319,2007-07-15,,999-49-8058,S99973480,,Ms.,Reina25,Alicia629,Chavarría957,,,,white,hispanic,F,Tegucigalpa  Francisco Morazán  HN,399 Rodriguez Flat Suite 46,Swampscott,Massachusetts,Essex County,25009,01907,42.494271261069194,-70.89767315952042,3812.69,78190.84,12091
572aefa6-ff41-613b-07e7-da0c705e64df,1937-01-26,2019-06-28,999-33-8415,S99961830,X39734629X,Mrs.,Bell723,Lanell756,Wisozk929,,Dickens475,M,white,nonhispanic,F,Charlton  Massachusetts  US,946 Predovic Green,Newton,Massachusetts,Middlesex County,25017,02461,42.30389605857783,-71.21073071893046,1056283.71,431764.22,50928
61ae8e2d-e866-bb25-6fb9-b8c7c95e8de9,1962-08-22,,999-43-3919,S99922655,X60533990X,Mrs.,Virgina372,Casie505,Stoltenberg489,,Welch179,D,white,nonhispanic,F,Boston  Massachusetts  US,899 Lehner Union Unit 73,Somerville,Massachusetts,Middlesex County,25017,02145,42.39972876254582,-71.10419856273676,568189.53,354803.30,63295
bbbde012-2b40-2893-0b2d-c7faacdecfb4,1995-02-05,,999-46-7311,S99942789,X57912214X,Mrs.,Maricela194,Enedina292,Barrows492,,Treutel973,M,white,nonhispanic,F,Lawrence  Massachusetts  US,976 Reichert Meadow,Sandwich,Massachusetts,Barnstable County,25001,02563,41.68782321694451,-70.51628792562856,69217.34,157769.74,38960
6301e254-32b5-7f4b-4131-b8750cc863c8,2008-04-10,,999-82-6296,S99935817,,Ms.,Hollie21,Anne636,Walker122,,,,white,nonhispanic,F,Marseille  Provence-Alpes-Cote d'Azur  FR,428 Hilpert Mill Apt 79,Amherst,Massachusetts,Hampshire County,,00000,42.39219217569777,-72.47003377442937,66561.06,8174.75,120232
24d88600-9461-ea07-2a88-ff90dc8f5028,1963-01-04,,999-59-1704,S99942117,X87058212X,Mr.,Guillermo498,Kelly223,Berge125,,,W,white,nonhispanic,M,Worcester  Massachusetts  US,1093 Bahringer Overpass Suite 7,West Boylston,Massachusetts,Worcester County,,00000,42.334127977525974,-71.7646192791136,234635.00,98978.28,66490
2527c544-c3ce-5745-6703-833c50a9ce37,1973-03-22,,999-85-3200,S99947902,X72058188X,Mr.,Cliff504,Emil691,Leannon79,,,M,white,nonhispanic,M,Cohasset  Massachusetts  US,423 Sipes Run Apt 22,Worcester,Massachusetts,Worcester County,25027,01610,42.21395083436145,-71.82815798441369,88752.86,29014.56,86829
61473392-49bb-1851-f1cb-c2ec0337bd6b,1937-01-26,1995-05-25,999-13-4535,S99920986,X76042509X,Mrs.,Robbin22,Sonia106,Rice937,,Schoen8,M,white,nonhispanic,F,Mashpee  Massachusetts  US,518 Boyle Extension,Newton,Massachusetts,Middlesex County,25017,02464,42.35710522874832,-71.16571438003045,788162.51,159454.35,50928
98bb3b43-c2bd-b1e8-48fb-d03d733949a8,1957-06-06,2001-11-12,999-64-1191,S99961948,X99029495X,Mr.,Eusebio566,Kendall673,Nolan344,,,M,black,nonhispanic,M,Watertown  Massachusetts  US,369 Swift Road Suite 68,Salem,Massachusetts,Essex County,25009,01907,42.48127378105949,-70.88787702078643,8308.80,91507.92,16218
083864a1-ccf4-dac8-747a-cf7dbb080de4,2015-07-03,,999-10-6901,,,,Rebekah348,Cruz300,Powlowski563,,,,white,nonhispanic,F,Franklin  Massachusetts  US,171 Runolfsdottir Station,Maynard,Massachusetts,Middlesex County,25017,01754,42.469737111714814,-71.47848871212823,51185.59,0.00,65776
2388affb-65b9-640b-5331-ae809829b583,1995-01-02,,999-15-4850,S99914813,X65478028X,Mrs.,Gretta175,,Hoppe518,,Champlin946,M,white,nonhispanic,F,Natick  Massachusetts  US,1026 Denesik Union Unit 44,Raynham,Massachusetts,Bristol County,,00000,41.97685679652116,-71.03300354131869,174490.34,381130.87,170157
0f7a3c8c-0871-0b1c-b633-9d3ea1ea97c1,2018-04-30,,999-27-9768,,,,Martin117,,Ruecker817,,,,black,nonhispanic,F,Quincy  Massachusetts  US,800 Buckridge Alley,Wenham,Massachusetts,Essex County,,00000,42.56652432566161,-70.84618971688245,24515.40,9901.68,371083
36362114-0c2d-fbd3-2dc9-bea1aafdda93,1985-08-11,,999-46-3871,S99997241,X98296874X,Mrs.,Rene434,Isidra572,Reilly981,,Torphy630,M,black,nonhispanic,F,Somerville  Massachusetts  US,291 Rempel Crossing Suite 57,Agawam,Massachusetts,Hampden County,25013,01001,42.09721956851028,-72.67347783483098,256657.78,337887.85,82662
90e84654-3b4b-9b09-a079-bc69e215e2b3,1975-01-07,,999-90-2862,S99919180,X84989668X,Mr.,Alvaro283,,Carroll471,,,M,white,nonhispanic,M,Whitinsville  Massachusetts  US,529 Donnelly Trailer,Boston,Massachusetts,Suffolk County,25025,02151,42.370138628414885,-71.06935333443836,8029.75,162074.06,7228
8859fbb8-6bd3-7ab3-652b-07f4fce5cb14,1937-01-26,2021-07-23,999-13-8789,S99976145,X94156602X,Mrs.,Autumn454,Pansy803,O'Kon634,,Hagenes547,W,white,nonhispanic,F,Springfield  Massachusetts  US,454 Dibbert Parade,Newton,Massachusetts,Middlesex County,25017,02468,42.353263125215676,-71.23883495336413,1006939.89,339730.49,50928
befa0464-57f4-5f9f-fd64-3de9426c7ba3,2005-11-07,,999-59-3223,S99912523,X83217598X,Mr.,Harland508,Armando772,Bergstrom287,,,,white,nonhispanic,M,Mendon  Massachusetts  US,650 Hauck Trafficway Apt 61,Boston,Massachusetts,Suffolk County,25025,02210,42.34233927263652,-71.08408592773198,4666.70,71990.32,13822
54247c4d-5024-65cc-0a58-f60b9a79cc6e,1964-04-05,,999-66-5944,S99914986,X94471063X,Mrs.,Branda994,Shirly501,McGlynn426,,Rath779,M,white,nonhispanic,F,Springfield  Massachusetts  US,192 Kuhn Bypass Suite 16,Millbury,Massachusetts,Worcester County,,00000,42.179276818326834,-71.73054542027101,1065360.53,563039.34,40027
678aa883-5f54-eea1-1eb5-647a4a7271e2,2012-05-21,,999-50-3916,,,,Spring819,,Lehner980,,,,white,nonhispanic,F,Southampton  Massachusetts  US,771 Streich Parade Suite 48,Boston,Massachusetts,Suffolk County,25025,02203,42.32671546018484,-71.07522492981856,2954.92,51349.51,1624
a4f9296b-280b-c0ea-ea8b-d98627ea90f6,1996-09-09,,999-99-6901,S99997282,X97849227X,Mrs.,Mollie266,Janeen273,Krajcik437,,Kilback373,M,white,nonhispanic,F,Lexington  Massachusetts  US,155 Prosacco Harbor,Leicester,Massachusetts,Worcester County,,00000,42.19539524132128,-71.93526486014407,400529.34,76563.23,99640
c1de6a76-137a-0bb6-c817-266d9d8474f0,2000-11-04,,999-17-5441,S99965032,X64826083X,Mr.,Gail741,Reed154,Pagac496,,,,white,nonhispanic,M,Boston  Massachusetts  US,695 O'Hara Green,Milford,Massachusetts,Worcester County,25027,01757,42.183178055902495,-71.54710084657881,67964.63,6260.78,69990
f55ee39f-eebf-8aa7-74bc-9df883ba8e6e,1973-05-27,,999-22-3698,S99913430,X33766565X,Mrs.,Earleen680,Ellis535,Frami345,,Doyle959,M,white,nonhispanic,F,Taunton  Massachusetts  US,183 Murphy Route Apt 77,Needham,Massachusetts,Norfolk County,25021,02492,42.274903410957315,-71.26876456370985,123489.62,853204.70,841808
07868381-3a4e-57a4-8d9f-7bef8cfa5972,2014-11-27,,999-89-7335,,,,Johnson679,Frankie174,Schamberger479,,,,white,nonhispanic,M,Boston  Massachusetts  US,466 Wehner Skyway,Lawrence,Massachusetts,Essex County,25009,01843,42.73704145457992,-71.13663418482844,1875.17,25748.45,15013
380518ce-9aed-542b-b445-c5b472ff3e5e,1937-01-26,,999-80-6256,S99999389,X18198111X,Mrs.,Paulina892,Daniell603,Schowalter414,,Gleason633,M,white,nonhispanic,F,Medford  Massachusetts  US,320 Erdman Throughway,Newton,Massachusetts,Middlesex County,25017,02468,42.338811514468624,-71.25502499236526,696683.46,294729.91,50928
50ef8d87-401c-ebd9-8415-4aa041256057,1957-06-06,,999-53-8897,S99922448,X60300950X,Mr.,Alphonso102,Nathaniel596,Daugherty69,,,M,black,nonhispanic,M,Rehoboth  Massachusetts  US,479 Rempel Bridge Suite 75,Salem,Massachusetts,Essex County,25009,01907,42.43108991851796,-70.91560239064385,25983.00,669311.08,16218
cc8ade2c-9bf4-3ebe-a44c-fa8d2b4b89f7,1988-11-15,,999-63-3003,S99970711,X35196556X,Mrs.,Rosaura15,,Auer97,,Dooley940,M,white,nonhispanic,F,Quincy  Massachusetts  US,240 Halvorson Junction,Groton,Massachusetts,Middlesex County,25017,01450,42.57065230645014,-71.55272017170763,116141.52,380729.18,212388
03e7b514-660c-1cd6-b5d8-ecf9986e7992,1979-01-09,2026-05-23,999-55-1679,S99922048,X27351031X,Ms.,Barbara209,Shawn523,Roberts511,,,S,white,nonhispanic,F,Holden  Massachusetts  US,112 Nolan Boulevard,North Andover,Massachusetts,Essex County,,00000,42.682213259104174,-71.04468221756282,160545.65,1021904.70,101096
3fe24809-a398-91fb-88a5-9eec362d2727,1970-03-26,,999-22-5435,S99915875,X92665547X,Mrs.,Soledad678,,Frías523,,Domínquez36,M,white,hispanic,F,Bogota  Bogota  CO,326 DuBuque Loaf Suite 67,Worcester,Massachusetts,Worcester County,25027,01545,42.235060108222704,-71.82725474005869,41686.09,909559.79,178783
4cd0a640-e29a-1ad6-0b59-13546f74fae9,2007-04-23,,999-84-5176,S99980000,,Ms.,Angelena945,Laquanda221,McDermott739,,,,white,hispanic,F,Northborough  Massachusetts  US,259 Daniel Skyway Apt 11,Springfield,Massachusetts,Hampden County,25013,01104,42.12331267700164,-72.4804435298307,62276.84,270518.77,56332
a4187e4a-2e2b-da9b-5e54-6b0f6291a75d,1997-11-26,,999-10-6164,S99928980,X77330073X,Mr.,Jere230,,Erdman779,,,M,asian,nonhispanic,M,Busan  Busan  KR,855 Hamill Route Apt 32,Marlborough,Massachusetts,Middlesex County,25017,01752,42.37239189637033,-71.58625330189223,73091.83,44225.57,594606
2f810a9c-7eee-9941-7d51-bfc20566a350,1973-07-06,,999-95-1100,S99968833,X94833644X,Mrs.,Felicia295,Jessica140,Metz686,,Bode78,M,white,nonhispanic,F,North Attleborough  Massachusetts  US,848 Nitzsche Track Unit 19,Malden,Massachusetts,Middlesex County,25017,02148,42.45483048020831,-71.08138615424178,606379.29,107143.64,66126
647919db-1d51-b6e9-8eb5-f9f3f6f34f6a,1979-01-09,,999-44-4981,S99964157,X94524411X,Mrs.,Kasandra729,Emelia239,Kirlin939,,Tillman293,M,white,nonhispanic,F,Milton  Massachusetts  US,999 Wintheiser Mill Apt 89,North Andover,Massachusetts,Essex County,,00000,42.62989483134913,-71.14100708354356,194248.66,3308.20,101096
2e22908d-5adb-d943-00c8-21376a4d9ddb,2021-02-14,,999-23-7290,,,,Erwin847,Mervin111,Kemmer137,,,,white,nonhispanic,M,Rehoboth  Massachusetts  US,495 Heidenreich Camp,Belchertown,Massachusetts,Hampshire County,25015,01007,42.29547491059919,-72.43991063991263,700.00,9367.89,15760
c6afa903-a9c5-943b-401e-fbf2a459d887,2002-10-19,,999-78-3893,S99979402,X27008139X,Mr.,Antonio44,Wilson960,Bergstrom287,,,,white,nonhispanic,M,Beverly  Massachusetts  US,458 Leannon Run Unit 46,New Bedford,Massachusetts,Bristol County,25005,02747,41.51409188825682,-70.94307225037835,72693.88,0.00,105998
dd3ef65f-af06-ca3f-4c5a-5ee9a1913da7,2014-07-28,,999-63-1658,,,,Karlyn611,Jesus702,Schuppe920,,,,white,nonhispanic,F,Stoneham  Massachusetts  US,352 Dickens Heights,Ayer,Massachusetts,Middlesex County,25027,01434,42.54693026121054,-71.60213168503316,46968.89,11783.51,122363
855fe537-3bc8-bb08-8a67-0dd8e8a977d2,1966-05-29,,999-35-4948,S99977308,X60709573X,Mr.,Hunter736,,Towne435,,,M,asian,hispanic,M,Cambridge  Massachusetts  US,1044 Hartmann Way,Boston,Massachusetts,Suffolk County,25025,02131,42.371857020126136,-71.09000408868305,10291.67,282615.82,3738
69062007-e6cc-c058-2b58-5e4287865aad,2001-09-05,,999-63-2127,S99921190,X45657247X,Mr.,Don899,Lionel365,Larkin917,,,,black,nonhispanic,M,Palmer  Massachusetts  US,620 Labadie Ville,Boston,Massachusetts,Suffolk County,25025,02151,42.38886672579337,-71.09484304183884,63122.38,4587.93,60405
0560cc48-4cdd-d9ff-997f-a566b61660e6,2010-09-15,,999-87-8720,S99972518,,,Cristopher265,Lamar193,Hickle134,,,,white,nonhispanic,M,Worcester  Massachusetts  US,816 Wunsch Stravenue Unit 44,Bridgewater,Massachusetts,Plymouth County,25023,02324,41.97131234545069,-70.9466687515018,35590.69,2150.40,121469
d92a23b6-4bd6-3ca3-d2c2-ccc78bb3d8fe,1999-02-19,,999-92-1123,S99976293,X91291731X,Mr.,Arturo47,,Ocampo729,,,,white,hispanic,M,Havana  Havana  CU,594 Bergnaum Street Unit 77,West Springfield,Massachusetts,Hampden County,25013,01089,42.155445986465715,-72.60600321112011,68374.63,25168.91,37220
469f0bd7-3cbf-5eea-c395-ed7de402c75e,1978-07-02,,999-18-5861,S99946815,X83054164X,Mrs.,Marline710,Leo278,Brekke496,,O'Kon634,M,black,nonhispanic,F,Pembroke  Massachusetts  US,113 Koss Ferry,Wilmington,Massachusetts,Middlesex County,25017,01887,42.52157360996508,-71.13352739280839,270314.64,424986.08,30844
c351400a-6d55-007d-b5df-d51b9695cee4,2024-08-11,,999-23-9833,,,,Maureen515,Cherrie404,Ziemann98,,,,white,nonhispanic,F,Cambridge  Massachusetts  US,157 Roberts Arcade,Newton,Massachusetts,Middlesex County,25017,02468,42.39202875810075,-71.28833571223925,8183.83,1007.80,54798
f6655e55-d4e3-c666-6de9-93a806532b38,1969-08-09,,999-76-6692,S99988433,X80734095X,Mr.,Walter473,Jesse626,West559,,,S,white,nonhispanic,M,Agawam  Massachusetts  US,687 Collins Lodge,Great Barrington,Massachusetts,Berkshire County,25003,01230,42.25988277887908,-73.31154923278073,235757.76,0.00,63793
8efc2815-203c-cbdd-4a85-d9e69de1f35a,1987-08-18,,999-78-2948,S99946638,X06326059X,Mr.,Alejandro916,Lucas404,Olivas524,,,M,white,hispanic,M,Caguas  Puerto Rico  PR,884 McDermott Port Unit 71,Taunton,Massachusetts,Bristol County,25005,02780,41.939350831140686,-71.09448175310719,86280.01,66107.93,54102
45b9c39e-7acb-0760-049e-6a97c5da6f37,1995-12-01,,999-54-5516,S99918710,X21842287X,Mr.,Emanuel231,Ronald408,Fisher429,,,M,white,hispanic,M,Rochester  Massachusetts  US,460 Reichel Trailer,West Springfield,Massachusetts,Hampden County,25013,01089,42.10448893904793,-72.6602056137834,5573.74,64143.24,11109
4ba96317-3f3c-4653-11b1-09b6df5ee293,2002-03-25,,999-80-7308,S99985251,X69655452X,Ms.,Patrick786,,Lehner980,,,,black,nonhispanic,F,Harvard  Massachusetts  US,450 Wyman Promenade,Middleborough,Massachusetts,Plymouth County,,00000,41.91359178926734,-70.82936837546698,51801.81,195327.42,622118
b942ddb4-a79f-2a11-435d-55ad1415ba51,2020-01-04,,999-23-7443,,,,Waltraud488,Coralee911,Huels583,,,,other,nonhispanic,F,Boston  Massachusetts  US,481 Lehner Dale,Whitman,Massachusetts,Plymouth County,,00000,42.03846064100975,-70.91373433509798,1465.22,22178.36,31120
ca805a7d-cb5c-75a2-bba5-60ad5f84c60f,2002-11-15,,999-39-1193,S99925562,X02202850X,Mr.,Jonah176,Evan94,Waters156,,,,white,nonhispanic,M,Taunton  Massachusetts  US,573 Sipes Forge Apt 1,Stoughton,Massachusetts,Norfolk County,,00000,42.12434838564378,-71.12631504223066,62958.92,2615.45,127876
6a78fb9d-8bdb-da66-5723-ada1252044a6,2008-12-14,,999-89-4662,S99947576,,,Nicolas769,Foster87,Toy286,,,,white,nonhispanic,M,Westford  Massachusetts  US,662 Purdy View Apt 85,Everett,Massachusetts,Middlesex County,25017,02149,42.36313191282336,-71.00926688149319,47584.09,8124.51,86324
57508bb6-e7e6-5eda-e417-b4e771ba9b0c,2011-03-17,,999-94-6807,,,,Flora200,Eryn994,Wisozk929,,,,white,nonhispanic,F,Brockton  Massachusetts  US,855 Beer Alley Unit 98,Boston,Massachusetts,Suffolk County,25025,02108,42.29852266480214,-70.99833883491016,38378.25,7667.35,32976
dfcc9f28-c003-e917-d9fb-f5fa5d9ac4e7,2002-11-13,,999-71-9012,S99938203,X81240239X,Mr.,Mack300,Lance203,Mraz590,,,,white,nonhispanic,M,Lakeville  Massachusetts  US,583 Cruickshank Ferry Apt 53,North Attleborough,Massachusetts,Bristol County,,00000,42.02027476170003,-71.29591382128027,70665.74,4723.73,49855
997b79d9-0ffb-bb44-8eb2-0839316fe404,1970-06-20,,999-77-6055,S99940021,X44537855X,Mrs.,Francisca486,Barbara209,Flórez858,,Orozco750,D,asian,hispanic,F,Bogota  Bogota  CO,976 Bernier Estate,Cohasset,Massachusetts,Norfolk County,,00000,42.22726778294147,-70.76108837943241,550802.91,130981.15,116888
83f97ed9-7ece-de0d-7ec4-5ce89d77533d,2000-06-13,,999-82-2077,S99945134,X15489614X,Mr.,Lionel365,Edward499,Wilderman619,,,,white,nonhispanic,M,Rehoboth  Massachusetts  US,906 Kerluke Camp,Revere,Massachusetts,Suffolk County,25025,02151,42.4235969220924,-71.02278305073725,87593.25,11025.01,89126
c540434f-bf28-481b-3a74-08ff64940818,1957-03-06,,999-16-8111,S99988568,X83872574X,Mr.,Merrill415,,Heidenreich818,,,M,asian,nonhispanic,M,Chongqing  Chongqing Municipality  CN,838 Brakus Knoll,Billerica,Massachusetts,Middlesex County,,00000,42.597646762754444,-71.27721352223973,256548.09,97138.25,796264
e84b5809-b195-fc36-57b1-50f19c78f162,1990-03-09,,999-69-2471,S99948679,X64095403X,Ms.,Alicia629,,Boyer713,,,S,white,nonhispanic,F,Beverly  Massachusetts  US,440 Stroman Station,Boston,Massachusetts,Suffolk County,25025,02134,42.25959324616469,-71.12952216622769,17896.95,574575.35,182602
d44548c8-5601-60bb-8663-c5e8bd440bb7,1965-06-14,,999-26-4548,S99911494,X99147638X,Mr.,Lonny638,,Lowe577,,,S,white,nonhispanic,M,Natick  Massachusetts  US,545 Herzog Lodge Unit 71,Andover,Massachusetts,Essex County,25009,01810,42.59988772476576,-71.16558084598374,154229.91,37214.41,187773
a8ed6b9b-ceb7-e98f-1493-c9e71a7791a8,2016-02-13,,999-95-8709,,,,Will178,Harold594,Hegmann834,,,,white,nonhispanic,M,Marshfield  Massachusetts  US,760 Windler Route,Charlton,Massachusetts,Worcester County,,00000,42.130619951525496,-71.95011166093066,24059.31,7335.78,57689
99db3e0b-4371-e356-155b-5b885c1d5618,1944-01-09,,999-70-9209,S99918736,X35846978X,Mrs.,Anna632,Kitty323,Hodkiewicz467,,Hilpert278,M,white,nonhispanic,F,East Brookfield  Massachusetts  US,197 Rempel Run,Freetown,Massachusetts,Bristol County,,00000,41.79048160484318,-71.06870449045176,814407.06,505127.95,63745
8788c563-afb3-beba-7afa-d3d8a3d72c59,2013-11-27,,999-80-1667,,,,Anglea614,Jann271,Kuphal363,,,,white,nonhispanic,F,Conway  Massachusetts  US,572 Powlowski Rapid,Plympton,Massachusetts,Plymouth County,,00000,41.929922381869034,-70.80687932701035,15462.08,42027.66,143442
598d0682-ca84-a6bc-fa3b-2ae902970c39,2001-02-05,,999-29-9491,S99957555,X30284604X,Mr.,Jerold208,Miles206,Renner328,,,,white,nonhispanic,M,Bridgewater  Massachusetts  US,555 Rohan Village,Peabody,Massachusetts,Essex County,25009,01940,42.50626574296272,-70.98241739919978,77805.88,7364.36,89990
2d0de715-86c9-f2dd-a9dd-35c18671904a,1946-11-22,,999-21-4178,S99995744,X91528629X,Mrs.,Hellen346,,Gleichner915,,Schulist381,M,white,nonhispanic,F,Lowell  Massachusetts  US,920 Kunze Glen,Worcester,Massachusetts,Worcester County,25027,01605,42.31822700507854,-71.78107510784659,1234324.47,410423.50,36423
e9a03ac5-aa85-d6c0-0434-aedd7a4fc769,2023-06-07,,999-49-8539,,,,Pierre431,Geoffrey157,Abshire638,,,,white,nonhispanic,M,Wareham  Massachusetts  US,773 Sawayn Manor,Saugus,Massachusetts,Essex County,25009,01906,42.42496963278989,-70.9692710924443,700.00,9970.91,13750
b8c9df08-a081-aae0-2823-58c978b121d9,2023-05-06,,999-19-5997,,,,Fiona703,Suzann567,Lowe577,,,,asian,nonhispanic,F,Littleton  Massachusetts  US,353 Bergnaum Esplanade,Boston,Massachusetts,Suffolk County,25025,02152,42.34255835674134,-71.04951050843357,9184.86,0.00,146581
d4544902-6653-4995-d7d5-70f0e0f263cc,2005-08-12,,999-32-7892,S99933760,X11115774X,Ms.,Dotty422,Rosalie939,Waelchi213,,,,white,nonhispanic,F,Fall River  Massachusetts  US,831 Larson Spur Unit 70,Vineyard Haven,Massachusetts,Dukes County,25007,02568,41.45126449925158,-70.64059046426618,51992.84,38813.32,69417
0f0d5384-51e6-0b33-a16a-f4b8966d4866,1995-03-09,,999-38-8335,S99938562,X59770108X,Mr.,Jared66,Leonel449,Sipes176,,,M,black,nonhispanic,M,Ashburnham  Massachusetts  US,791 Considine Manor,Boston,Massachusetts,Suffolk County,25025,02163,42.33817506056479,-71.19034038381199,85174.44,0.00,61885
0f0653e1-1143-05d3-e5c0-b70d0a6d9527,1976-03-08,,999-63-6253,S99942810,X04391317X,Mrs.,Isabell86,Romelia905,Williamson769,,Johns824,M,white,nonhispanic,F,Woburn  Massachusetts  US,905 Bins Course Unit 50,Lawrence,Massachusetts,Essex County,25009,01843,42.692693551894614,-71.17019651755447,270938.91,595000.71,26082
15134d27-fcb8-09af-8871-0e05777c0162,2013-01-24,,999-34-7109,,,,Earl438,Heath320,Rogahn59,,,,white,nonhispanic,M,Paxton  Massachusetts  US,808 Wilderman Orchard,Chelmsford,Massachusetts,Middlesex County,,00000,42.6301902696727,-71.38491717101736,42384.97,253.75,109093
d7a3dc85-c5b3-2242-edc6-28423313c8e5,1971-12-29,,999-44-6495,S99982886,X30180814X,Mrs.,Berta524,Patricia625,Fuentes250,,Beltrán716,M,white,hispanic,F,Santiago de los Caballeros  Santiago  DO,354 Nicolas Gate Suite 2,Westminster,Massachusetts,Worcester County,,00000,42.58854390447827,-71.86323082456092,192970.96,29197.97,63411
fa9cadb4-c56a-d999-e22c-b15c2a1e3feb,1974-01-19,,999-15-8091,S99976974,X08081073X,Mr.,Nicholas495,Casey401,Jacobson885,,,S,white,nonhispanic,M,Bedford  Massachusetts  US,547 Buckridge Parade Suite 14,Douglas,Massachusetts,Worcester County,,00000,42.07322531142173,-71.78956454550868,141372.12,15699.54,133016
7efa2120-49c9-8767-2ed9-7299114f4112,1979-07-04,,999-88-3224,S99953903,X98569166X,Ms.,Cherryl901,Cheri871,Morissette863,,,S,white,nonhispanic,F,Weston  Massachusetts  US,922 Gibson Passage,Woburn,Massachusetts,Middlesex County,25017,01890,42.44978220939036,-71.18070792588858,202120.58,372794.58,88533
956fbea3-b8dd-62c7-e920-902e27238a57,2017-06-30,,999-27-8864,,,,Glenda787,Andera917,Rau926,,,,white,nonhispanic,F,Adams  Massachusetts  US,1039 Lind Common,Stoughton,Massachusetts,Norfolk County,,00000,42.154735969992416,-71.10437689742973,9807.69,17761.85,104106
1652c5fe-3577-8cc3-2750-b31ef2d34f5f,1975-09-14,,999-22-6086,S99919523,X73419026X,Mr.,Arlie183,,Stamm704,,,M,white,nonhispanic,M,Rockland  Massachusetts  US,953 MacGyver Dam Unit 2,Malden,Massachusetts,Middlesex County,25017,02148,42.4212865531307,-71.04610780891595,94253.01,10099.16,38359
9aa19631-e913-3dd5-a0a1-0516167674a1,1987-11-01,,999-98-9309,S99913995,X35168404X,Mrs.,Toi270,Shani239,Morar593,,Ritchie586,M,white,nonhispanic,F,Norwood  Massachusetts  US,313 Purdy Passage Apt 12,Taunton,Massachusetts,Bristol County,25005,02780,41.83788089495824,-71.01218713458425,686041.80,113595.25,75554
1b84cdc5-4cb7-1946-07c8-88c082bb8639,1967-01-23,,999-88-3500,S99963888,X89847205X,Mrs.,Emelina469,Kayla528,Abshire638,,Schiller186,M,white,nonhispanic,F,Lawrence  Massachusetts  US,379 Williamson Row,Norton,Massachusetts,Bristol County,,00000,41.99252867291624,-71.20383444934784,708982.70,505200.61,74042
ba912956-ff73-119d-a841-3d532885af74,2013-04-08,,999-83-3534,,,,Douglas31,Ignacio928,Tillman293,,,,white,nonhispanic,M,Hopkinton  Massachusetts  US,713 Stark Flat,Lowell,Massachusetts,Middlesex County,25017,01852,42.5985703650429,-71.31645948439316,38356.82,0.00,56615
4a6da156-fea8-a082-78d8-bf41cf07fcde,1995-11-26,,999-28-6162,S99920688,X40352503X,Mrs.,Hazel720,Quinn173,Haley279,,DuBuque211,M,white,nonhispanic,F,Pittsfield  Massachusetts  US,980 Ziemann Way,Waltham,Massachusetts,Middlesex County,25017,02453,42.35714360374536,-71.17372750973615,187580.52,457696.94,92472
21c6f0da-e436-b872-60fa-a387559a98f0,2002-10-31,,999-55-2874,S99981864,X87018339X,Ms.,Noella563,Petronila724,Reichert620,,,,white,nonhispanic,F,Fairhaven  Massachusetts  US,763 Schaefer Boulevard Apt 16,Billerica,Massachusetts,Middlesex County,,00000,42.55847530137177,-71.28250451498232,81907.98,117685.24,131251
81963efb-7dda-e44e-0dec-a9b004c4c89d,1999-02-16,,999-17-6509,S99933047,X41787027X,Ms.,Carla633,Danyell947,Gibson10,,,,white,nonhispanic,F,Methuen  Massachusetts  US,862 O'Conner Spur,Boston,Massachusetts,Suffolk County,25025,02121,42.29521148815455,-71.10868261127882,89465.53,48183.34,28130
cdb7313f-3e9c-02bf-6dab-6057d4283759,1964-04-03,,999-28-5759,S99962396,X59333400X,Mr.,Reyes140,,Smitham825,,,W,white,nonhispanic,M,Whitinsville  Massachusetts  US,925 Mills Esplanade Unit 46,Brewster,Massachusetts,Barnstable County,25001,02631,41.7948817384434,-70.09105728071879,159070.77,53679.82,357423
30b9c105-51df-0898-7482-1f1a74330292,2015-08-07,,999-26-7628,,,,Rachell479,Marketta481,Howe413,,,,white,nonhispanic,F,Boston  Massachusetts  US,241 Runte Path,Milton,Massachusetts,Norfolk County,25021,02186,42.237893018401785,-71.04112489834438,37830.18,1887.73,149075
c9a032c0-36db-621c-0f67-c8080857c8d6,2016-06-22,,999-98-9347,,,,Dannie881,Nelda514,Bins636,,,,white,nonhispanic,F,Boston  Massachusetts  US,170 Nienow Hollow,Westport,Massachusetts,Bristol County,,00000,41.60076200722067,-71.05781164518959,16153.20,16045.97,103563
ddd7ae31-032a-e75f-1ee3-568c912a10b1,1993-08-13,,999-58-8512,S99981139,X95399497X,Mr.,Loren192,German382,Bahringer146,,,S,white,nonhispanic,M,Boston  Massachusetts  US,843 Botsford View,Lowell,Massachusetts,Middlesex County,25017,01850,42.62254746757552,-71.33225627401505,39169.62,71710.40,24391
66dbcb26-629f-ff0e-5ea6-c0f449d35633,2014-04-22,,999-39-1572,,,,Min362,Elva122,Collins926,,,,white,nonhispanic,F,Brockton  Massachusetts  US,842 Wilkinson Row,Revere,Massachusetts,Suffolk County,25025,02151,42.42167580322414,-71.01664376375032,28713.22,0.00,45125
34ccd784-600a-965f-e301-f42beb2bca16,1958-09-26,,999-66-4140,S99923428,X45205626X,Mrs.,Loida499,Honey275,McCullough561,,Stoltenberg489,D,white,hispanic,F,Brewster  Massachusetts  US,948 Hahn Park Apt 45,Winchester,Massachusetts,Middlesex County,25017,01890,42.49660076434012,-71.10055043225364,400346.91,1316357.51,128078
57866393-152e-0373-3b36-b96d2b4392e9,1959-12-27,,999-23-6631,S99913821,X72510345X,Mrs.,Pamila110,Cristi782,Reilly981,,Fisher429,D,white,nonhispanic,F,Westport  Massachusetts  US,231 Erdman Loaf Suite 88,Hanover,Massachusetts,Plymouth County,,00000,42.162371686463956,-70.82116669431281,304108.94,1302805.78,374441
dfe3ec57-27b1-6f72-41d6-405613a60afb,2021-03-16,2023-06-08,999-50-9223,,,,Sarai636,Elna874,Schuppe920,,,,white,nonhispanic,F,Framingham  Massachusetts  US,1050 Berge Fork,Lowell,Massachusetts,Middlesex County,25017,01851,42.59064698621913,-71.35015522192236,7375.06,2191.89,117672
caca3c77-0700-2dcf-814a-a08118eba119,2021-03-16,,999-87-8816,,,,Kandice471,Melani888,Wuckert783,,,,white,nonhispanic,F,Boston  Massachusetts  US,294 Cartwright Forge Suite 99,Lowell,Massachusetts,Middlesex County,25017,01850,42.65533493103997,-71.33477257055887,14033.48,633.89,117672
f024398a-e31b-ddbf-c713-dd3cd4b64cbf,1989-12-18,,999-64-8356,S99922788,X49170681X,Mr.,Felix524,Eusebio566,Littel644,,,M,white,nonhispanic,M,New Bedford  Massachusetts  US,126 Funk Annex Apt 99,Worcester,Massachusetts,Worcester County,25027,01607,42.27519202118355,-71.79789008050439,102294.19,0.00,46785
f6d10057-78e6-83bf-d920-6e16320dfa8a,2017-03-22,,999-39-2398,,,,Camie739,Tatiana738,Haag279,,,,white,nonhispanic,F,Burlington  Massachusetts  US,904 Rohan Camp,Dracut,Massachusetts,Middlesex County,,00000,42.68616712792203,-71.3017317182874,21006.07,1871.23,94136
45b4a25d-872e-a495-dca1-8c7dd8eb74bb,2006-05-03,,999-62-5198,S99949503,X56193494X,Mr.,Humberto482,Devon268,Weber641,,,,white,nonhispanic,M,Chelsea  Massachusetts  US,940 Hand Plaza Apt 75,East Brookfield,Massachusetts,Worcester County,25027,01515,42.21100734969807,-72.0265138742225,23925.33,537100.78,99379
3fc2e5ac-7a9b-e7fe-1b22-0254f2dd3619,1997-08-19,,999-31-3224,S99931378,X49712239X,Ms.,Halley419,Talia631,Ryan260,,,S,white,nonhispanic,F,New Bedford  Massachusetts  US,264 Willms Trail,Hubbardston,Massachusetts,Worcester County,,00000,42.477235372568735,-72.04946320659492,124817.82,313004.17,32624
4b0602ae-5e53-4894-7ebc-07e2b92fab35,1922-05-21,,999-83-2920,S99995728,X50995708X,Ms.,Jovita355,Lakeesha370,Stracke611,,,S,black,nonhispanic,F,Milford  Massachusetts  US,727 Paucek Loaf,Holyoke,Massachusetts,Hampden County,25013,01040,42.16647497045579,-72.59514315479014,836131.64,344286.92,56131
9369e69b-2a60-395e-14b9-2e016da6c95a,1964-02-11,,999-84-8459,S99912965,X48124719X,Mr.,Ismael683,Dewayne363,Wisozk929,MD,,M,white,nonhispanic,M,Fall River  Massachusetts  US,907 Dooley Trail Apt 81,Boston,Massachusetts,Suffolk County,25025,02125,42.38314698748358,-71.11661732379584,11911.86,142129.93,10023
a60af609-8046-ee45-ebf6-7a74c17257ce,2008-02-15,,999-49-8269,S99928906,,Ms.,Timothy142,Danica886,Thompson596,,,,white,nonhispanic,F,North Westport  Massachusetts  US,268 Mayer Wynd Suite 38,Fall River,Massachusetts,Bristol County,25005,02721,41.54932583538167,-71.03592359232269,3732.35,69306.53,14372
5bb9c1fd-d12f-3acb-6c08-aef2785e45f6,1952-04-24,,999-91-2113,S99980199,X65553971X,Mrs.,Imogene688,Shawanna357,Swaniawski813,,Morissette863,W,white,nonhispanic,F,Gardner  Massachusetts  US,1019 Roberts Skyway Unit 86,Holbrook,Massachusetts,Norfolk County,25021,02368,42.10934750403173,-71.02878902647562,361301.73,712391.14,125821
24faba95-655d-1bd0-409b-7c2335a0ee75,1966-10-13,2018-09-19,999-82-4138,S99956940,X96172380X,Mr.,Marty115,,Pagac496,,,M,white,nonhispanic,M,Framingham  Massachusetts  US,965 Goldner Key Unit 36,New Bedford,Massachusetts,Bristol County,25005,02740,41.636679529531285,-70.91570772832466,378784.09,569241.12,41941
12b64a16-0479-750a-e780-bba48ef0aecf,2018-02-25,,999-11-4384,,,,Percy315,Steve819,Hahn503,,,,white,hispanic,M,Worcester  Massachusetts  US,328 Rempel Orchard,Franklin,Massachusetts,Norfolk County,25021,02038,42.066374781886154,-71.3879489310132,19354.23,0.00,92175
5f214267-4485-5966-ce54-e0b90dc535c1,1992-06-17,,999-27-3443,S99913326,X18174622X,Ms.,Renata373,,O'Conner199,,,S,white,hispanic,F,Newton  Massachusetts  US,923 Ritchie Pathway Unit 83,Revere,Massachusetts,Suffolk County,25025,02151,42.44550733364436,-70.96971052715433,10992.79,831324.27,2831
0c10b5af-2c74-3b14-f2a9-baf6c843178f,1970-02-25,,999-77-2013,S99917172,X38423669X,Mrs.,Noriko180,Genevieve884,Mills423,,Hagenes547,M,white,nonhispanic,F,Melrose  Massachusetts  US,426 Carter Trace,Falmouth,Massachusetts,Barnstable County,25001,02540,41.608547981518775,-70.58980375898163,251983.91,416945.88,136957
a784de0b-715e-29c3-e229-7f015cf3f1e9,1968-04-03,,999-71-2657,S99969035,X16392420X,Mrs.,Caitlyn56,Daryl568,Nolan344,,Prosacco716,M,white,nonhispanic,F,East Sandwich  Massachusetts  US,103 Lebsack Common,Cambridge,Massachusetts,Middlesex County,25017,02139,42.39820666498659,-71.06937387427452,175472.33,851406.09,801398
d3a6fb76-e283-aafa-ebb2-08aa93165273,1966-10-13,2022-02-13,999-50-9772,S99940143,X79591415X,Mr.,Clay913,Delmer311,Little434,,,S,white,nonhispanic,M,Springfield  Massachusetts  US,952 Auer Spur Unit 70,New Bedford,Massachusetts,Bristol County,25005,02747,41.62810443353415,-70.88985247860104,146445.37,20702.22,41941
c4520531-5c93-fbaa-756f-32376c79d7f1,2002-01-17,,999-90-1829,S99992025,X39914727X,Mr.,Buddy254,Garth972,Beahan375,,,,white,nonhispanic,M,Norton  Massachusetts  US,509 Walker Alley Unit 15,Natick,Massachusetts,Middlesex County,,00000,42.27227485319576,-71.36443705515077,34611.65,38603.24,253540
656202a0-cd80-26c4-28a6-1d88681bbb35,1958-07-02,,999-76-7844,S99951860,X77097708X,Mrs.,Drema139,Roslyn469,Feeney44,,Quitzon246,M,white,nonhispanic,F,Wilbraham  Massachusetts  US,1083 DuBuque Pathway Suite 82,Stoughton,Massachusetts,Norfolk County,,00000,42.08767356426523,-71.11966868016144,152396.83,857760.44,145148
f1585a05-7d06-de28-7779-ddd3b2b49e87,2000-11-04,,999-92-3198,S99990823,X63566704X,Mr.,Dallas143,,Barrows492,,,,white,nonhispanic,M,Cambridge  Massachusetts  US,615 Tillman Key Unit 29,Wilbraham,Massachusetts,Hampden County,25013,01095,42.08864632122668,-72.37984664233393,91972.25,51399.52,204120
a0b6cf70-f46f-f2cc-eb8a-2f240112e8f4,1942-09-10,,999-89-7007,S99963717,X18498759X,Mrs.,Carma664,Clorinda310,Volkman526,,Bahringer146,M,white,hispanic,F,Oak Bluffs  Massachusetts  US,649 Goodwin Wall,Springfield,Massachusetts,Hampden County,25013,01129,42.08797729431803,-72.46388834295546,295333.88,619957.69,125466
61774ec7-774b-ae85-96f1-0a9fdbd4a0e4,2021-12-18,,999-91-1602,,,,Reita211,Raguel228,Weimann465,,,,white,nonhispanic,F,Boston  Massachusetts  US,1079 Larkin Mews,Amherst Center,Massachusetts,Hampshire County,,00000,42.343806955093285,-72.56535346166427,895.86,15298.80,16413
a3dbdb1d-d559-e2c9-e976-cb834e79bf2d,1997-03-22,,999-92-1580,S99950742,X14567095X,Mr.,Bernard308,Houston994,VonRueden376,,,S,white,nonhispanic,M,Boston  Massachusetts  US,924 Bartoletti Pathway,Fall River,Massachusetts,Bristol County,25005,02723,41.67078078729822,-71.18893569541977,7489.26,78928.68,10564
00602829-6c4a-0b56-8514-c141c1e2297e,1956-11-09,2014-10-26,999-53-9951,S99937454,X04470547X,Mrs.,Latina115,,Huels583,,Leannon79,M,white,nonhispanic,F,Duxbury  Massachusetts  US,353 Nitzsche Road,Yarmouth,Massachusetts,Barnstable County,,00000,41.66261307489359,-70.26433385136414,266308.67,812295.93,412899
c93a6ea8-d3ce-0db9-b2e5-c04f8b05638e,1978-01-14,,999-96-4275,S99955706,X88485034X,Mrs.,An125,Portia383,Gusikowski974,,Wintheiser220,M,white,nonhispanic,F,Newton  Massachusetts  US,538 Brakus Hollow,Barnstable,Massachusetts,Barnstable County,25001,02637,41.594800797144806,-70.40497123684803,454532.66,559987.41,72777
59b9df66-db49-bb7b-c1f2-1ca9534b26fb,1944-02-22,,999-10-8305,S99920848,X51816892X,Mrs.,Jon665,,Grady603,,Schuster709,W,white,nonhispanic,F,Scituate  Massachusetts  US,247 Ernser Trace,Andover,Massachusetts,Essex County,25009,01810,42.641424222864266,-71.15073781949268,452638.59,1411870.24,160277
c537b064-4204-c1b0-7b97-4eb3e228430e,1956-11-09,,999-38-4604,S99944513,X67405205X,Mrs.,Mechelle851,Blossom971,Paucek755,,Haley279,M,white,nonhispanic,F,Boston  Massachusetts  US,258 Shields Route,Yarmouth,Massachusetts,Barnstable County,,00000,41.683598779726836,-70.2037273346608,390748.63,989330.80,412899
cb5d7d55-ec36-2468-eba1-a03bacd28c7e,1956-02-11,,999-11-3139,S99999941,X06401503X,Mr.,Minh326,Harris789,Leannon79,,,M,native,nonhispanic,M,Wayland  Massachusetts  US,1036 Ryan Gate Unit 12,Lynn,Massachusetts,Essex County,25009,01905,42.4258396941931,-71.04354760442658,197970.23,551954.53,30491
3657fc04-adba-860b-bb5b-027f12f0320e,1966-10-13,,999-70-1026,S99973672,X16677394X,Mr.,Lonnie913,Alton320,Jenkins714,,,M,white,nonhispanic,M,Hopedale  Massachusetts  US,1071 Funk Rest,New Bedford,Massachusetts,Bristol County,25005,02743,41.6179060008896,-70.90748301454789,560578.47,36435.75,41941
96543068-7439-5ea1-9f69-8175dc17ef90,2003-12-17,,999-55-8924,S99913447,X45006504X,Mr.,Tyrell880,Hal307,Okuneva707,,,,white,nonhispanic,M,Winthrop  Massachusetts  US,112 Strosin Drive Suite 94,Salem,Massachusetts,Essex County,25009,01970,42.45715715135221,-70.94769816336485,71979.47,6665.23,142809
14f1ee00-5f82-877e-9982-d85554fc630a,1997-05-08,,999-12-7746,S99961738,X70340465X,Mr.,Carmelo33,Jordan900,Reilly981,,,M,white,nonhispanic,M,Williamstown  Massachusetts  US,964 Connelly Lock,Northborough,Massachusetts,Worcester County,25027,01532,42.32703880566215,-71.6753363781307,69955.97,3238.39,56236
412e0c32-f4dd-1f7d-780d-b1ac7cd13350,1991-01-07,,999-36-4735,S99913823,X34799311X,Mr.,Gregorio366,Alfredo17,Schneider199,,,M,white,nonhispanic,M,Concord  Massachusetts  US,255 Reynolds Underpass Unit 47,Springfield,Massachusetts,Hampden County,25013,01103,42.21181723608258,-72.53979871210235,7479.30,65982.37,19862
e4aeda0e-13c8-bc03-14c9-1104d4832f61,1960-11-20,,999-36-2445,S99912680,X18322871X,Mr.,Boyd728,Joseph689,Fay398,,,D,asian,nonhispanic,M,Hanoi  Hà Đông  VN,660 McKenzie Alley Unit 65,Lowell,Massachusetts,Middlesex County,25017,01852,42.70327158690263,-71.3046286711668,153854.16,126857.72,76209
96478a9a-1fe1-b196-9b5b-b9d4705c7bd4,1954-02-25,,999-48-9077,S99987948,X64657995X,Mrs.,Lianne167,Emilee283,Streich926,,Abshire638,D,white,nonhispanic,F,Saugus  Massachusetts  US,352 Bradtke Path Unit 10,New Bedford,Massachusetts,Bristol County,25005,02745,41.646115794714966,-70.97955718134612,22355.97,1378038.50,21315
cacb719d-9f99-3099-0eb9-20b331a03577,2011-05-27,,999-96-5362,,,,Francisco472,Antone63,Bradtke547,,,,white,nonhispanic,M,Westwood  Massachusetts  US,875 Morissette Brook Suite 48,Worcester,Massachusetts,Worcester County,25027,01607,42.255308910140826,-71.83071255406314,31634.95,42538.23,145556
61d0d8bc-4367-81a1-25d8-652341db4a87,1966-12-09,,999-59-7822,S99970907,X01566047X,Mr.,Bradley693,Elmo857,Leuschke194,,,M,white,nonhispanic,M,Frankfurt  Hesse  DE,1094 Reilly Gate,Ipswich,Massachusetts,Essex County,25009,01938,42.661635010388665,-70.87107075842734,128846.63,61165.30,90597
c598a1cb-3116-4821-5647-009be7ade71b,1980-10-24,,999-10-3390,S99913607,X40705190X,Mrs.,Latoya8,,Boehm581,,Breitenberg711,M,white,nonhispanic,F,Boston  Massachusetts  US,329 McClure Crossing Suite 45,Cambridge,Massachusetts,Middlesex County,25017,02138,42.39667051173913,-71.11181166167988,184248.92,995163.31,293985
7b221b8b-378f-a7e3-686e-17a9cd604235,1978-10-20,,999-48-7101,S99973424,X38126499X,Mr.,Tod265,,Kris249,,,M,black,nonhispanic,M,Quincy  Massachusetts  US,918 Nienow Crossroad,Revere,Massachusetts,Suffolk County,25025,02151,42.42590267463798,-70.95828622631949,519110.29,351185.99,39607
1b450cae-1bb2-1798-f2df-87b4220bfb3e,2016-08-21,,999-22-8488,,,,Leeanne840,,Wehner319,,,,white,nonhispanic,F,Marlborough  Massachusetts  US,368 Cormier Run Suite 60,Lawrence,Massachusetts,Essex County,25009,01840,42.67760632860285,-71.18010537181956,1600.00,22881.82,1438
abc93057-886d-744e-b8a3-2325b77eff14,1974-05-23,,999-78-6195,S99979027,X89893419X,Ms.,Breanne585,Elenor843,Wolff180,,,S,white,nonhispanic,F,Newbury  Massachusetts  US,712 Huels Street Apt 54,Shrewsbury,Massachusetts,Worcester County,,00000,42.263981884589924,-71.73232528657864,23336.41,1196535.04,21626
af80bd99-d433-7d28-dc68-ffdf8e705bef,1993-05-27,,999-42-8861,S99936880,X52507449X,Mr.,Stuart913,Caleb651,Wilderman619,,,M,white,nonhispanic,M,Sandwich  Massachusetts  US,173 Borer Gate,Worcester,Massachusetts,Worcester County,25027,01583,42.295857254572326,-71.69318159285243,18105.69,765279.45,14518
619b2861-63eb-ea81-ca62-09e839dbe65c,1949-11-27,,999-94-8526,S99979182,X31851102X,Ms.,Alisa860,,Kub800,,,S,white,nonhispanic,F,Attleboro  Massachusetts  US,740 Terry Wynd Suite 21,Stoneham,Massachusetts,Middlesex County,25017,02180,42.427857279892876,-71.10044088156258,375362.65,997530.63,187377
e2c38297-26ed-b4b2-ddcd-bcc30dc0fe40,1975-11-21,,999-92-5158,S99911281,X44013612X,Mr.,Waldo53,Darrin898,Schroeder447,,,D,white,nonhispanic,M,Walpole  Massachusetts  US,675 Jenkins Branch Suite 41,South Duxbury,Massachusetts,Plymouth County,,00000,41.99626271963306,-70.65493486877214,145896.08,0.00,113336
a7fd3a12-197e-9b4d-cda3-f45c586e2196,2009-05-08,,999-46-5953,S99954925,,,Zenia843,Ophelia894,Schoen8,,,,white,hispanic,F,Stoughton  Massachusetts  US,507 Wiza Heights Suite 13,Beverly,Massachusetts,Essex County,25009,01915,42.61595885573547,-70.83391883503334,4619.42,205930.34,20452
6dd76ac3-4aa4-92e7-8ee5-245364bc78a1,1989-08-04,,999-58-5800,S99986735,X36533180X,Mrs.,Bruna504,,O'Connell601,,Carroll471,M,white,nonhispanic,F,North Andover  Massachusetts  US,836 Pacocha Drive Suite 9,Brookline,Massachusetts,Norfolk County,25021,02445,42.35307175606845,-71.09069192815193,33994.80,612288.41,764
7c6b90b7-85ab-d34e-7457-bcd7c8a42558,2017-04-13,,999-99-7660,,,,Roland928,Sonny285,Mraz590,,,,white,nonhispanic,M,Boston  Massachusetts  US,669 Fay Trafficway,Quincy,Massachusetts,Norfolk County,25021,02170,42.20349173221827,-71.09024157561532,17833.46,13278.91,68183
2c1d68cb-a289-7f5c-35b4-c9623c002084,2004-10-05,,999-54-6971,S99965315,X41906497X,Ms.,Rosella686,Martina386,Olson653,,,,white,nonhispanic,F,Boston  Massachusetts  US,636 Durgan Drive Suite 9,Boston,Massachusetts,Suffolk County,25025,02203,42.307185917232786,-71.03925213777089,96836.93,100459.31,117150
fd712c7e-5293-54f1-83e5-239d78ae6192,1990-09-09,,999-98-5959,S99929118,X84918576X,Mrs.,Johanna547,,Gorczany269,,Harvey63,D,white,hispanic,F,Marlborough  Massachusetts  US,536 Turner Landing,Malden,Massachusetts,Middlesex County,25017,02155,42.415227985307595,-71.05818183081956,10967.41,673657.72,2347
14265090-a1aa-2d22-e520-0279a7f02ce7,1954-01-16,2008-05-12,999-93-5897,S99983420,X07794619X,Mrs.,Fairy757,Nanette893,Leffler128,,Beier427,M,white,nonhispanic,F,Medford  Massachusetts  US,792 Leffler Pathway Unit 7,Gardner,Massachusetts,Worcester County,25027,01440,42.542984838075824,-72.00358112927502,704623.33,1927557.45,67893
aeec16f0-2acf-8906-0cc4-aeca9093d69a,2023-10-03,,999-61-1466,,,,Casey401,,Kuphal363,,,,white,nonhispanic,M,Westfield  Massachusetts  US,974 Heller Tunnel Unit 61,Framingham,Massachusetts,Middlesex County,25017,01702,42.29891679134327,-71.47845455425362,7452.68,150.84,642815
14f0b534-43cf-37ed-627d-89df32a58bf5,1983-04-21,,999-45-2692,S99982896,X57272436X,Mrs.,Dean966,Kiana854,Wilkinson796,,Hagenes547,M,white,nonhispanic,F,Needham  Massachusetts  US,453 Daugherty Haven Suite 33,Somerville,Massachusetts,Middlesex County,25017,02145,42.456317905165186,-71.13488652424333,162953.08,853695.71,104100
3ae50fa7-b701-c7da-3dcc-854a3eb9e3b2,1965-03-15,,999-84-6565,S99930951,X88824995X,Mr.,Shawn523,Kory651,Will178,,,D,white,nonhispanic,M,East Harwich  Massachusetts  US,231 Labadie Terrace Unit 97,Braintree,Massachusetts,Norfolk County,25021,02184,42.251321217146455,-71.03752239035964,147358.53,43941.75,119438
80b33abf-d523-abbe-bcc7-2ba031f769f4,1954-01-16,,999-65-2421,S99990328,X31282972X,Mrs.,Nu535,Lisette854,Goyette777,,Friesen796,M,white,nonhispanic,F,Wellesley  Massachusetts  US,496 Keeling Ferry Apt 36,Gardner,Massachusetts,Worcester County,25027,01440,42.54766569228722,-71.95829024236428,653307.18,297178.33,67893
2a551e7a-416f-a261-0700-cec89bc13bec,1973-09-20,,999-27-4133,S99964278,X58259123X,Mr.,Myles862,Sterling124,Witting912,,,D,white,nonhispanic,M,Worcester  Massachusetts  US,953 O'Kon Vale Unit 94,Springfield,Massachusetts,Hampden County,25013,01103,42.037368298152906,-72.58658779809828,185902.14,4755.32,53614
e2466423-98c2-c829-398f-36f062d17d30,2019-10-18,,999-30-4067,,,,Christopher407,,Ortiz186,,,,white,nonhispanic,M,Amesbury  Massachusetts  US,227 Medhurst Approach Apt 40,Plymouth,Massachusetts,Plymouth County,25023,02360,41.91408347067625,-70.59984132558516,1150.00,20160.86,1257
a6879460-a5fa-7b1b-c395-980d098abaf6,2010-07-18,,999-56-6216,S99942233,,,Willy639,Maximo817,Koss676,,,,white,nonhispanic,M,Boston  Massachusetts  US,431 Fadel Walk Unit 79,Braintree,Massachusetts,Norfolk County,25021,02184,42.203565994282165,-71.012128555919,44052.38,0.00,133335
5f90ecd8-7694-d4ce-e660-f62d2fd12db0,1974-10-24,,999-23-3644,S99944755,X64256470X,Ms.,Shamika26,Cristine925,Boyer713,,,S,white,nonhispanic,F,Chatham  Massachusetts  US,891 Gutkowski Mill Suite 70,Woburn,Massachusetts,Middlesex County,25017,01801,42.51009526939733,-71.1204953048556,181073.54,959172.28,24297
24d135ba-04b9-0acb-8977-69d1f9a638eb,1984-05-15,,999-12-2845,S99944861,X30675462X,Mrs.,Particia365,Toni630,Wehner319,,Luettgen772,M,asian,nonhispanic,F,Incheon  Incheon  KR,757 Boehm Pathway Suite 65,Medford,Massachusetts,Middlesex County,25017,02155,42.39798759503109,-71.05938948765207,563905.86,510862.48,84906
ca2204d0-2311-3fce-a3bb-c2b7419aabf5,1974-12-09,,999-55-7634,S99975240,X06000530X,Mrs.,Elmer371,Donnetta255,Larson43,,Rodriguez71,M,black,nonhispanic,F,Boston  Massachusetts  US,1096 Cruickshank Center Suite 10,Lowell,Massachusetts,Middlesex County,25017,01850,42.60325008399505,-71.38020327255903,347388.54,656005.37,131954
04a392bf-4769-c23a-a6c4-27c9e05a14ed,1984-04-04,,999-67-5244,S99943391,X80811892X,Mr.,Pierre431,Anton902,Schneider199,,,M,white,nonhispanic,M,Milton  Massachusetts  US,187 Walker Extension Apt 74,Brockton,Massachusetts,Plymouth County,25023,02302,42.116411126105135,-70.98405048119373,85196.01,6013.85,60199
d8c0f3fa-f61b-d850-9fc3-3004c7ce391f,1993-04-18,,999-45-7630,S99973745,X17628171X,Mr.,Randolph418,Micah422,Prohaska837,,,M,white,nonhispanic,M,Manchester-by-the-Sea  Massachusetts  US,628 Boyle Extension,Braintree,Massachusetts,Norfolk County,25021,02184,42.244256960292574,-71.03526265456553,100854.68,2330.26,51060
b6512358-b6d2-7046-d766-55c6b2219948,1964-07-14,,999-94-8206,S99910688,X53411477X,Ms.,Dee580,,Balistreri607,,,S,white,nonhispanic,F,Framingham  Massachusetts  US,933 Shanahan Flat,Sharon,Massachusetts,Norfolk County,25021,02067,42.155146095710656,-71.2051866593343,316603.18,770617.09,162260
8ad4e752-ef77-01f4-8169-27cdfbced65e,1987-12-05,2025-01-20,999-92-7432,S99938271,X43863939X,Mr.,Sol312,,Kuhic920,,,M,white,nonhispanic,M,Brockton  Massachusetts  US,276 Cummerata Well,Grafton,Massachusetts,Worcester County,,00000,42.17076862014932,-71.71664666863356,112322.91,664065.24,729368
e444f077-4c97-0b9d-580e-a69e872ad16e,1921-09-19,1995-10-17,999-55-9771,S99929713,X05490904X,Mr.,Maurice742,Forest317,Schuppe920,,,D,other,nonhispanic,M,Swansea  Massachusetts  US,318 Adams Haven,Falmouth,Massachusetts,Barnstable County,25001,02540,41.52598981845035,-70.64546640094329,291415.18,632386.19,33979
31f939cc-1be4-932b-8b62-ffc514ae171a,1987-12-05,,999-80-6349,S99960897,X20429417X,Mr.,Hank686,,Dare640,,,M,white,nonhispanic,M,Pittsfield  Massachusetts  US,347 Ortiz Fort Apt 93,Grafton,Massachusetts,Worcester County,,00000,42.177952442663624,-71.65571555666733,42126.17,36134.31,729368
6cc8f52c-af30-1a6f-a638-3dab70f17260,1952-01-19,,999-52-6603,S99987389,X70642918X,Mr.,Wilburn655,,Turcotte120,,,M,hawaiian,hispanic,M,Holyoke  Massachusetts  US,591 Herzog Mews,Nantucket,Massachusetts,Nantucket County,25019,02554,41.28171389637046,-70.08900950975017,51345.92,296219.66,199279
3034f235-3f2d-cfc8-181d-c1e20880e5c9,1972-02-27,,999-30-5484,S99912523,X74447380X,Ms.,Gertie348,Shaunte610,Hessel84,,,S,white,nonhispanic,F,Dudley  Massachusetts  US,734 Aufderhar Green Unit 93,Franklin,Massachusetts,Norfolk County,25021,02038,42.065378974208926,-71.4555822620383,406092.59,360615.40,27111
84c84f3b-4f90-3d5e-adfb-06978755f00a,1921-09-19,2007-08-21,999-27-4641,S99922616,X07336462X,Mr.,Elliott563,Pablo44,Larson43,,,M,other,nonhispanic,M,New Bedford  Massachusetts  US,490 Kreiger Boulevard Suite 21,Falmouth,Massachusetts,Barnstable County,25001,02540,41.596154856214866,-70.60268772778946,205803.29,339535.52,33979
6d10a39e-49db-3fe0-754e-9518332f4b2e,1949-01-31,2009-01-09,999-46-1543,S99953031,X28705411X,Mr.,Benton624,Chauncey770,Cronin387,,,M,asian,nonhispanic,M,Springfield  Massachusetts  US,657 Heathcote Crossroad,Marlborough,Massachusetts,Middlesex County,25017,01752,42.31093537614785,-71.58009487659317,543836.49,306146.87,116518
d7601a80-c8f9-700c-3568-3923b3f46b6b,2016-09-04,2021-05-11,999-13-4208,,,,Beau391,,Quigley282,,,,white,nonhispanic,M,Boston  Massachusetts  US,677 Roob Brook,Springfield,Massachusetts,Hampden County,25013,01199,42.145716401356204,-72.61511120472044,275135.23,147140.46,1737
7ca24776-dcc0-7d1b-258f-04cf7143048c,2016-09-04,,999-85-6470,,,,Miles206,Lamont867,Macejkovic424,,,,white,nonhispanic,M,Gloucester  Massachusetts  US,146 Walsh Underpass Apt 70,Springfield,Massachusetts,Hampden County,25013,01106,42.11718626910586,-72.52726702475238,1712.60,24584.54,1737
88fd925e-b499-e832-0740-84350c71f2bf,1934-02-23,,999-88-1351,S99962920,X77474133X,Mrs.,Noriko180,,Keeling57,,Becker968,D,white,nonhispanic,F,Northfield  Massachusetts  US,1081 Larson Junction Suite 57,Belmont,Massachusetts,Middlesex County,25017,02478,42.41831992480891,-71.14915644131331,33365.29,1226999.62,8861
67184114-028f-e1bb-8d7c-15b35813b605,1921-09-19,,999-62-9471,S99986920,X87075011X,Mr.,Antone63,Anthony633,Breitenberg711,,,M,other,nonhispanic,M,Marlborough  Massachusetts  US,621 Kilback Terrace,Falmouth,Massachusetts,Barnstable County,25001,02540,41.62141889152233,-70.64712819882082,199443.31,282676.56,33979
b27c7211-d615-8a5f-c9e8-5b6148a28479,1968-04-04,,999-45-8137,S99910223,X63807688X,Mr.,Alvaro283,Johnson679,Cummings51,,,M,white,nonhispanic,M,Littleton  Massachusetts  US,753 O'Hara Trafficway,Hopkinton,Massachusetts,Middlesex County,25017,01748,42.24653105227169,-71.50473207100731,107041.68,576561.56,34556
96a407ad-d7b3-7462-d73d-206d40963721,1949-01-31,,999-29-1746,S99943860,X30451785X,Mr.,Joe656,,Yundt842,,,S,asian,nonhispanic,M,North Attleborough  Massachusetts  US,977 Spinka Green Suite 26,Marlborough,Massachusetts,Middlesex County,25017,01752,42.313952439289146,-71.56672582550944,193263.87,159358.67,116518
8d69e248-644c-fdcb-39c7-0acd358cb54e,2006-07-05,,999-15-6500,S99956591,X47074921X,Mr.,Eldridge510,Xavier983,Huel628,,,,black,hispanic,M,Boston  Massachusetts  US,620 Rutherford Gate Apt 91,Methuen,Massachusetts,Essex County,25009,01844,42.77097009112019,-71.22156075308517,4152.61,138393.56,19737
4b9c04cd-b4ee-1dbc-6815-abeb49670ec6,2015-05-06,,999-16-6460,,,,Emmanuel930,Mack300,Hintz995,,,,white,nonhispanic,M,Newton  Massachusetts  US,921 Schimmel Road,Stoneham,Massachusetts,Middlesex County,25017,02180,42.43094717832351,-71.13149411027646,25556.40,60.61,110694
b7336190-4a6a-e289-8568-cd1a1870cd62,2018-03-04,,999-41-6675,,,,Dick869,Alphonse92,Boyer713,,,,white,nonhispanic,M,Northborough  Massachusetts  US,563 Cremin Fork,Harwich,Massachusetts,Barnstable County,,00000,41.712349229680534,-70.05349153440118,29374.54,0.00,64206
7172b24a-7302-89a4-7d87-7709a779fb51,1978-05-18,,999-56-1894,S99932434,X53051578X,Ms.,Nichelle912,Jolene291,Harris789,,,S,white,nonhispanic,F,Raynham  Massachusetts  US,593 Carroll Green,New Bedford,Massachusetts,Bristol County,25005,02745,41.59472640942416,-70.95482156994919,86955.33,654637.41,74405
22ff710c-6580-3690-b279-7a8f3ca5e2dc,1963-06-30,,999-48-9251,S99934029,X29931316X,Mrs.,Flor713,,Gutkowski940,,Barrows492,M,white,nonhispanic,F,Uxbridge  Massachusetts  US,360 Lakin Center,West Boylston,Massachusetts,Worcester County,,00000,42.32624930675049,-71.7986000577578,363645.58,612446.26,803229
62eb31b8-28d2-17b6-1387-794f195fa059,1990-03-01,,999-20-6625,S99978725,X73853462X,Mrs.,Angelia425,Lala778,Parisian75,JD,Morar593,M,white,nonhispanic,F,Boston  Massachusetts  US,916 Smith Mission Apt 11,Spencer,Massachusetts,Worcester County,25027,01562,42.224771184994964,-72.01602012502734,167431.24,712374.11,116242
85817a66-d073-4615-c88c-844f5ccc6312,1971-11-15,,999-63-5589,S99960485,X91141276X,Ms.,Adela471,Tangela812,Bauch723,,,S,white,nonhispanic,F,Mattapoisett  Massachusetts  US,659 Schuster Overpass Unit 96,Holbrook,Massachusetts,Norfolk County,25021,02343,42.118619726121665,-70.96616482777348,12084.69,420322.56,19586
71b1eca4-f396-a547-69b5-6aaccda4760b,1973-04-19,,999-71-4330,S99938780,X16389061X,Mrs.,Keeley419,Merna69,Kilback373,,Howell947,M,white,nonhispanic,F,Newton  Massachusetts  US,998 Bailey Village Suite 61,Brockton,Massachusetts,Plymouth County,25023,02301,42.0943267479871,-70.98700514475085,16797.78,1172168.07,13571
134f9a34-d7bb-c08d-e26b-27f2dbdaa427,2023-09-22,,999-13-5235,,,,Jacobo456,Felipe97,Gamez720,,,,black,hispanic,M,Tegucigalpa  Francisco Morazán  HN,757 Leffler Stravenue,Chicopee,Massachusetts,Hampden County,25013,01013,42.13609354947557,-72.56777134461595,9209.50,649.68,102072
393dd070-cf66-0365-b880-aaf46ad4994f,1976-11-19,,999-90-8319,S99959805,X51732363X,Mr.,Douglas31,Zackary401,Mueller846,,,M,black,nonhispanic,M,Hampden  Massachusetts  US,559 Wiza Union,North Pembroke,Massachusetts,Plymouth County,25023,02358,42.12201264898281,-70.82344735694295,140737.91,12119.32,108049
747a0727-e893-40f7-b261-1cdf66d9d15e,1970-07-06,,999-40-6534,S99938108,X94389552X,Mrs.,Aja848,Chassidy418,Berge125,,DuBuque211,M,white,nonhispanic,F,Springfield  Massachusetts  US,421 Turcotte Annex,Boston,Massachusetts,Suffolk County,25025,02199,42.40152664525143,-71.06420217477968,299582.73,884303.30,124210
4ecfe083-7b1a-8f63-3ef2-6912ccd78e78,1957-09-01,,999-83-8963,S99933008,X72800450X,Ms.,Lorretta561,Phylis163,Steuber698,,,S,white,nonhispanic,F,Pembroke  Massachusetts  US,454 Stracke Meadow Suite 69,Norton,Massachusetts,Bristol County,,00000,41.97121246890177,-71.18617672868051,393880.29,918698.76,144366
f06354a1-16d5-89ab-cdd0-7cc6bab44b02,1948-02-22,,999-13-9083,S99940332,X47702643X,Mrs.,Dominique369,Aurora248,Greenholt190,,Hermiston71,M,white,nonhispanic,F,Medway  Massachusetts  US,943 Mayert Street,Taunton,Massachusetts,Bristol County,25005,02780,41.817275301689364,-70.97545162305322,645470.90,213693.80,71894
11c8460e-35f0-fc19-16c0-111bf2bd8922,2023-01-02,,999-38-5994,,,,Lindsay928,Efren426,Bechtelar572,,,,white,nonhispanic,M,Kingston  Massachusetts  US,768 Beer Course,Carver,Massachusetts,Plymouth County,,00000,41.92458815104954,-70.70441765480342,15038.37,0.00,62545
5e86ff3c-61c7-40ca-f61e-4a5cd4f5952d,1993-10-07,,999-53-2368,S99946072,X60971516X,Mr.,Vicente970,,Kub800,,,M,white,nonhispanic,M,Somerville  Massachusetts  US,636 Effertz Camp Apt 8,Worcester,Massachusetts,Worcester County,25027,01604,42.29318036183228,-71.80892506127718,85538.25,630383.47,182478
a9ad07b2-9136-3a47-c222-8314db68fed9,1954-01-23,,999-65-2641,S99965146,X45373244X,Ms.,Shaunte610,Marylee823,Crooks415,,,S,white,nonhispanic,F,Williamstown  Massachusetts  US,187 Cole Dale Apt 66,Brookline,Massachusetts,Norfolk County,25017,02467,42.315705568424065,-71.1763776536138,314946.44,797635.24,935551
8cdc027b-99e0-647a-12d7-1a3eb4eaca02,1974-08-09,,999-49-5657,S99937443,X70603240X,Mr.,Ronald408,Aaron697,Gerlach374,,,S,white,nonhispanic,M,Framingham  Massachusetts  US,282 Legros Rapid Unit 9,Bridgewater,Massachusetts,Plymouth County,25023,02324,41.97007648308313,-70.96527353040857,121277.37,12067.75,74996
1c3ccbe5-f5e1-a530-d709-784b7101a280,2010-04-10,,999-42-5779,S99961778,,,Edwin773,Daniel959,Larkin917,,,,white,nonhispanic,M,Methuen  Massachusetts  US,1021 Simonis Club Unit 82,Waltham,Massachusetts,Middlesex County,25017,02451,42.347322351110115,-71.19247000628387,5750.00,506838.62,19507
1f2eafa4-b9a1-444a-68f0-aa2ac9db6406,2024-12-23,,999-44-4793,,,,Mckinley734,Fletcher87,Bednar518,,,,white,nonhispanic,M,New Bedford  Massachusetts  US,151 Berge Branch,Shrewsbury,Massachusetts,Worcester County,,00000,42.31928708763629,-71.70185112417573,6149.61,237.14,75198
723adf58-a3bb-866c-76d7-aeecad44bdd4,2020-04-26,,999-16-7156,,,,Gonzalo160,Clemente531,Guerrero997,,,,white,hispanic,M,Portsmouth  Saint John Parish  DM,436 Rogahn Route,Grafton,Massachusetts,Worcester County,,00000,42.255077731958345,-71.71465298460856,17408.12,0.00,57302
6096d079-3654-46fc-dc3b-e5a686acef67,2002-09-23,,999-77-2776,S99919425,X55567111X,Ms.,Elvira561,Blanca837,Díaz674,,,,black,hispanic,F,Guatemala City  Guatemala  GT,979 Macejkovic Parade Suite 80,Lynn,Massachusetts,Essex County,25009,01901,42.44931759978147,-70.97828693150619,104382.95,568572.15,95284
83202f8d-9b7c-6d82-186b-b6f319493087,2009-09-18,,999-32-7415,S99910324,,,Aubrey96,Rico947,Heaney114,,,,white,nonhispanic,M,Concord  Massachusetts  US,597 Monahan Esplanade Suite 88,Worcester,Massachusetts,Worcester County,25027,01602,42.28928238115755,-71.76244927513429,37958.09,11340.68,60038
a43e0bdc-3c18-2989-4f8f-70e547e23d87,1964-05-21,,999-49-2579,S99977172,X89197573X,Mr.,Anderson154,Alvaro283,Brekke496,,,M,white,nonhispanic,M,Williamsburg  Massachusetts  US,157 Bahringer Row Apt 28,Marshfield,Massachusetts,Plymouth County,25023,02050,42.10139381556395,-70.75700206240033,278180.63,573344.23,53397
883aac52-010d-ccee-346d-d4be24ea4b2e,1985-04-03,,999-54-7977,S99982916,X73727692X,Ms.,Mayte822,Carmen818,Collazo246,,,S,white,hispanic,F,Santiago de los Caballeros  Santiago  DO,281 Ward Drive Suite 3,New Bedford,Massachusetts,Bristol County,25005,02746,41.699975384747816,-70.88989238781815,214762.44,566400.12,120954
6338393d-af0c-e3e0-ac14-e0f6b647691e,2001-01-02,,999-57-3223,S99962948,X09670247X,Ms.,Marget728,,Dare640,,,,white,hispanic,F,Sutton  Massachusetts  US,959 Senger Manor,Agawam,Massachusetts,Hampden County,25013,01001,42.028930980146455,-72.64938828693302,7075.35,344878.95,4143
cedb8f08-2e39-7040-37aa-495ada26dea1,2013-03-27,,999-47-2415,,,,Alfred550,Stuart913,Davis923,,,,white,nonhispanic,M,Braintree  Massachusetts  US,808 Brekke Orchard,Arlington,Massachusetts,Middlesex County,25017,02476,42.406719581810435,-71.11663454585046,37346.53,10557.96,44408
4ce5d6c9-54e7-ad85-205d-0e26b6927e78,1967-10-05,2020-01-01,999-15-3026,S99966623,X21450324X,Mrs.,Eva64,Irene779,Dueñas839,JD,Archuleta517,M,white,hispanic,F,Mexico City  Mexico City  MX,869 Jaskolski Bay,Newton,Massachusetts,Middlesex County,25017,02461,42.359477566065884,-71.1757662876249,12852.30,548969.90,10002
f0711698-2d83-a8d2-11be-7216bbcc93f4,1976-02-19,,999-70-1861,S99914976,X48049499X,Mrs.,Cathrine584,Yulanda554,Tillman293,,Brakus656,M,white,nonhispanic,F,Natick  Massachusetts  US,400 Beer Dale Apt 60,East Dennis,Massachusetts,Barnstable County,25001,02641,41.735176250165864,-70.13601400204251,406984.35,529156.31,39491
b90e8c69-a795-305c-307e-504860a35af4,1979-01-04,,999-88-3345,S99984569,X06579928X,Mr.,Santos184,Asa127,Fahey393,,,M,white,nonhispanic,M,Wakefield  Massachusetts  US,777 Hansen Street,Ashburnham,Massachusetts,Worcester County,,00000,42.59971122708437,-71.92335213543906,102881.34,0.00,60138
411d2ca6-2ea9-dd6f-ff6f-1f026eae1f84,2013-03-08,,999-11-4909,,,,Madelaine318,Felice694,McKenzie376,,,,white,nonhispanic,F,Fiskdale  Massachusetts  US,223 VonRueden Hollow,Boston,Massachusetts,Suffolk County,25025,02121,42.294904425890415,-70.97700142684732,39416.94,5238.79,110852
4df26753-44cd-683b-ff5e-9dfd2a8040c4,1967-10-05,,999-11-8390,S99953361,X56972811X,Mrs.,María842,Raquel318,Cepeda588,MD,Botello137,D,white,hispanic,F,Havana  Havana  CU,417 Lakin Trailer Unit 78,Newton,Massachusetts,Middlesex County,25017,02467,42.29117273282231,-71.18018331401936,16511.49,1097699.30,10002
39acd19e-7b4e-6606-e4bc-1d20e605c5bc,1971-10-20,2026-05-09,999-71-2683,S99924229,X67485878X,Mrs.,Magdalen131,Maragret485,Ankunding277,,Ebert178,M,white,nonhispanic,F,Belmont  Massachusetts  US,204 Okuneva Wynd Apt 63,East Bridgewater,Massachusetts,Plymouth County,,00000,41.999172504192465,-70.94597707907346,296360.17,457162.85,24114
2f2d1eb4-3b53-9f6b-beb0-5b6fb98bdf2d,1942-02-06,,999-43-9420,S99935221,X46114462X,Mrs.,Kylie930,Amparo58,Kozey370,,Reichel38,M,white,nonhispanic,F,Peabody  Massachusetts  US,474 Waelchi Row,Ayer,Massachusetts,Middlesex County,25017,01432,42.565290083151936,-71.62505441889967,48156.29,2110863.49,23102
d7e74ab2-696d-bd76-69a2-67c3fec09993,1995-01-11,,999-74-5874,S99912422,X14326051X,Mrs.,Johnette525,Sheri207,Pfeffer420,,Tillman293,M,black,nonhispanic,F,New Bedford  Massachusetts  US,511 Lockman Well,Boston,Massachusetts,Suffolk County,25025,02210,42.26580531088214,-71.10453223902934,8862.11,540810.53,14159
db8cef11-2697-b2b1-5d9e-fba72951fe90,1972-03-11,,999-16-6378,S99920860,X12306917X,Mrs.,Ngoc221,Alisha974,Schowalter414,,Batz141,D,white,nonhispanic,F,Ayer  Massachusetts  US,949 Hegmann Vista Suite 8,Hudson,Massachusetts,Middlesex County,25017,01749,42.37616731827058,-71.57004935987227,845366.51,476140.39,57674
26e97e58-d9fd-754a-ca1a-7aa07928e457,2008-10-21,,999-33-7022,S99915874,,,Cristian531,José María211,Zepeda235,,,,white,hispanic,M,Santiago  Santiago Province  CL,1067 Kohler Fork Suite 5,Wales,Massachusetts,Hampden County,,00000,42.03540168367104,-72.27496803775503,39450.16,19176.67,63155
72418fb1-73b0-63cb-bfc5-8d58f3e1717f,1975-06-10,,999-27-1379,S99944127,X15749278X,Mrs.,Jen355,Violeta106,Jacobi462,,Mosciski958,D,asian,nonhispanic,F,Chongqing  Chongqing Municipality  CN,261 Okuneva Overpass Unit 1,Tyngsborough,Massachusetts,Middlesex County,,00000,42.68278383796075,-71.38030194316657,1239621.04,132327.81,109850
e5f2db8a-1d9a-31cf-ee91-909ea4071e45,1971-10-20,,999-81-7110,S99917666,X77807802X,Mrs.,Katrina8,Lanie389,Homenick806,,Boehm581,M,white,nonhispanic,F,Somerset  Massachusetts  US,1052 Koss Walk Apt 82,East Bridgewater,Massachusetts,Plymouth County,,00000,42.056732108751135,-70.94588800675321,173414.52,1646450.54,24114
b54989c2-34b4-17f7-a75a-cc069ea232e6,1952-02-03,,999-96-4217,S99917358,X26173907X,Mr.,Rickey821,Rolf983,Rice937,,,M,white,nonhispanic,M,Hopkinton  Massachusetts  US,394 Feil Estate Suite 14,Spencer,Massachusetts,Worcester County,25027,01562,42.27175870597869,-72.03394085106844,19088.34,407491.17,16309
5d7ea316-9f4f-050d-7052-2f38d4eaffff,2024-08-14,,999-21-4493,,,,Corey514,Barrett790,Volkman526,,,,white,nonhispanic,M,Dracut  Massachusetts  US,382 Prohaska Alley,New Bedford,Massachusetts,Bristol County,25005,02748,41.705225325490645,-70.92129558297789,6668.62,362.30,141188
e19beb5b-d819-fd67-6034-ec6ddf161ef5,1994-09-05,,999-48-9781,S99947027,X96577519X,Mr.,Joey457,Thanh759,Gerhold939,,,M,other,nonhispanic,M,East Longmeadow  Massachusetts  US,1082 Kessler Branch,Charlton,Massachusetts,Worcester County,,00000,42.15539103284035,-71.95895994391452,71882.41,17910.32,30716
918c7280-b19a-83f7-f414-268766e1fbc9,1982-06-26,,999-52-2859,S99914062,X94560338X,Mrs.,Vickie113,Tatiana738,Bailey598,,Kreiger457,M,white,nonhispanic,F,South Hadley  Massachusetts  US,889 Mueller Row Apt 24,Wenham,Massachusetts,Essex County,,00000,42.60313932206112,-70.92619680746124,344273.85,906574.91,249230
045a051d-f6f5-6a64-3d0f-6d3401b89285,1988-01-08,,999-49-7807,S99995362,X39077387X,Mr.,Jonathan639,Manual570,Bosco882,,,M,white,nonhispanic,M,Cheshire  Massachusetts  US,393 Volkman Street Unit 34,Lawrence,Massachusetts,Essex County,25009,01841,42.6976405532402,-71.18792953754568,74319.15,0.00,77056
10b7b546-5d4d-c187-d79b-c4829a429759,1988-05-01,,999-73-3163,S99930951,X39936551X,Mrs.,Valarie790,,Stoltenberg489,,Powlowski563,M,white,nonhispanic,F,Plainville  Massachusetts  US,815 Doyle Row Unit 12,Waltham,Massachusetts,Middlesex County,25017,02453,42.37265608163986,-71.26866913879215,12047.51,276107.60,1776
538d97a7-84a7-f03b-16b7-4af6f3f78737,1976-05-15,,999-42-5904,S99951458,X72440166X,Mr.,Guy979,Tyler508,Kozey370,,,D,hawaiian,nonhispanic,M,Barnstable  Massachusetts  US,505 Bergstrom Byway Unit 1,Wilbraham,Massachusetts,Hampden County,25013,01095,42.12733899148309,-72.40167591812062,208343.19,0.00,96768
dbfad56b-07d1-451c-4249-d30a62a1ac32,1987-07-05,,999-76-1051,S99996326,X03202017X,Mr.,Don899,Augustine565,Beatty507,,,S,white,nonhispanic,M,Boston  Massachusetts  US,204 Baumbach Bypass Suite 23,Belmont,Massachusetts,Middlesex County,25017,02472,42.36189142436662,-71.21412014730605,21985.48,121746.15,138886
6a480329-88bc-6bc7-74be-c371e4a1af98,2006-01-09,,999-33-9988,S99993895,X27684173X,Mr.,Vern731,Galen747,McCullough561,,,,asian,nonhispanic,M,Chilmark  Massachusetts  US,240 Gaylord Ramp Suite 33,Belmont,Massachusetts,Middlesex County,25017,02138,42.44530701965052,-71.17592737210468,42721.06,1843.87,568720
ee6420b4-7098-652f-d445-849588fbbf45,1995-05-30,,999-68-2812,S99932175,X32974420X,Ms.,Rocio28,Andrea7,Ulloa39,,,S,white,hispanic,F,Wesley  Saint Andrew Parish  DM,221 Wisoky Alley,Boston,Massachusetts,Suffolk County,25025,02110,42.35128834167671,-71.02964471271616,235216.91,35838.00,44508
0b2fabdc-7fe6-40b6-838d-d4f12b986c66,2006-04-12,,999-55-4108,S99950195,X41620159X,Ms.,Marcie463,Noelia656,Considine820,,,,white,nonhispanic,F,Amherst Center  Massachusetts  US,725 Weimann Vale Unit 40,Chicopee,Massachusetts,Hampden County,25013,01020,42.197566070210115,-72.5459345432176,110596.54,804183.42,83546
00e779b5-076c-dc27-40bd-a4ca30464afa,1998-04-14,,999-30-8839,S99949993,X73328813X,Mr.,Edwin773,Omer483,Reichert620,,,M,white,nonhispanic,M,Beverly  Massachusetts  US,1078 Okuneva Throughway,Fitchburg,Massachusetts,Worcester County,25027,01420,42.605002834795684,-71.82721377901352,77366.50,48522.66,34008
ef5d5733-5a42-346b-a6fd-37bda7e43b4d,2002-04-09,,999-37-4513,S99948715,X96904562X,Ms.,Kristian973,Genoveva361,Pfeffer420,,,,white,nonhispanic,F,Peabody  Massachusetts  US,939 Upton Road Apt 74,Southborough,Massachusetts,Worcester County,,00000,42.272174423707156,-71.54961109450123,84267.87,152599.77,45206
541ceae2-0686-42c9-67b5-3d912e4e7ff1,1957-09-09,,999-19-6898,S99965193,X84634566X,Mr.,Fletcher87,Alvin56,Berge125,,,M,white,nonhispanic,M,Cambridge  Massachusetts  US,684 Kertzmann Common Apt 10,Braintree,Massachusetts,Norfolk County,25021,02184,42.15720620533607,-71.03373934863215,153100.97,27807.41,50129
c3e81ca1-8ca8-3e46-c700-50e6cea7ea1b,2004-12-26,,999-14-6997,S99994143,X90558593X,Mr.,Shayne60,Chas63,Maggio310,,,,white,nonhispanic,M,Belmont  Massachusetts  US,756 Barton Passage Suite 61,Pittsfield,Massachusetts,Berkshire County,25003,01201,42.49639257068792,-73.28874200631006,4424.71,51355.64,16654
c1f14c37-6cb6-592e-007b-ea2890f1e74f,2020-05-01,,999-19-7049,,,,Glennie916,Laurel943,Graham902,,,,white,nonhispanic,F,North Brookfield  Massachusetts  US,851 Lubowitz Ferry,Lowell,Massachusetts,Middlesex County,25017,01854,42.672278470398844,-71.35537503529888,12669.38,0.00,45069
c3c1c8a5-6a9b-931f-db30-2d621d7dc51c,1958-05-12,2017-04-02,999-13-8568,S99984597,X07162138X,Mrs.,Alvina833,Shawn523,Rempel203,,Ritchie586,M,white,nonhispanic,F,Sturbridge  Massachusetts  US,408 Rempel Club Unit 15,Hadley,Massachusetts,Hampshire County,,00000,42.398392412357474,-72.60147709226075,797636.25,238936.37,66265
fae080f6-ee61-43d4-8933-4e1ec3c7a41d,1953-04-08,,999-92-6556,S99920295,X94275035X,Mr.,Rolf983,Emery884,Daniel959,,,M,white,nonhispanic,M,Bliss Corner  Massachusetts  US,238 Lueilwitz Crossroad Apt 45,Duxbury,Massachusetts,Plymouth County,25023,02332,42.00337881165799,-70.69640974880171,157985.43,55204.02,111615
f0a9ad94-1649-49d9-bb1b-0f3a491b5fbb,2011-07-02,,999-74-6444,,,,Warren653,Daron260,O'Hara248,,,,asian,nonhispanic,M,Medfield  Massachusetts  US,160 Shanahan Center Apt 88,Boston,Massachusetts,Suffolk County,25025,02152,42.33641749013969,-71.04741114946341,33367.58,7486.70,69443
1a19e0aa-cd15-0976-7a7f-be4578fba4e7,1953-03-26,,999-61-7099,S99956562,X03998536X,Mrs.,Marylyn194,Misha8,Ratke343,,Luettgen772,M,white,nonhispanic,F,Somerville  Massachusetts  US,748 Murray Trailer Unit 49,Quincy,Massachusetts,Norfolk County,25021,02186,42.295526407097036,-70.98968460355995,875356.90,274963.48,76563
880a5e47-a222-6a51-795b-b51cb15d0c7c,1984-04-05,,999-28-8720,S99958002,X03094165X,Mrs.,Dorthy94,,Windler79,,Stoltenberg489,M,black,hispanic,F,Lawrence  Massachusetts  US,687 Jenkins Trace,Lynn,Massachusetts,Essex County,25009,01902,42.49619764210343,-70.97318888202824,16256.46,1175800.01,5978
c938a6a3-0e85-cb84-8c68-5fd7981be649,2003-06-01,,999-84-5745,S99926935,X09951220X,Mr.,Tommy814,Jared66,Kessler503,,,,white,nonhispanic,M,Boston  Massachusetts  US,533 Schroeder Center Apt 51,South Amherst,Massachusetts,Hampshire County,,00000,42.31791807336604,-72.49339751598583,59172.78,3740.80,507091
fcc4048e-c121-506c-cf4d-f6bbb3b3cc5b,2006-10-13,,999-78-6240,S99946550,,Mr.,Junior695,,Howell947,,,,white,nonhispanic,M,Methuen  Massachusetts  US,123 Jacobson Village,Raynham,Massachusetts,Bristol County,,00000,41.93136521618919,-71.05019789729255,35818.06,36614.31,322356
945b275f-e055-f256-2bc7-5572fbe940a7,2022-01-07,,999-25-1633,,,,Daniel959,Alvaro283,Hartmann983,,,,black,nonhispanic,M,Boston  Massachusetts  US,609 Kshlerin Trace,Holyoke,Massachusetts,Hampden County,25013,01040,42.192399815746846,-72.59400642796167,550.00,19523.33,25412
ce0ef316-ceee-6b26-92d0-19fb54a2fd94,1967-07-09,,999-90-3276,S99947720,X05226206X,Mr.,Kenton313,Chance908,Parisian75,,,W,other,nonhispanic,M,Shrewsbury  Massachusetts  US,544 Kuphal Pathway,Acton,Massachusetts,Middlesex County,,00000,42.53046383901416,-71.4431770829754,75096.79,217253.06,96495
fc9ccceb-cacb-3e22-522b-d94225ee5e8b,1953-06-24,,999-75-4886,S99988128,X60902531X,Mr.,Rubin812,Riley817,Daugherty69,,,D,white,nonhispanic,M,Westminster  Massachusetts  US,938 Stehr Lodge Unit 93,Shrewsbury,Massachusetts,Worcester County,,00000,42.304911896551125,-71.74135917038055,455525.74,81651.69,39295
8b1869c8-94b6-9490-abee-2ac1b5a0c1f8,1999-10-09,,999-88-6110,S99949845,X61176107X,Mr.,Dorian295,Kyle55,Gottlieb798,,,,white,nonhispanic,M,Boston  Massachusetts  US,521 Goyette Wall,Framingham,Massachusetts,Middlesex County,25017,01702,42.2769341701249,-71.44109001709619,103681.25,13215.65,138245
b178edc6-2055-a0b6-12b6-ffac66c53cd3,1958-05-12,,999-38-4706,S99969243,X72461089X,Ms.,Otilia736,,Rippin620,,,S,white,nonhispanic,F,Boston  Massachusetts  US,811 Wilkinson Tunnel Apt 44,Hadley,Massachusetts,Hampshire County,,00000,42.358414106010535,-72.5681262038414,716488.87,537739.06,66265
c9a46955-9771-7bd1-38f7-f16748895256,2026-02-16,,999-86-4627,,,,Ginette140,,Weber641,,,,white,nonhispanic,F,Lowell  Massachusetts  US,140 Hirthe Arcade,Barnstable,Massachusetts,Barnstable County,25001,02632,41.67420462531432,-70.30648819074749,2585.58,0.00,47173
4180dbcb-7411-85d4-d187-f22d7d466de1,1971-04-01,,999-71-7299,S99926308,X86224787X,Mr.,Stephan15,Vincent299,Shanahan202,,,D,white,nonhispanic,M,Blackstone  Massachusetts  US,910 Mante Park,Salem,Massachusetts,Essex County,25009,01907,42.53266209583624,-70.854271019633,154019.58,111022.49,64302
018e476b-482b-249e-0ff9-89b490e881ac,1985-06-07,,999-94-6745,S99955028,X96515856X,Mr.,Elvin140,Wilmer32,Waelchi213,,,S,white,hispanic,M,Hubbardston  Massachusetts  US,206 DuBuque Glen Unit 56,New Bedford,Massachusetts,Bristol County,25005,02746,41.55662885704644,-70.93415616956369,129041.48,36625.81,130245
7f6a14ac-27e9-50b2-4b9e-588fd3d1a158,2006-01-15,,999-71-5174,S99968896,X01334445X,Ms.,Tien590,Ossie995,O'Connell601,,,,asian,nonhispanic,F,Needham  Massachusetts  US,920 Daugherty Lock Suite 22,Barnstable,Massachusetts,Barnstable County,25001,02647,41.66662955096946,-70.30222116336493,42853.95,7375.96,46590
e4779989-f733-5042-9d51-dde9cf177402,1927-04-30,2011-12-04,999-12-6560,S99914882,X75401261X,Mr.,Christian753,Joaquin141,Skiles927,,,M,white,nonhispanic,M,Boston  Massachusetts  US,424 Schneider Green,Dracut,Massachusetts,Middlesex County,,00000,42.69187293357989,-71.29700320624515,15460.49,483759.71,13875
0949d099-f32e-3199-b309-dd09b66f3904,1962-08-02,,999-11-1913,S99945195,X32174728X,Mr.,Teddy976,,Ullrich385,,,M,white,nonhispanic,M,Lynn  Massachusetts  US,408 Stoltenberg Camp Unit 65,Natick,Massachusetts,Middlesex County,,00000,42.32589621416994,-71.380877837874,154697.99,38863.33,153665
d79a33b3-d932-7be9-324b-b28feca3405a,2004-05-08,,999-47-5955,S99969219,X60759874X,Ms.,Danelle47,,Fahey393,,,,white,nonhispanic,F,Wareham  Massachusetts  US,218 Jones Viaduct,Boston,Massachusetts,Suffolk County,25025,02126,42.362283821071586,-71.08162590309806,88040.79,136959.75,395002
0c3c1b83-a78d-428c-c36a-f09bb7b564c2,1981-12-26,,999-25-3524,S99925290,X00696685X,Mr.,Jonas187,,Nicolas769,,,M,white,nonhispanic,M,Boston  Massachusetts  US,664 Lang Course,Stoneham,Massachusetts,Middlesex County,25017,02180,42.44263265540875,-71.13123392057886,95472.95,6939.10,196946
5bd2d989-f169-162f-be87-31adeb54742b,1927-04-30,2005-01-10,999-82-8194,S99949259,X79172312X,Mr.,Sherman440,Amos720,Kessler503,,,W,white,nonhispanic,M,South Yarmouth  Massachusetts  US,954 Emmerich Estate,Dracut,Massachusetts,Middlesex County,,00000,42.68283055360446,-71.28533848749215,14224.72,396786.07,13875
085249b7-590b-86a2-74c2-076c8b56011c,1921-06-28,,999-74-6000,S99910144,X52248424X,Ms.,Gaynelle249,Viki353,Waters156,,,S,white,nonhispanic,F,Plainville  Massachusetts  US,650 Halvorson Gate,Barnstable,Massachusetts,Barnstable County,25001,02675,41.71518005965538,-70.29933496346749,740791.10,383193.40,83847
aa833f23-c747-86cb-8e7d-e8e915bf2687,1927-04-30,1994-02-18,999-70-7275,S99960916,X55056713X,Mr.,Guillermo498,Adolfo777,Zemlak964,,,M,white,nonhispanic,M,Framingham  Massachusetts  US,113 Schroeder Stravenue,Dracut,Massachusetts,Middlesex County,,00000,42.640135849763865,-71.27379999332649,16233.92,235774.76,13875
b3c7b7b3-0b24-5a12-0961-e6ab7e0a923e,1993-08-26,,999-79-8423,S99984164,X16412537X,Mr.,Jimmie93,Rolando809,Brakus656,,,M,white,nonhispanic,M,Acton  Massachusetts  US,633 Anderson Fort,Ludlow,Massachusetts,Hampden County,,00000,42.15977032060289,-72.49768256813178,127222.21,54350.15,146601
347164dd-7c00-2783-9793-f09bffe592d5,1946-04-08,,999-37-6402,S99955191,X73881853X,Mrs.,Kristine579,Alix578,Macejkovic424,,Russel238,D,white,nonhispanic,F,Ashland  Massachusetts  US,790 Kris Byway,Springfield,Massachusetts,Hampden County,25013,01151,42.15467637983567,-72.63596209512131,191121.10,1138810.23,132137
3898c3d3-be1b-570a-f09e-cd6d0e62aff7,1972-11-23,,999-31-5119,S99981537,X27325709X,Mrs.,Dorine689,,Turcotte120,,Gibson10,M,asian,nonhispanic,F,Incheon  Incheon  KR,469 White Quay,Weymouth,Massachusetts,Norfolk County,25021,02191,42.19716193448945,-70.93965142666872,17841.40,1288802.54,9129
8bf09af6-e34e-c4bf-124c-f7a5cc7fa026,1991-07-08,,999-69-4008,S99945697,X57606590X,Mr.,Nathan164,Jerrell6,Rohan584,PhD,,S,white,nonhispanic,M,Cambridge  Massachusetts  US,960 Torp Underpass Suite 21,Everett,Massachusetts,Middlesex County,25017,02149,42.394640618006974,-71.03133799620586,85752.32,12358.31,92096
ebbfcb7e-b0f3-8b26-5922-aed0f465771b,1985-09-29,,999-38-3453,S99979992,X80872268X,Mr.,Harry448,Enrique929,Mante251,,,D,native,nonhispanic,M,Chelmsford  Massachusetts  US,967 Rau Grove Unit 43,North Attleborough,Massachusetts,Bristol County,,00000,41.941711623309345,-71.29833849503319,121843.06,0.00,61984
2eba75a9-0c26-cc22-959b-a0929ac6ae3d,1927-04-30,,999-31-7428,S99983814,X88336345X,Mr.,Mack300,,Smitham825,,,D,white,nonhispanic,M,Mashpee  Massachusetts  US,780 Erdman Wynd,Dracut,Massachusetts,Middlesex County,,00000,42.64144046596604,-71.27569932016749,50791.58,1123965.68,13875
ad71b663-c90f-8f2b-22eb-3b2fa7313942,2009-07-12,,999-34-9477,S99988429,,,Nelia669,Casimira119,Frami345,,,,white,nonhispanic,F,Westborough  Massachusetts  US,397 Hagenes Terrace Apt 73,Plymouth,Massachusetts,Plymouth County,25023,02360,41.869132163250725,-70.59999151933386,24764.08,17611.38,138028
b6d87795-331d-8ec6-3062-d4f5cfc9878a,1988-07-11,,999-40-9249,S99963656,X60487399X,Mr.,Peter292,,Langworth352,,,M,white,hispanic,M,Boston  Massachusetts  US,977 Kshlerin Spur Unit 84,Springfield,Massachusetts,Hampden County,25013,01109,42.0856681084949,-72.60609390566404,8895.06,137218.00,4090
1a32a027-35d9-b9b7-b327-907cae1694ab,2009-05-08,,999-88-2182,S99920710,,,Brittaney358,Rutha66,Labadie908,,,,white,nonhispanic,F,Brockton  Massachusetts  US,647 Batz Lodge Suite 33,Fitchburg,Massachusetts,Worcester County,25027,01420,42.63533260455257,-71.77022986135597,6882.94,688034.21,15557
4ceee73c-d92c-2be2-fbb4-0eba864eec16,1986-02-27,,999-91-4431,S99915792,X84485395X,Mr.,Germán350,Cristian531,Narváez57,,,D,white,hispanic,M,Mexico City  Mexico City  MX,720 Ullrich Neck Apt 5,Oak Bluffs,Massachusetts,Dukes County,,00000,41.480151959606516,-70.51192804019772,94433.24,28130.95,145902
6379e874-126e-3677-b68c-b2057cbd2db1,2020-08-24,,999-29-1760,,,,Maggie320,,Hagenes547,,,,white,nonhispanic,F,East Longmeadow  Massachusetts  US,329 Dickens Avenue Apt 61,Swansea,Massachusetts,Bristol County,,00000,41.76530521656671,-71.22577933198814,22819.81,6089.00,176981
1b18509e-d9b0-eb34-e96d-1fcccac120d1,1977-03-10,,999-35-8953,S99953211,X36588873X,Mrs.,Enola75,,Glover433,,Stiedemann542,M,white,nonhispanic,F,Ayer  Massachusetts  US,319 Wolf Annex Apt 73,Franklin,Massachusetts,Norfolk County,25021,02038,42.074245696645384,-71.45871140058227,296417.09,705578.66,177169
2f980d0b-79a3-e990-4403-11679484a45a,2002-10-06,,999-76-2042,S99946572,X26375258X,Mr.,Miguel815,Otis335,Dicki44,,,,white,nonhispanic,M,Winthrop  Massachusetts  US,408 Johns Walk Apt 20,Cambridge,Massachusetts,Middlesex County,25017,02140,42.35934290262929,-71.17664576951657,84065.96,0.00,108296
c340bbbf-8c1a-3ba1-161c-8f1561b723f9,2025-06-15,,999-17-6787,,,,Lakeisha206,Le457,Keebler762,,,,white,nonhispanic,F,Boston  Massachusetts  US,141 Reinger Dale Unit 72,Northborough,Massachusetts,Worcester County,25027,01532,42.32493886193926,-71.59679184561683,3752.55,3346.18,334284
6c9a5799-fad4-7bbf-31df-52bf7400eee3,2010-11-02,,999-25-7936,,,,Mariah942,Sharen57,Kassulke119,,,,white,nonhispanic,F,Dracut  Massachusetts  US,725 Hauck Plaza Suite 8,Dudley,Massachusetts,Worcester County,,00000,42.05209012419018,-71.93150011319,15236.53,94141.73,92082
e483495e-2bd9-fc48-11cf-3f6463866e62,2004-08-24,,999-59-7991,S99915831,X84407418X,Ms.,Bernice532,Ute382,Schroeder447,,,,white,nonhispanic,F,Methuen  Massachusetts  US,132 Bins Bridge Apt 14,Tewksbury,Massachusetts,Middlesex County,,00000,42.653582152871046,-71.2511585462941,80097.95,146141.32,79014
4813c86b-3f40-c67e-c6a9-d68eb4a3c20c,2017-04-04,,999-59-8539,,,,Jackie93,,Sporer811,,,,white,nonhispanic,M,Boston  Massachusetts  US,245 Pfeffer Dam,Worcester,Massachusetts,Worcester County,25027,01603,42.317933842508005,-71.76944048795818,34444.30,0.00,43983
46ea038a-acf1-d2eb-c05f-b9938184e976,1967-10-30,,999-92-2628,S99923233,X36234101X,Mrs.,Irene779,Claudia969,Haro814,,Galarza986,M,white,hispanic,F,Puebla  Puebla  MX,763 Larkin Walk,Boston,Massachusetts,Suffolk County,25025,02109,42.34022261265103,-71.05471113146545,578715.08,685640.29,119276
4e87d61e-9f4d-b6b0-2cb6-ade5760033ce,2013-06-17,,999-35-4389,,,,Shanna635,Lacey714,Shanahan202,,,,asian,nonhispanic,F,Arlington  Massachusetts  US,243 Lakin Vista,Methuen,Massachusetts,Essex County,25009,01844,42.78130609916262,-71.21325390221075,36090.29,10496.21,28843
7faec552-ee92-3a7e-4bde-1fefc45f3122,1992-03-17,,999-18-3626,S99994354,X72921859X,Mrs.,Chong355,Simona661,Prohaska837,,Crona259,M,white,nonhispanic,F,Dedham  Massachusetts  US,614 Runolfsson Drive,Dedham,Massachusetts,Norfolk County,25021,02026,42.27752766975144,-71.15236052548967,281755.09,477668.51,39043
90c09c27-f731-efb5-4ccb-6c33137e8c71,1938-12-10,2016-09-14,999-90-7052,S99917848,X36716075X,Mr.,Stanton715,Fausto876,Botsford977,,,M,white,nonhispanic,M,Southwick  Massachusetts  US,1018 Eichmann Mission,Revere,Massachusetts,Suffolk County,25025,02151,42.450384741739825,-71.04121246438568,82258.17,3628229.36,10041
8b517fab-66ec-1431-adf4-9ed55c0aab1b,1961-06-27,,999-65-7299,S99968960,X76721306X,Mr.,Bradford382,Vincent299,Becker968,,,M,white,nonhispanic,M,Munich  Bavaria  DE,695 Mitchell Corner Apt 71,Braintree,Massachusetts,Norfolk County,25021,02184,42.22151304100971,-70.97580998265691,580395.62,274049.65,112988
2279f31b-732c-91ba-f4a1-46126d306c20,1992-09-01,,999-57-3646,S99929648,X86477904X,Mrs.,Lillie543,Tova870,Prosacco716,,Parker433,M,white,hispanic,F,Medfield  Massachusetts  US,704 Ratke Union,Andover,Massachusetts,Essex County,25009,01810,42.6163208860172,-71.16063971357276,60258.11,240292.69,70580
22583311-245b-4276-9979-2d404f0e8a47,1990-03-28,,999-36-3611,S99984983,X97862544X,Mr.,Willard975,,D'Amore443,,,M,white,nonhispanic,M,Boston  Massachusetts  US,792 Schowalter Lane,Kingston,Massachusetts,Plymouth County,25023,02364,42.02350531854628,-70.71153548581981,73670.93,780.00,198443
3cfe01ba-98c4-4303-01bc-79745d893e23,1941-11-23,2002-11-03,999-90-7843,S99912034,X38974894X,Mr.,Dominic463,Augustine565,Kuvalis369,,,M,white,nonhispanic,M,Boston  Massachusetts  US,434 Schamberger Hollow,Fall River,Massachusetts,Bristol County,25005,02723,41.69740969869488,-71.11347775121637,157593.98,11181.39,122491
0a7d79d4-6587-7633-28e6-96e13c9ff355,2011-09-13,,999-53-8599,,,,Hugh686,Elroy493,Marquardt819,,,,white,nonhispanic,M,Boston  Massachusetts  US,805 Brekke Meadow Suite 9,Palmer,Massachusetts,Hampden County,25013,01069,42.19563344406707,-72.35161071208721,20439.92,17000.41,108022
91d548c0-daaf-650d-5cfa-43f8f7fdf28c,1951-08-08,,999-39-2442,S99986855,X49291792X,Mr.,Devin82,Jackie93,Larson43,,,M,white,nonhispanic,M,Rockport  Massachusetts  US,675 Zulauf Trail,South Duxbury,Massachusetts,Plymouth County,,00000,41.973176988061795,-70.6637439562458,207623.24,1035022.15,23863
c6be6747-0560-ae72-a05e-c9959b58191d,2000-05-07,,999-88-6051,S99975049,X64410126X,Ms.,Doloris378,Goldie436,Sanford861,,,,asian,hispanic,F,Amherst  Massachusetts  US,746 O'Hara Lock,Watertown,Massachusetts,Middlesex County,25017,02472,42.39591062942517,-71.17219862074322,159477.78,337647.41,51718
3189a2e9-7704-3ee2-0078-c688569be6b0,1938-12-10,,999-74-3140,S99975148,X00695430X,Mr.,Gilbert263,,Abbott774,,,M,white,nonhispanic,M,Swampscott  Massachusetts  US,642 Mante Center,Revere,Massachusetts,Suffolk County,25025,02151,42.39175826907045,-70.96341007479347,14839.70,253515.58,10041
54baae19-96f8-2ec6-496c-1ef56e6f8650,1988-04-22,,999-11-9718,S99916197,X17421645X,Mrs.,Blanca837,Evie333,Balistreri607,,Dare640,M,black,hispanic,F,Burlington  Massachusetts  US,928 Howell Wynd Suite 40,Boston,Massachusetts,Suffolk County,25025,02110,42.333429488771884,-71.0845885688429,84095.88,362053.84,262864
ca4ca872-bbd3-eecf-06b5-55fd1a527567,1941-11-23,2012-12-19,999-70-9919,S99932142,X29147646X,Mr.,Keneth579,Leopoldo762,Hessel84,,,M,white,nonhispanic,M,Canton  Massachusetts  US,370 Ledner Parade,Fall River,Massachusetts,Bristol County,25005,02724,41.72511088573397,-71.07018975511846,194081.29,87019.06,122491
263a62bc-2f68-99e3-b0d8-10a8380d62f2,2013-02-01,,999-36-2303,,,,Ruthanne627,Shanel903,Fahey393,,,,white,nonhispanic,F,Boston  Massachusetts  US,158 Anderson Skyway,Southborough,Massachusetts,Worcester County,,00000,42.29094262195545,-71.49209660709238,17763.44,57556.63,96520
f8ae4017-7813-487d-b0a2-53f757d2d1c0,1985-10-12,,999-14-6247,S99946064,X62856448X,Mr.,Lemuel304,Otis335,Kovacek682,,,M,white,nonhispanic,M,Westborough  Massachusetts  US,490 Marquardt Crossing Apt 21,Cohasset,Massachusetts,Norfolk County,,00000,42.21312479794576,-70.8159912003181,135379.87,255564.47,55792
b608ac50-851f-77fa-387b-64f40800ead4,1965-08-15,,999-70-8118,S99970502,X40797834X,Ms.,Beula159,Ping698,Nitzsche158,,,S,white,nonhispanic,F,Agawam  Massachusetts  US,701 Hettinger Trailer Suite 36,Worcester,Massachusetts,Worcester County,25027,01583,42.28167418052971,-71.79319448839776,572766.38,8843.96,59349
312bf1b0-deb0-a2da-cac8-95422a7aa368,1963-10-05,,999-32-7166,S99986068,X86519975X,Mr.,Charlie254,Val761,Hickle134,,,M,hawaiian,nonhispanic,M,Pembroke  Massachusetts  US,163 Muller Forge Apt 21,Belchertown,Massachusetts,Hampshire County,25015,01007,42.304937416637905,-72.3731249065423,148396.53,51133.26,89371
af2e456a-5fed-3bb5-e2a4-3765a08886bd,2023-02-14,,999-13-7907,,,,Ira784,,Abbott774,,,,white,nonhispanic,F,Springfield  Massachusetts  US,870 Reichert Green,Methuen,Massachusetts,Essex County,25009,01844,42.70855081588071,-71.19049667702657,14315.80,0.00,191274
2342c0f3-9562-7c22-b6a9-286c596ee6d6,1941-11-23,2006-12-20,999-47-2815,S99954590,X53473133X,Mr.,Chet188,Adam631,Schmitt836,,,M,white,nonhispanic,M,Lynn  Massachusetts  US,706 Cronin Avenue Apt 82,Fall River,Massachusetts,Bristol County,25005,02747,41.70708962660726,-71.09849198453493,191689.79,222776.30,122491
ba5702a3-5526-8202-c5b8-e19a8d26fd82,2023-02-25,,999-32-7998,,,,Eldridge510,Junior695,Schuppe920,,,,white,nonhispanic,M,Boston  Massachusetts  US,1068 Gleason Lane Unit 0,Sterling,Massachusetts,Worcester County,,00000,42.49323627805104,-71.73435668142375,8745.67,537.83,35315
5ed8ce48-73a9-c3ff-ab51-56e59cc60a95,2004-06-19,,999-59-2521,S99934053,X74302850X,Ms.,Shena75,Coral377,McCullough561,,,,white,nonhispanic,F,Weymouth  Massachusetts  US,287 Ziemann Corner Apt 2,Boxborough,Massachusetts,Middlesex County,,00000,42.50646405483712,-71.55036143175813,67545.27,0.00,50219
d3c5d835-44df-58d7-7ffb-b95423c98171,1996-06-17,,999-74-9665,S99911199,X39883048X,Ms.,Riva522,Cherry401,Dare640,,,S,white,nonhispanic,F,Malden  Massachusetts  US,715 Hoppe Heights,Dracut,Massachusetts,Middlesex County,,00000,42.63757286386049,-71.29087717411372,138717.80,348364.83,65047
d9321335-5108-5485-8e4c-2d01248ec8c5,1975-06-03,,999-58-9969,S99993869,X30028912X,Ms.,Linda558,Martha161,Towne435,,,S,white,nonhispanic,F,Southborough  Massachusetts  US,381 Johnston Meadow Suite 67,Ashland,Massachusetts,Middlesex County,,00000,42.20887534248616,-71.47157650876001,191338.42,22577.60,76235
5a9e33ac-d174-edf3-4eaf-46fa42ec29fd,1974-02-03,,999-90-2130,S99923010,X65441968X,Mrs.,Margaretta466,Helga481,Bayer639,,Bernhard322,M,white,nonhispanic,F,Melrose  Massachusetts  US,1087 Konopelski Station Unit 76,Canton,Massachusetts,Norfolk County,,00000,42.2051111792952,-71.174196163272,20723.64,607295.60,18982
9645d6bc-cd27-da5e-084d-a1a3c205c7da,1941-11-23,,999-71-6214,S99993936,X83581156X,Mr.,Dominique369,Garfield38,Waelchi213,,,M,white,nonhispanic,M,Fall River  Massachusetts  US,736 Crist Trafficway,Fall River,Massachusetts,Bristol County,25005,02790,41.65012094675175,-71.1687150645826,186402.40,286676.39,122491
0267a0d4-d020-147e-d33f-24e0e936fff4,1976-05-11,,999-17-3905,S99915847,X88437721X,Mr.,Hubert238,Lyle846,Casper496,,,M,white,nonhispanic,M,Springfield  Massachusetts  US,815 Anderson Union Suite 54,Milton,Massachusetts,Norfolk County,25021,02186,42.22074391511537,-71.11346553026893,151846.93,18794.18,50751
b23a0daa-f4aa-c59b-1911-b0dc4ccd4c57,1968-07-29,,999-90-1803,S99955171,X42663598X,Mr.,Timothy142,,Kub800,,,S,white,nonhispanic,M,Springfield  Massachusetts  US,290 Pfannerstill Annex Unit 26,Haverhill,Massachusetts,Essex County,25009,01835,42.79255549888457,-71.08476123600798,192452.20,58489.19,150014
d220c4d1-c36e-5eba-4295-57d6886edd1e,1971-10-25,,999-28-2853,S99983277,X19159565X,Mr.,Kendall673,Manuel446,Leuschke194,,,M,white,hispanic,M,Kingston  Massachusetts  US,204 Nikolaus Corner Apt 82,Holyoke,Massachusetts,Hampden County,25013,01040,42.22114741919683,-72.62049933537006,11914.27,194708.92,15530
26b4df75-2ea4-f22b-198a-d8dee183d777,2026-05-27,,999-74-1540,,,,Charley358,Leonardo412,Zieme486,,,,white,nonhispanic,M,Holbrook  Massachusetts  US,1070 Stroman Gate,White Island Shores,Massachusetts,Plymouth County,,00000,41.79110040650917,-70.59738274185138,100.00,2051.70,23675
fb60eed7-c169-721e-8a41-d4c51369bc39,1959-05-13,,999-55-8836,S99944923,X27908763X,Mrs.,Scarlett814,,Strosin214,,VonRueden376,D,hawaiian,nonhispanic,F,Boston  Massachusetts  US,276 Bins Neck,Amesbury,Massachusetts,Essex County,25009,01913,42.80507883533642,-70.94745460566499,214118.84,59196.49,197021
0f039a15-f7fd-46b2-c06b-b3811935b1bf,1961-04-17,2012-05-11,999-39-6034,S99925934,X15326062X,Mrs.,Wilda367,Lakenya863,Keeling57,,Cormier289,M,white,nonhispanic,F,Hingham  Massachusetts  US,235 Heidenreich Ferry Apt 65,Danvers,Massachusetts,Essex County,25009,01937,42.61544944807027,-70.97950895305421,79486.83,233658.29,26228
3a2cb905-5d1e-b3d7-d30b-4665f039219c,1976-02-29,,999-69-4924,S99915090,X09481634X,Mr.,Abe604,Numbers230,Bergstrom287,,,M,white,nonhispanic,M,Pittsfield  Massachusetts  US,935 Conroy Plaza Apt 15,Malden,Massachusetts,Middlesex County,25017,02155,42.46178349357529,-71.10198864773268,109668.38,12730.36,69815
cd51bfc0-e8d3-6f60-9f02-f862526f5e3e,1977-06-07,,999-70-8685,S99926011,X28307151X,Mr.,Sterling124,Virgil85,Waelchi213,,,M,white,nonhispanic,M,Taunton  Massachusetts  US,334 Kilback Walk,Methuen,Massachusetts,Essex County,25009,01841,42.73571673980139,-71.158101585556,139739.47,616042.73,139567
0092d035-b02a-64b2-f8fd-2f5c370770ff,1997-05-28,,999-63-6579,S99948099,X78143151X,Mr.,Pete38,John539,Mayer370,,,M,white,nonhispanic,M,Boston  Massachusetts  US,279 Tromp Stravenue,Boston,Massachusetts,Suffolk County,25025,02134,42.37606475797988,-71.06699622000833,6123.66,118602.21,17957
c03d8666-19e5-96f2-dbf0-63776237b8fa,1961-04-30,,999-73-6212,S99955137,X54294032X,Mr.,Isaias604,Jackie93,Connelly992,,,M,white,nonhispanic,M,Winchester  Massachusetts  US,775 Farrell Landing Apt 53,Somerville,Massachusetts,Middlesex County,25017,02140,42.42879272880508,-71.13393467818744,13181.23,340189.37,18856
97216ad4-fe21-4c0d-d98f-a0018e4030ae,2013-12-04,,999-90-1244,,,,Landon622,Aurelio227,Howell947,,,,white,nonhispanic,M,Boston  Massachusetts  US,392 Kulas Branch,Pembroke,Massachusetts,Plymouth County,,00000,42.07340650439251,-70.8098811279821,7261.46,51713.31,141459
35ea72e2-7efe-106b-5070-a3d5b0d3b6b8,1961-04-17,,999-59-8350,S99976451,X55901102X,Mrs.,Iraida50,Trista955,Murphy561,,McGlynn426,D,white,nonhispanic,F,Dartmouth  Massachusetts  US,577 Johnston Crossroad,Danvers,Massachusetts,Essex County,25009,01923,42.562162408228396,-70.98955446712462,213178.55,809969.78,26228
b22e9f22-c9ca-d046-267f-8e6eaf83459e,2006-10-22,,999-32-9533,S99931471,,Ms.,Mirella222,Lorilee250,Buckridge80,,,,white,nonhispanic,F,Somerville  Massachusetts  US,619 Smitham Neck,Northampton,Massachusetts,Hampshire County,25015,01062,42.3623727299227,-72.68469826272496,67187.82,69757.94,46059
20ea04cc-3344-a7c1-a30f-083b6c8aba13,1995-09-26,,999-45-8352,S99990375,X25974907X,Mr.,Salvatore257,Emerson869,Bogisich202,,,M,asian,nonhispanic,M,Lunenburg  Massachusetts  US,451 Wehner Corner,Somerville,Massachusetts,Middlesex County,25017,02145,42.40901808708899,-71.06412648482579,60155.75,12359.51,45890
5d8014e2-890a-9729-7243-c4f019223fe5,1974-11-20,,999-90-4451,S99960959,X01976033X,Mr.,Erik495,Garrett899,Hessel84,,,M,white,nonhispanic,M,Boston  Massachusetts  US,1076 Bergnaum Alley Unit 70,Cambridge,Massachusetts,Middlesex County,25017,02472,42.36888042484215,-71.07609985262023,101090.45,284944.86,144916
214dccc5-503c-53e5-87c6-9e6545f1e914,1993-07-21,,999-96-1062,S99945807,X34911061X,Mr.,Felton646,,Schimmel440,,,M,white,nonhispanic,M,Boston  Massachusetts  US,926 Dickinson Run,Dedham,Massachusetts,Norfolk County,25021,02026,42.26402377291247,-71.2214037130567,13771.21,197168.37,9566
87ce97ad-76f9-2f50-10bc-ecab039ec6e7,2021-03-10,,999-56-5099,,,,Dorian295,,Beatty507,,,,white,hispanic,M,Springfield  Massachusetts  US,198 Emmerich Bay,Springfield,Massachusetts,Hampden County,25013,01106,42.073499223085086,-72.54601124515514,1050.00,12566.79,6749
72900cba-4940-bc06-47a9-c9035e66cabf,1993-06-14,,999-62-6163,S99920119,X71587050X,Mrs.,Desire394,Albina13,Halvorson124,,Hilpert278,M,white,nonhispanic,F,Lowell  Massachusetts  US,133 Balistreri Viaduct,Everett,Massachusetts,Middlesex County,25017,02148,42.39304970434305,-71.07235753825664,192851.14,650743.82,43982
ebc149af-f977-c12b-4d2f-20258dbf15ce,2006-02-08,,999-33-7619,S99980564,X93405440X,Ms.,Denise470,Lynna524,Homenick806,,,,white,nonhispanic,F,Lowell  Massachusetts  US,610 Auer Mall Suite 52,South Amherst,Massachusetts,Hampshire County,,00000,42.332537491168935,-72.56176304141722,81816.39,673243.34,140911
13dc47d1-7a19-f689-92b3-c5409ac7cc64,1977-01-11,,999-86-1428,S99948812,X95316658X,Mrs.,Waneta858,Ophelia894,Toy286,,Schumm995,M,white,nonhispanic,F,Methuen  Massachusetts  US,264 Hagenes Drive,Fitchburg,Massachusetts,Worcester County,25027,01420,42.64849226317995,-71.77730508700283,600615.05,565259.69,110479
f472d9d4-2962-e91b-ae97-3de24b808a73,1986-07-24,,999-72-3141,S99925578,X19712443X,Mr.,Waylon572,,Wilderman619,,,M,white,hispanic,M,Attleboro  Massachusetts  US,621 Steuber Camp Unit 46,Westminster,Massachusetts,Worcester County,,00000,42.59677508313159,-71.90604626731383,97182.90,40032.11,181699
37670360-6d9b-cc66-faee-7aef220f5042,1987-09-25,,999-26-8718,S99932827,X17824330X,Ms.,Florencia449,Isabela97,Leyva523,,,S,white,hispanic,F,Ponce  Puerto Rico  PR,284 Schoen Forge Apt 30,Northampton,Massachusetts,Hampshire County,25015,01053,42.34410850039109,-72.70817567291084,15978.19,762311.39,23253
8742ddaf-fde6-690f-3539-dec96a3da0d7,1965-01-08,,999-12-9315,S99946981,X59141866X,Mrs.,Christine147,Matilde468,Ledner144,,Jerde200,M,white,nonhispanic,F,Boston  Massachusetts  US,1091 Cummerata Stravenue Unit 4,Chelmsford,Massachusetts,Middlesex County,,00000,42.56319659575559,-71.38374357782367,215326.64,532396.31,29054
a3690391-d86b-937a-46cc-6e0371b57dfa,1979-11-11,,999-28-8582,S99917107,X11397679X,Mr.,Billy698,Luis923,Kuhlman484,,,S,white,nonhispanic,M,Haverhill  Massachusetts  US,686 Abernathy Run,Pembroke,Massachusetts,Plymouth County,,00000,42.029820251526104,-70.8119695332483,123979.18,6915.22,65195
ce9db538-c00d-a240-cd58-abd027363c3d,2016-04-22,,999-21-4535,,,,Grace552,Chae49,Boehm581,,,,white,nonhispanic,F,Berkley  Massachusetts  US,645 Leuschke Fork,Duxbury,Massachusetts,Plymouth County,25023,02332,42.07891739099974,-70.663319259056,15992.57,22317.27,72236
22c03724-607c-32a7-0dbd-16cc906d6caf,1998-08-19,,999-76-8279,S99984020,X73347295X,Mrs.,Alethea978,,Harris789,,Bailey598,M,white,nonhispanic,F,Middleborough  Massachusetts  US,336 Braun Pathway Unit 17,Belchertown,Massachusetts,Hampshire County,25015,01007,42.276765168840285,-72.40894990879674,56405.22,83834.92,43945
6eb1cce2-bac8-6ff4-d5c2-0c77becaf625,1980-07-23,,999-56-1022,S99993290,X54457384X,Mr.,Winston220,Adrian111,Klocko335,,,M,white,nonhispanic,M,Beverly  Massachusetts  US,921 Fay Bay,Brockton,Massachusetts,Plymouth County,25023,02302,42.07515862668328,-70.98298746123486,142014.80,544042.60,138828
2d94119a-aeb2-bf90-6a5a-d6b6831fbc67,1979-12-21,,999-10-4805,S99916036,X78855536X,Mr.,Jerrold404,Hubert238,Heidenreich818,,,M,white,hispanic,M,Sherborn  Massachusetts  US,516 Lockman Ville,Boston,Massachusetts,Suffolk County,25025,02119,42.376968943232804,-71.12053004528813,233018.36,528632.30,101582
0d66030e-9ddd-c501-9dfe-cf4824deb2b2,2015-12-14,,999-45-5660,,,,Caron739,Regina408,Hayes766,,,,white,nonhispanic,F,West Yarmouth  Massachusetts  US,165 Jones Lock,Taunton,Massachusetts,Bristol County,25005,02780,41.952197634393634,-71.0037593196615,1431.92,25660.74,25116
9f830217-e1c5-1142-1054-15d744841409,2003-02-03,,999-18-3327,S99991160,X33319221X,Mr.,Ignacio928,Leonardo412,Pfeffer420,,,,white,nonhispanic,M,Malden  Massachusetts  US,873 Kuhic Avenue Unit 1,Framingham,Massachusetts,Middlesex County,25017,01702,42.34659773957627,-71.39523709527556,45249.58,15953.29,35866
429718a4-fc4e-285e-cd84-3a244a97b5bd,1976-01-28,,999-47-4618,S99994997,X31592975X,Mrs.,Mitzie610,Desiree125,Morissette863,,Hartmann983,M,white,nonhispanic,F,Boston  Massachusetts  US,1040 Auer Landing Suite 16,Milton,Massachusetts,Norfolk County,25021,02186,42.19599106411009,-71.06727140203945,12132.45,524959.37,20117
b120c448-875e-ae43-7fcd-a407595069b8,1961-03-28,,999-96-8396,S99977091,X57050199X,Mrs.,Arlyne429,Anisha16,O'Keefe54,,Cummerata161,M,white,nonhispanic,F,Tewksbury  Massachusetts  US,390 Hauck Junction Suite 69,Lynn,Massachusetts,Essex County,25009,01904,42.50684358243788,-71.00665083176554,18916.86,558246.50,15156
3b4daefe-12e0-3b69-f4bb-bf086e6544cc,1967-03-25,,999-64-8618,S99931954,X51581877X,Mr.,Cortez851,,Schaefer657,,,S,white,nonhispanic,M,Chicopee  Massachusetts  US,651 Rolfson Manor Apt 74,Bourne,Massachusetts,Barnstable County,25001,02532,41.711245031359326,-70.62739618621907,30277.23,1019453.26,6499
65a679f3-b2b2-9070-9719-af8092333646,2011-08-15,,999-24-6445,,,,Daniela614,Antonia30,Ornelas92,,,,white,hispanic,F,Bogota  Bogota  CO,1065 Parker Esplanade Suite 17,North Andover,Massachusetts,Essex County,,00000,42.67266425210093,-71.05811695082654,19661.02,13606.87,132093
6cf1e273-07d0-4602-0008-12f1210fc11f,1964-02-06,,999-30-9390,S99928102,X66679750X,Mr.,Denver542,Cody889,Kessler503,,,M,white,nonhispanic,M,Haverhill  Massachusetts  US,292 Becker Knoll Suite 74,Tyngsborough,Massachusetts,Middlesex County,,00000,42.69397729298176,-71.41160647000264,216083.07,623566.15,125911
60b9ea46-625e-6e5f-5c10-537fea6871a7,1986-11-29,,999-96-4557,S99959091,X92030996X,Mrs.,Ulrike696,Almeda560,Pagac496,,Johns824,M,asian,nonhispanic,F,South Yarmouth  Massachusetts  US,324 Davis Ranch Suite 7,Northwest Harwich,Massachusetts,Barnstable County,,00000,41.71367558435371,-70.08654708652469,424395.51,481109.71,80419
2f38e1ef-d24c-397a-cafe-4c7061e07ef8,1941-07-02,,999-66-2433,S99998907,X10183665X,Mrs.,Erna640,,Jast432,,Krajcik437,W,black,nonhispanic,F,Dover  Massachusetts  US,750 Brown Dale,Boston,Massachusetts,Suffolk County,25025,02119,42.44949076030866,-70.96336966757713,51111.96,1413204.01,5254
51071b48-f9b7-7ed6-b3bb-01e3b8f4cf6a,1971-01-31,,999-15-6190,S99918998,X49795645X,Mr.,Gonzalo160,Beau391,Wunsch504,,,S,white,nonhispanic,M,Boston  Massachusetts  US,1015 Lind Byway,Revere,Massachusetts,Suffolk County,25025,02151,42.421181191302324,-70.99230417104373,172577.49,22106.85,36505
08e54a9e-fb04-c946-568c-736d319e2b0e,2000-06-29,,999-60-6119,S99940768,X62437895X,Mr.,Enoch803,Jerold208,Metz686,,,,white,nonhispanic,M,Billerica  Massachusetts  US,711 Ritchie Approach,Walpole,Massachusetts,Norfolk County,25021,02081,42.100482762433074,-71.2920937666926,34798.67,33351.08,873280
5ab55b0f-0bc3-0087-bcd0-88a1bcaef6dc,1964-01-26,,999-86-3779,S99910816,X28413866X,Mr.,Joseph689,Elvis145,Smith67,,,W,white,nonhispanic,M,Newton  Massachusetts  US,492 Greenfelder Parade Unit 86,Dalton,Massachusetts,Berkshire County,,00000,42.4787217612403,-73.12941156484894,134375.13,104820.75,95276
43bb82ec-28f3-f550-803a-34fc4cbe72cf,2005-12-18,,999-27-9528,S99914213,X80587519X,Ms.,Lindsey52,Alona471,Wilderman619,,,,white,nonhispanic,F,Beverly  Massachusetts  US,160 Nolan Vale Apt 63,Dudley,Massachusetts,Worcester County,,00000,42.02081600660218,-71.93214442051475,70037.01,7323.14,54191
3a3263ea-6a6e-a8c5-5de7-6dcc0c70eb7c,2011-01-06,,999-81-3746,,,,Felton646,Terrence276,Schinner682,,,,white,nonhispanic,M,Newton  Massachusetts  US,990 Cormier Ranch Apt 70,Lowell,Massachusetts,Middlesex County,25017,01852,42.682441348316225,-71.33393611483514,35252.79,8631.85,59149
1d19a8d9-bbd7-778b-fd8a-abe0c4598b24,1975-09-27,,999-75-2308,S99992152,X28187518X,Mrs.,Roxane435,,Mertz280,,Walter473,D,white,nonhispanic,F,Medford  Massachusetts  US,1034 Powlowski Approach Suite 43,Somerville,Massachusetts,Middlesex County,25017,02144,42.35303316737344,-71.05046149383953,150866.23,156770.45,184567
7908198b-1ea3-96af-bd24-f9f7cfa5ff25,1972-11-24,,999-83-6011,S99960168,X01486716X,Mrs.,Shirleen968,Reva678,Stamm704,,Brekke496,M,white,nonhispanic,F,Lynn  Massachusetts  US,343 Upton Plaza Suite 31,Shrewsbury,Massachusetts,Worcester County,,00000,42.24351921869199,-71.69171169895898,355955.05,82446.18,54324
f7ff9a22-0574-1371-2e72-3c6f51009770,2010-05-03,,999-30-3618,S99928980,,,Brandon214,Chet188,Crona259,,,,white,nonhispanic,M,Medway  Massachusetts  US,916 Cormier Mall,Amherst Center,Massachusetts,Hampshire County,,00000,42.397931843206926,-72.48538138172167,24420.93,41642.81,99352
6d0e6aa4-a0f8-1582-b284-a3599abf565f,1972-07-02,1983-03-16,999-99-1017,,,,Branda994,,Ruecker817,,,,white,nonhispanic,F,Boston  Massachusetts  US,422 Konopelski Manor,Taunton,Massachusetts,Bristol County,25005,02780,41.95315767985693,-71.0659817455781,44613.44,29542.72,178227
4291183f-736a-bb06-ebd5-d0b7df0fc3e9,1983-04-30,,999-64-4733,S99915823,X76066438X,Mrs.,Jolynn62,Rose199,Cruickshank494,,Bernhard322,M,white,nonhispanic,F,Chatham  Massachusetts  US,198 King Parade Unit 18,Yarmouth,Massachusetts,Barnstable County,,00000,41.668959690658156,-70.2511775279179,449040.19,48620.73,87795
547d3376-c96a-dccd-49fa-b8db0ca3ed36,2007-05-28,,999-53-3942,S99944561,,Ms.,Jeanene972,Micheal721,Greenholt190,,,,white,nonhispanic,F,Cheshire  Massachusetts  US,199 Larson Manor,Amherst,Massachusetts,Hampshire County,,00000,42.34923289773665,-72.52510081015726,33760.00,43054.77,136209
2a0f60d3-1c59-9185-7599-1cafdf6b3acb,1988-12-24,,999-20-8765,S99971820,X84903304X,Mrs.,Tenesha164,Lesley194,Grimes165,,Cummerata161,M,white,nonhispanic,F,Springfield  Massachusetts  US,207 Yundt Crossroad Unit 14,Marshfield,Massachusetts,Plymouth County,25023,02050,42.10109255457726,-70.7334146664475,251234.94,437816.85,77333
5a44c1a3-b00f-47f4-a381-aa7a97248839,1972-07-02,,999-41-6887,S99948318,X57914293X,Mrs.,Emely698,Kenisha791,Bailey598,,Koss676,M,white,nonhispanic,F,Brockton  Massachusetts  US,711 Dicki Trafficway Suite 51,Taunton,Massachusetts,Bristol County,25005,02780,41.89006309133978,-71.05903735054993,199343.79,925629.13,178227
72cd9fbf-24d3-d885-3bec-2558e3e555da,2008-11-06,,999-36-3577,S99922160,,,Fernando603,,Ortiz186,,,,white,hispanic,M,Buenos Aires  Ciudad de Buenos Aires  AR,273 Runolfsdottir Viaduct,Newton,Massachusetts,Middlesex County,25017,02461,42.37066769829827,-71.30484769247855,52248.43,5738.66,158478
55a6d1e5-f17a-6733-cde0-97897fe3cb5d,1980-05-15,,999-29-4846,S99973480,X53108217X,Mrs.,Lola232,Sarita454,Russel238,,Pollich983,M,white,nonhispanic,F,Wilmington  Massachusetts  US,961 Wyman Crossing,Malden,Massachusetts,Middlesex County,25017,02155,42.462075401164796,-71.07211668673968,267021.20,312442.81,28662
047d573d-3c54-a50b-fb18-db90ae1db43a,2014-02-17,,999-23-4135,,,,Sarah635,Val761,Parisian75,,,,white,nonhispanic,F,Framingham  Massachusetts  US,937 McLaughlin Overpass,Westford,Massachusetts,Middlesex County,,00000,42.56007145445638,-71.43621280073395,79089.84,0.00,58691
3b62677c-3340-38bf-6e88-d89dccc92af4,1993-03-10,,999-40-5594,S99953321,X34642888X,Mrs.,Felipa93,Jacquelynn434,Boyer713,,Towne435,M,black,hispanic,F,Lynn  Massachusetts  US,818 Stiedemann Corner,Boston,Massachusetts,Suffolk County,25017,02467,42.41263981486597,-71.0196992696659,213374.36,451466.92,126611
c9d18d0a-0708-d332-db6e-8447185e1eb6,2019-02-05,,999-44-7446,,,,Ronny764,Kurtis994,Shields502,,,,white,nonhispanic,M,Yarmouth Port  Massachusetts  US,587 Goodwin Road,Cohasset,Massachusetts,Norfolk County,,00000,42.30773565672726,-70.82069193830077,26446.66,8720.83,46020
11118797-505d-af09-73ce-10735792d353,1969-11-03,2019-04-26,999-24-7282,S99995110,X92427387X,Mr.,Nathanael908,Isidro558,Rath779,,,M,asian,nonhispanic,M,Busan  Busan  KR,491 Green Vista,Georgetown,Massachusetts,Essex County,,00000,42.70102535670834,-71.0037657722431,250831.13,167241.07,52319
45ba6f9f-cc37-e36a-9988-2b9628e5bb6c,1964-12-10,2018-09-27,999-17-2756,S99940402,X02961760X,Ms.,Billye739,Stella203,Lind531,,,S,white,nonhispanic,F,Paxton  Massachusetts  US,951 Botsford Avenue Apt 44,Acton,Massachusetts,Middlesex County,,00000,42.50357480129515,-71.47485230724845,715955.95,92840.23,98770
536ce1fd-73c3-3a61-bffb-16a6c00a5575,1964-12-10,,999-39-4689,S99969326,X41060072X,Mrs.,Yasuko490,Fredia307,Johnston597,,Nicolas769,M,white,nonhispanic,F,Worcester  Massachusetts  US,904 Olson Crossroad Suite 75,Acton,Massachusetts,Middlesex County,,00000,42.47231598642812,-71.48293383244655,794658.98,128565.97,98770
d302e307-b9bf-12db-3538-efe71906df98,1943-05-17,,999-89-1209,S99960594,X21127724X,Mrs.,Anthony633,Raylene798,Lowe577,,Spinka232,M,white,nonhispanic,F,Belchertown  Massachusetts  US,1018 Marvin Esplanade,Taunton,Massachusetts,Bristol County,25005,02767,41.907505147477174,-71.11122440154858,864340.28,494493.59,78563
e8f1698e-87eb-1172-c34c-e5011682e3fa,1986-05-21,,999-63-2813,S99965234,X46544850X,Mr.,Roscoe437,Edmund685,Skiles927,,,S,white,nonhispanic,M,Lancaster  Massachusetts  US,275 Metz Arcade Apt 26,Boston,Massachusetts,Suffolk County,25025,02125,42.29859428879676,-71.03562108557564,10599.13,188236.16,13820
b7862d2f-52a5-ab6f-4ff7-0247e4093aec,2012-05-17,,999-14-7967,,,,Betsey110,,Sporer811,,,,white,nonhispanic,F,Boston  Massachusetts  US,854 O'Connell Forge Apt 98,Lowell,Massachusetts,Middlesex County,25017,01852,42.624508722766365,-71.30128264573197,2380.51,42589.25,6679
65d4afc0-d00a-19b3-0997-6b19f96b9c8e,1948-03-03,,999-10-8856,S99984303,X13237263X,Mrs.,Jessika892,Anika194,Wuckert783,,Little434,M,white,nonhispanic,F,Rockport  Massachusetts  US,493 Harber Flat,Boston,Massachusetts,Suffolk County,25025,02151,42.35512216031281,-71.07342443086455,972615.64,1450906.42,45153
aee89967-ae23-c43b-62a5-86177b89c03e,1969-11-03,,999-29-2227,S99934027,X08141004X,Mr.,Randolph418,Bob965,Purdy2,,,M,asian,nonhispanic,M,Busan  Busan  KR,772 Padberg Key Apt 89,Georgetown,Massachusetts,Essex County,,00000,42.7754786197753,-71.0280974305768,228116.11,462963.27,52319
31593bfc-86cc-e8a7-9e5f-8a36ee7ae039,1955-01-17,,999-21-1595,S99929288,X94408233X,Mrs.,Kristen940,Young120,Breitenberg711,,Balistreri607,W,white,nonhispanic,F,Needham  Massachusetts  US,431 Labadie Throughway Suite 56,Worcester,Massachusetts,Worcester County,25027,01608,42.27077410301376,-71.76970809741981,217032.41,870788.05,26415
bace4562-fcd8-6033-2d6b-f5def181b7ac,1997-03-29,,999-64-7887,S99966267,X90229740X,Mrs.,Toni630,,O'Hara248,,Schowalter414,M,black,nonhispanic,F,Arlington  Massachusetts  US,189 Collins Park Apt 75,Boston,Massachusetts,Suffolk County,25025,02118,42.433860481110486,-70.98699919537901,87736.28,33796.74,156528
0764eea6-d754-39a6-8a3d-d352be03f882,2017-08-14,,999-45-2387,,,,Adella39,Rutha66,Schimmel440,,,,white,nonhispanic,F,Swansea  Massachusetts  US,714 King Wynd,Somerville,Massachusetts,Middlesex County,25017,02145,42.417965787665416,-71.09331163899064,38586.69,0.00,38624
28f47273-c326-900c-1486-ad721feadb0a,1990-03-26,,999-25-4947,S99940539,X43616474X,Mrs.,Romelia905,Hilde556,Hodkiewicz467,,Stehr398,M,white,nonhispanic,F,Boston  Massachusetts  US,921 Schmitt Frontage road Suite 28,Mashpee,Massachusetts,Barnstable County,,00000,41.65330992104262,-70.44316490038294,99680.06,236352.22,25174
5d3491ce-cb95-541a-9aa1-7cea6f4e9936,1975-08-22,,999-68-5482,S99910301,X08064649X,Mrs.,Yulanda554,Nakia544,Macejkovic424,,Marquardt819,M,white,nonhispanic,F,North Falmouth  Massachusetts  US,566 Okuneva Walk Suite 98,Wilmington,Massachusetts,Middlesex County,25017,01887,42.56148316903969,-71.19169444354199,264363.71,1221982.26,129010
06a8b911-e475-cd40-f4d4-2489b8aa7e20,1967-04-30,,999-53-8168,S99997071,X07604494X,Mr.,Daniel959,Gayle448,Gaylord332,,,M,white,nonhispanic,M,Seekonk  Massachusetts  US,754 Hand Highlands,Medford,Massachusetts,Middlesex County,25017,02145,42.39123900971644,-71.15492787951857,167398.88,61482.78,132840
7895f380-1cfd-d6f8-86d1-ae527d46df3e,1955-10-11,,999-60-9688,S99997141,X74105349X,Mrs.,Kerrie266,,Wolff180,,Greenfelder433,M,white,nonhispanic,F,Norton  Massachusetts  US,594 Ward Loaf,Methuen,Massachusetts,Essex County,25009,01841,42.70186921987854,-71.15575132768646,256798.24,338660.83,167513
b1a68a78-7fb1-ace1-ae58-393437fe27ef,2012-08-25,,999-32-5721,,,,Rodger755,,Rosenbaum794,,,,white,nonhispanic,M,Hamilton  Massachusetts  US,467 Bergstrom Mill Unit 59,Boston,Massachusetts,Suffolk County,25025,02109,42.318587911174255,-71.0080402913603,22793.79,17198.60,50
3605a6ae-8b2f-4e76-7d0f-935494509ad3,2004-03-04,,999-86-5123,S99991938,X30014514X,Ms.,Amalia471,Micaela928,Porras535,,,,white,hispanic,F,Roseau  Saint George  DM,517 Kunze Manor Apt 29,Boston,Massachusetts,Suffolk County,25025,02135,42.36674733486336,-71.1292647822177,55308.78,9090.13,91547
b37695c6-0b48-c7e5-cd0e-481ff6fddf4b,1931-02-23,2019-04-22,999-27-6937,S99917544,X69573867X,Mrs.,Matthew562,Filomena215,Harber290,,Breitenberg711,W,black,nonhispanic,F,Fall River  Massachusetts  US,508 Douglas Burg,Chicopee,Massachusetts,Hampden County,25013,01022,42.16198636537143,-72.57449802705241,1201177.71,536923.32,57799
4c9ee0c9-03e1-83ec-a8a3-b29e0c5f2824,1989-07-03,,999-80-1240,S99937463,X23011220X,Mr.,Leopoldo762,Dominick530,Trantow673,,,D,white,nonhispanic,M,Hardwick  Massachusetts  US,762 Hauck Terrace Unit 88,Lakeville,Massachusetts,Plymouth County,,00000,41.87038738899763,-70.94045306411353,117525.04,37209.98,60031
b9dc1f48-ce63-c57d-3a5b-6d174cbf2d45,1958-04-02,,999-53-6535,S99915823,X64439125X,Mr.,Julius90,Moises22,Sipes176,,,M,white,nonhispanic,M,Boston  Massachusetts  US,278 Gutkowski Port Unit 58,Weymouth,Massachusetts,Norfolk County,25021,02188,42.28710458090045,-70.89551570159777,193237.22,16520.36,94109
64f37f1b-9398-0b19-0c28-13cc54c0af92,1987-10-02,,999-90-1910,S99910363,X96119930X,Mr.,Aron520,Sid118,Greenholt190,,,D,white,nonhispanic,M,Cambridge  Massachusetts  US,503 Wuckert Underpass Suite 38,Quincy,Massachusetts,Norfolk County,25021,02186,42.228685568634624,-71.02320418324312,55768.47,9712.22,67809
9643df5b-5a3a-0ece-97e8-326322101fb1,1971-10-13,,999-36-2843,S99911576,X25106548X,Mrs.,Charlena802,Noella563,Hauck852,,Moen819,M,white,nonhispanic,F,Salem  Massachusetts  US,334 White Hollow Suite 40,Milton,Massachusetts,Norfolk County,25021,02186,42.21729770545808,-71.11207802615388,741215.75,519295.02,66479
e93c2a0d-acb5-b2b0-7e05-0e15971cea47,1931-02-23,,999-71-4937,S99916557,X64570014X,Mrs.,Temika453,Latanya388,Adams676,,Graham902,W,black,nonhispanic,F,Boston  Massachusetts  US,711 Mohr Pathway Apt 89,Chicopee,Massachusetts,Hampden County,25013,01022,42.18392415163645,-72.54072898706013,610902.37,232671.19,57799
b55d3ff1-0f5f-d097-af2e-eba7faa0008b,1948-06-04,2022-07-22,999-79-7894,S99953251,X54674490X,Mr.,Clay913,Darrell400,Stanton715,,,M,black,hispanic,M,Smith Mills  Massachusetts  US,103 Zboncak Village,Boston,Massachusetts,Suffolk County,25025,02203,42.40450346984564,-71.0029565460201,294218.90,787170.16,147980
8d3ad26e-139a-e928-44b4-598b829838fb,1988-05-19,,999-86-4768,S99957748,X31210819X,Mrs.,Marta91,,de Anda129,,Armendáriz135,M,white,hispanic,F,Marigot  Saint Andrew Parish  DM,1091 McClure Ville Unit 54,Marlborough,Massachusetts,Middlesex County,25017,01752,42.31257705014388,-71.52442693283061,19749.21,1087064.51,6231
beb3f6e6-d5fc-e3fe-f922-4c3b3c8f0ca3,1974-02-10,,999-31-1846,S99986502,X34186573X,Mr.,Von197,Wilbur107,Jacobson885,,,M,white,nonhispanic,M,Ware  Massachusetts  US,737 Hilpert Frontage road Unit 23,Norton,Massachusetts,Bristol County,,00000,41.950073403869155,-71.1512437992161,18176.11,208322.95,11345
a048298c-7135-8449-cea8-1fe6fe002a1b,1964-01-17,,999-21-1277,S99960220,X48381873X,Mrs.,María842,Marilu588,Sepúlveda884,,Solís294,M,white,hispanic,F,Santiago  Santiago Province  CL,322 Veum Landing Suite 89,Boston,Massachusetts,Suffolk County,25025,02118,42.41996100389957,-70.93147325708277,913822.41,433632.36,88254
becb1c1b-5736-c4dc-f786-b76c52d3778b,1975-06-04,,999-15-4461,S99930672,X80742185X,Mrs.,Oleta341,Ardath226,Renner328,,Rogahn59,M,black,nonhispanic,F,Andover  Massachusetts  US,391 Kirlin Bridge Unit 87,Wareham,Massachusetts,Plymouth County,,00000,41.739952515949646,-70.68054311784863,818982.85,203371.71,83087
78349ccd-5c54-899a-0f5b-fd500bc0f030,2013-11-16,,999-10-1886,,,,Porfirio146,Troy560,Howell947,,,,white,nonhispanic,M,Lowell  Massachusetts  US,477 Bahringer Vale,Marlborough,Massachusetts,Middlesex County,25017,01752,42.377629046093915,-71.52000347483519,2152.95,66796.51,23800
86d2a28f-b82f-13eb-aeed-a63871077231,1964-04-05,,999-76-5090,S99944211,X16539729X,Mr.,Chase54,Nathan164,Littel644,,,D,white,nonhispanic,M,Hamburg  Hamburg  DE,552 Kihn Trail Apt 27,Marshfield Hills,Massachusetts,Plymouth County,25023,02051,42.14695779840906,-70.76427599816098,136984.27,316305.75,179937
51dedddf-b385-5a21-ce8f-9b4fff2634bd,1983-02-15,,999-63-3255,S99965036,X82392196X,Mrs.,Sol312,April374,Pfeffer420,,Hettinger594,M,white,hispanic,F,Medfield  Massachusetts  US,468 Corwin Underpass Apt 48,Boston,Massachusetts,Suffolk County,25025,02109,42.34617807262907,-71.1910550980037,277276.41,440884.69,68714
168fbdf4-d47d-d9ce-f86c-408bd08e270c,2024-11-19,,999-31-1849,,,,Yu876,Taryn906,Kilback373,,,,white,nonhispanic,F,Worcester  Massachusetts  US,481 Donnelly Estate,Dedham,Massachusetts,Norfolk County,25021,02026,42.29366792498706,-71.20249858720945,3242.12,1915.24,75993
22215de1-7b17-6366-c7e5-c7430e432d88,2003-07-08,,999-41-8626,S99952096,X57400703X,Ms.,Tomiko229,Anastacia583,Cummerata161,,,,white,nonhispanic,F,Chelsea  Massachusetts  US,668 Marquardt Camp Apt 44,Littleton,Massachusetts,Middlesex County,,00000,42.49167431747562,-71.47243882108366,73585.70,108581.73,661566
ed3d1ce3-ca37-9ac1-25c9-13dea5e4c2d1,1956-01-29,,999-85-1883,S99975418,X87369955X,Mrs.,Merilyn246,Angela104,Swaniawski813,,Cronin387,D,native,nonhispanic,F,West Yarmouth  Massachusetts  US,355 O'Keefe Spur,East Dennis,Massachusetts,Barnstable County,25001,02641,41.755286694567154,-70.14860125174017,307743.37,868120.99,29272
716497fc-e655-63ad-1959-49fda8716411,1948-06-04,,999-57-1331,S99990580,X15155251X,Mr.,Matt836,Julian715,Schmeler639,,,D,black,hispanic,M,Brookline  Massachusetts  US,219 Shields Fork,Boston,Massachusetts,Suffolk County,25025,02118,42.33851713269805,-71.0694288276694,217736.58,264965.88,147980
c6363aad-cadc-ef12-b679-dc84bc5c4a93,1977-03-18,,999-69-7709,S99950582,X58726995X,Mrs.,Marya246,Adeline686,Connelly992,,Dibbert990,M,white,nonhispanic,F,Dover  Massachusetts  US,774 Veum Extension,Wellesley,Massachusetts,Norfolk County,25021,02457,42.29744599181972,-71.31718135196961,244697.03,382888.89,329383
8cb9b5c2-924d-9b82-815c-1abeb9bc3f66,1943-07-17,,999-83-3307,S99946570,X27080618X,Mr.,Bradford382,Clay913,Daniel959,,,M,white,nonhispanic,M,Peabody  Massachusetts  US,168 Emard Orchard,Barnstable,Massachusetts,Barnstable County,25001,02632,41.66818053258485,-70.34091266728934,330235.80,203608.92,64166
818bde9e-78b2-a5a2-1401-4078745f164d,2008-02-20,,999-58-4191,S99922715,,Mr.,Elden718,,Little434,,,,white,nonhispanic,M,North Reading  Massachusetts  US,591 Huels Gardens,South Amherst,Massachusetts,Hampshire County,,00000,42.35088352359344,-72.48375916877939,8331.31,72571.53,1762
0ccddc01-5fe4-96c8-58de-cd776e8bd41e,1980-01-03,2017-02-18,999-39-1806,S99928712,X30770741X,Ms.,Dorla228,Shawana711,Torp761,,,S,white,nonhispanic,F,Quincy  Massachusetts  US,641 Runolfsson Loaf,Clinton,Massachusetts,Worcester County,25027,01510,42.42744419704175,-71.69620429706528,348290.21,97590.67,87196
609b9ee2-55c1-9f26-896d-d1c30165108b,1964-12-18,,999-20-1310,S99925028,X62150061X,Mrs.,Lesli455,Hollis7,Schneider199,,Okuneva707,D,white,nonhispanic,F,Worcester  Massachusetts  US,1031 Denesik Crossroad Unit 36,Quincy,Massachusetts,Norfolk County,25021,02169,42.24462976893141,-71.0538114666246,549085.80,60778.80,96322
5dfeff99-7613-881f-4b63-811e529c8573,1982-04-25,,999-35-6993,S99932409,X23546878X,Mr.,Reid278,Ahmad985,Zieme486,,,S,black,nonhispanic,M,Mashpee  Massachusetts  US,799 Schinner Tunnel Suite 72,Avon,Massachusetts,Norfolk County,,00000,42.15625660437752,-71.06797806837876,113959.62,13357.12,64563
11b3c588-1133-8e53-29b9-434ec94e35e8,2000-10-28,,999-62-5286,S99960536,X71104335X,Mr.,Richie600,Adrian111,Herzog843,,,,white,nonhispanic,M,Boston  Massachusetts  US,825 Howe Path,Boston,Massachusetts,Suffolk County,25025,02119,42.36019956252597,-71.09671988911033,62020.41,25269.40,41402
26773730-2215-3726-95c4-e6ac1cd22028,1980-01-03,,999-22-2654,S99949812,X06858506X,Mrs.,Neoma676,,Moen819,,Eichmann909,W,white,nonhispanic,F,North Plymouth  Massachusetts  US,849 Davis Vale Suite 69,Clinton,Massachusetts,Worcester County,25027,01510,42.41363105671719,-71.683444810339,30695.78,1293826.04,87196
3740dee7-458a-7470-74fd-b2dae984ed94,2018-12-03,,999-73-8800,,,,Earle679,Richie600,Schulist381,,,,white,hispanic,M,Ware  Massachusetts  US,752 Stokes Mews,Holyoke,Massachusetts,Hampden County,25013,01040,42.22871727985041,-72.60268567013674,1279.78,19015.32,13979
f53a0bc4-2365-4c32-8ba5-6ab55f36f871,1993-02-12,,999-84-9957,S99982252,X83646916X,Ms.,Gay359,Liz413,McDermott739,,,S,white,nonhispanic,F,Merrimac  Massachusetts  US,378 Johns Dale,Lawrence,Massachusetts,Essex County,25009,01840,42.69775877903707,-71.20962527643084,44276.69,152590.25,25155
1c465fcd-a556-22bc-db47-2b6752fbbe44,2010-09-26,,999-27-6306,,,,Victoria535,Magdalena964,Alemán808,,,,black,nonhispanic,F,Ponce  Puerto Rico  PR,435 Daniel Village Unit 55,Lynn,Massachusetts,Essex County,25009,01906,42.48673264333216,-70.9862288969305,53265.91,368574.23,119112
bdf069f3-068d-610c-bb80-b0c14fed07c4,1989-10-19,,999-41-3496,S99996727,X01117016X,Mr.,Trenton748,Donald774,Fay398,,,M,white,nonhispanic,M,Lunenburg  Massachusetts  US,886 Dach Knoll Unit 31,Pittsfield,Massachusetts,Berkshire County,25003,01201,42.4342230149839,-73.27294806709372,109991.47,151312.34,110452
ce4d43f6-6217-c99f-784f-6f5e02ea39db,1954-12-29,,999-29-9887,S99990482,X42220519X,Mrs.,Debbie941,,Metz686,,Witting912,M,white,nonhispanic,F,Amesbury  Massachusetts  US,391 Bernhard Haven,Worcester,Massachusetts,Worcester County,25027,01609,42.284429146022525,-71.75441840503731,23331.61,1402758.91,6503
fac9ed97-a67f-65f0-baaa-f9907d8b9b66,2007-08-09,,999-19-5804,S99951479,,Mr.,Maxwell782,Maurice742,Mills423,,,,asian,nonhispanic,M,Brockton  Massachusetts  US,1019 Schroeder Loaf Apt 87,Milton,Massachusetts,Norfolk County,25021,02186,42.239779130034094,-71.05695968755883,49727.50,7183.24,139265
02f81ea2-74ac-eef7-7beb-c78c74f6b8d1,1969-12-04,,999-83-5371,S99961558,X22076980X,Mrs.,Jesusita936,Dessie725,Bednar518,,Bartell116,M,white,nonhispanic,F,Boston  Massachusetts  US,776 Wisoky Wynd,Wareham,Massachusetts,Plymouth County,,00000,41.71608440915256,-70.66691027294641,696639.45,118513.46,57363
950faf8d-fcc3-cc81-f947-376e09296b69,1946-04-06,,999-30-4229,S99913732,X18969352X,Mrs.,Petronila724,Shawanna357,Streich926,,Kuhlman484,M,white,nonhispanic,F,West Springfield  Massachusetts  US,415 Torphy Key,Sudbury,Massachusetts,Middlesex County,,00000,42.405339890814574,-71.39738505794861,1294832.52,378836.06,108721
9eab8c3b-e48b-ba9f-e468-1716e495f820,1960-09-19,,999-17-6125,S99938570,X74313085X,Mr.,Erich201,Josue598,Kub800,,,M,white,nonhispanic,M,Malden  Massachusetts  US,391 Runte Frontage road Apt 90,Boston,Massachusetts,Suffolk County,25025,02199,42.359034199428834,-71.09399524887635,10627.88,344194.67,12803
d32ce983-e6c0-9bfd-ffbb-d4552e1767eb,1974-08-15,,999-25-5125,S99936748,X20738354X,Mr.,Darren774,Jasper743,Kuvalis369,,,M,white,nonhispanic,M,Springfield  Massachusetts  US,537 Rolfson Stravenue Unit 21,Cambridge,Massachusetts,Middlesex County,25017,02140,42.340816472317755,-71.16530491820049,132653.94,5513.87,98476
945f534f-5dac-fd1d-2a08-86f3b4fd3ff3,1989-08-12,,999-23-1080,S99980859,X54739015X,Mr.,Guadalupe206,Hipolito984,Mayert710,,,M,white,nonhispanic,M,Northbridge  Massachusetts  US,567 Smith Hollow Unit 40,Marlborough,Massachusetts,Middlesex County,25017,01752,42.39567137853867,-71.51700385109017,187326.75,87765.00,109337
2afe77b3-f963-940f-830e-4e7b0cf01eb7,1989-08-19,,999-19-4966,S99970528,X38307862X,Mr.,Eloy929,Raphael767,Erdman779,,,M,white,nonhispanic,M,Framingham  Massachusetts  US,227 Kris Underpass Apt 31,Framingham,Massachusetts,Middlesex County,25017,01701,42.270780797194554,-71.45077374486618,9420.98,99175.60,10074
e0672ed9-4ae4-4624-f4de-7b3f17bde9bc,2008-01-31,,999-52-6278,S99925335,,Mr.,Kim439,Broderick767,Harris789,,,,white,nonhispanic,M,Palmer  Massachusetts  US,913 Collins Lock Suite 31,East Bridgewater,Massachusetts,Plymouth County,,00000,42.02550191132144,-70.89602951332917,61778.30,3646.56,149889
7c8c6a0d-382c-ceee-cafe-253d59b95a3d,2005-12-18,,999-51-6369,S99916079,X48028563X,Mr.,Deshawn686,Prince887,Runolfsson901,,,,white,nonhispanic,M,Lynn  Massachusetts  US,260 Connelly Knoll Unit 0,Holden,Massachusetts,Worcester County,,00000,42.37450748211129,-71.8849434885821,82238.77,26043.38,122811
baa5dde3-c499-2a14-9597-a02c3c958309,1968-11-21,,999-41-2143,S99910900,X69873202X,Mr.,Harlan808,,Schneider199,,,S,white,nonhispanic,M,Halifax  Massachusetts  US,832 Kunze Road,Fall River,Massachusetts,Bristol County,25005,02724,41.69465193705679,-71.1128122309439,58505.93,321324.91,760
3e45415b-a337-746c-27b5-097dbfbc2fc2,2026-04-21,,999-89-4494,,,,So684,Allene83,Cartwright189,,,,white,nonhispanic,F,Auburn  Massachusetts  US,700 Nikolaus Lock,Conway,Massachusetts,Franklin County,,00000,42.5420014267097,-72.74583113616319,1929.64,0.00,74936
963aa511-9051-683b-cd2c-3dc8c0ae92a0,1961-12-20,,999-47-2260,S99997045,X35974016X,Mr.,Sancho742,Javier97,Colón139,,,M,white,hispanic,M,Puebla  Puebla  MX,719 Watsica Frontage road Apt 88,Winthrop,Massachusetts,Suffolk County,25025,02128,42.326624481143455,-70.99765321589032,190862.91,82065.77,29536
9649f910-6fd5-cc97-4b6e-1dda0234ff6f,2002-12-31,,999-50-9970,S99987349,X28153194X,Mr.,Ramiro608,Julio César525,Esquivel546,,,,white,hispanic,M,Caracas  Capital District  VE,713 Bins Branch Unit 41,Winchester,Massachusetts,Middlesex County,25017,01890,42.46192013100967,-71.10175371929357,4558.68,82620.33,16409
ca851061-0d31-84b9-0405-7c43977bf5ee,2003-07-18,,999-90-7046,S99929782,X58017314X,Ms.,Kyoko885,Chung121,Heathcote539,,,,white,nonhispanic,F,West Springfield  Massachusetts  US,673 Schroeder Spur Suite 58,Quincy,Massachusetts,Norfolk County,25021,02169,42.24001882439242,-70.99510162214146,92113.56,797839.79,73806
d417928f-2e47-e6f9-0b15-b68aa0ab0b76,2022-03-31,,999-36-2157,,,,Siu135,,Hayes766,,,,white,nonhispanic,F,Amherst  Massachusetts  US,720 Wyman Grove Unit 25,Wakefield,Massachusetts,Middlesex County,25017,01880,42.53621473994814,-71.03285065751524,850.00,14828.19,9295
fba0636a-100d-484d-4fa7-d98c9042978f,2004-05-13,,999-80-2465,S99988011,X36686611X,Mr.,Carlos172,Hunter736,Abernathy524,,,,white,hispanic,M,Gloucester  Massachusetts  US,712 Legros Wynd Suite 48,Everett,Massachusetts,Middlesex County,25017,02149,42.41839213782972,-71.02218135529594,37684.21,39860.09,81440
959a19b9-3a48-0b78-f325-692ad979c2ad,1999-12-22,,999-40-6839,S99956157,X61160749X,Ms.,Amira620,Gilda31,Stoltenberg489,,,,white,nonhispanic,F,Woburn  Massachusetts  US,166 Towne Grove,Mansfield Center,Massachusetts,Bristol County,,00000,42.05211162808965,-71.21458402952793,170058.10,329900.53,128336
c1640ba4-67e0-c5c0-6c7a-28e939ff780a,1990-12-22,,999-70-5255,S99980176,X44085384X,Mr.,Jerold208,Jean712,Stoltenberg489,,,D,white,nonhispanic,M,Boston  Massachusetts  US,405 Thompson Green Unit 61,East Falmouth,Massachusetts,Barnstable County,25001,02536,41.55275048326018,-70.53007343518446,7113.12,111999.06,20924
79df401b-ade3-fe3d-2f55-1f42f17ea507,1958-01-14,2010-02-16,999-29-5742,S99963990,X30493208X,Mr.,Vern731,Lynn917,Rowe323,,,M,white,nonhispanic,M,Lawrence  Massachusetts  US,628 Erdman Highlands Suite 31,Scituate,Massachusetts,Plymouth County,25023,02066,42.246485786762975,-70.76593646360375,140930.71,102529.39,39093
3cced9db-f944-28ce-d19e-e9f8790324be,1958-05-31,,999-34-9476,S99985511,X30939437X,Mrs.,Roy364,Shavon903,DuBuque211,,Roob72,M,white,nonhispanic,F,Rockport  Massachusetts  US,828 Heller Bay Suite 22,Canton,Massachusetts,Norfolk County,,00000,42.12736960432981,-71.12900950173777,1114044.45,218004.45,52167
2222ec1b-e83f-fa33-357e-468b36ce53e7,1958-01-14,1974-03-03,999-17-8557,S99955111,,,Mohamed943,Weldon459,Parker433,,,,white,nonhispanic,M,Walpole  Massachusetts  US,1004 Brekke Green Apt 3,Scituate,Massachusetts,Plymouth County,25023,02066,42.22715016489018,-70.72004463252662,48344.05,0.00,39093
f5661d37-4276-aa9e-2869-7f592c66df18,1974-08-16,,999-91-7854,S99990808,X72233692X,Mr.,Bill567,Eusebio566,Russel238,,,S,white,nonhispanic,M,Boston  Massachusetts  US,342 Stracke Annex Apt 66,Salem,Massachusetts,Essex County,25009,01907,42.497359090539966,-70.86830697290043,8987.46,134079.91,11983
c57d9e73-f300-1e6c-8a4b-44294a7155f7,1936-10-14,,999-53-6813,S99918798,X05158591X,Mr.,Danial835,,Kirlin939,,,D,white,hispanic,M,Holden  Massachusetts  US,253 Zemlak Annex,Marblehead,Massachusetts,Essex County,25009,01945,42.53273995180441,-70.85950486935761,19309.44,494230.23,9667
c7a736ab-f1b1-0f9f-297b-7601ebd305e1,2018-02-15,,999-32-1893,,,,Cinda869,Shasta644,Beahan375,,,,white,nonhispanic,F,Ware  Massachusetts  US,958 Ziemann Forge,Gloucester,Massachusetts,Essex County,25009,01930,42.58068521487069,-70.65139796466435,26738.78,4757.81,97338
f9a86180-ba1e-79ed-e75e-e4ddbb53e1eb,2018-07-11,,999-57-7909,,,,Michell380,Shaunta614,Grimes165,,,,black,nonhispanic,F,Methuen  Massachusetts  US,283 Fritsch Heights,Boston,Massachusetts,Suffolk County,25017,02467,42.36057643102521,-71.07133962477226,15987.25,15804.61,138543
87fe7351-379b-6211-58f8-a738f4717087,1958-01-14,,999-37-9016,S99983175,X86043640X,Mr.,Randal152,,Senger904,,,S,white,nonhispanic,M,North Westport  Massachusetts  US,325 Quigley Frontage road Apt 94,Scituate,Massachusetts,Plymouth County,25023,02066,42.171754853565645,-70.74458023455199,162488.38,48799.09,39093
e3307704-d6be-bbde-b1ac-ea6add5cb4f0,1956-05-28,2022-09-29,999-17-9638,S99925724,X18339732X,Mr.,Casey401,Denver542,Gerlach374,,,M,asian,nonhispanic,M,Hanoi  Hà Đông  VN,925 Lang Trail Suite 94,Chelsea,Massachusetts,Suffolk County,25025,02150,42.42455912644871,-70.97730309923737,198348.14,603367.12,52098
16ce7e95-470d-bab7-eb94-6d465ff81926,1994-06-28,,999-92-2018,S99973619,X02938146X,Mr.,Waldo53,Grover559,Windler79,,,M,white,hispanic,M,Boston  Massachusetts  US,1057 Donnelly Quay,Boston,Massachusetts,Suffolk County,25025,02132,42.34627726957315,-71.11777078883426,69022.84,10987.69,58234
8ac26277-08d5-63d4-cd61-3f6ffa6b0003,2015-09-12,,999-21-6137,,,,Sammie902,Sang383,Torp761,,,,other,nonhispanic,F,Shirley  Massachusetts  US,1096 Rohan Neck,Rowley,Massachusetts,Essex County,25009,01969,42.751722920774576,-70.87512695641298,14379.55,7798.61,130529
9b6e9f0d-e501-2bf5-52d7-552b37b272b2,1955-11-08,,999-38-8191,S99930853,X82930998X,Mr.,Guillermo498,Antione404,Balistreri607,,,M,white,nonhispanic,M,South Amherst  Massachusetts  US,685 Block Divide Unit 72,Attleboro,Massachusetts,Bristol County,25005,02703,41.90814187606928,-71.30326781652126,184617.58,1122212.33,145021
e8fd4ea2-3139-d005-aeaa-1190bfbc54a6,2007-04-25,,999-34-1158,S99915600,,Mr.,Denis399,Faustino767,Effertz744,,,,white,nonhispanic,M,Boston  Massachusetts  US,974 Kiehn Highlands Apt 17,Milford,Massachusetts,Worcester County,25027,01757,42.20632103560847,-71.54948983272618,27827.26,24141.71,79596
a4907ec9-df71-1dce-7aff-412e071ae93c,1998-10-25,,999-40-6369,S99940859,X64798486X,Ms.,Bridgette172,Monique148,West559,,,,asian,nonhispanic,F,Lynn  Massachusetts  US,612 Hermann Tunnel,Brookline,Massachusetts,Norfolk County,25025,02215,42.30865879882285,-71.12422724109157,7660.00,262787.91,15865
b239a6de-3042-c93c-79b2-a69785a5d163,1966-01-12,,999-31-5895,S99986523,X52785955X,Mrs.,Letisha598,Yvonne357,Mayert710,,Schinner682,M,white,nonhispanic,F,Orange  Massachusetts  US,1010 McKenzie Approach Unit 36,Chicopee,Massachusetts,Hampden County,25013,01020,42.22011401488609,-72.5759879733203,152765.03,63333.97,27590
98a08318-902b-1f60-9d5d-244fc0936b5c,1956-05-28,,999-83-2991,S99963498,X65422984X,Mr.,Dustin31,Mitchel812,Cartwright189,,,M,asian,nonhispanic,M,Haiphong  Kiến An  VN,175 Goodwin Knoll Apt 51,Chelsea,Massachusetts,Suffolk County,25017,02149,42.38054564187966,-71.00983383462395,149222.43,89506.68,52098
8d4019db-f323-1ef8-1d1a-c35ad93a4142,1960-09-25,2017-09-28,999-54-2458,S99977011,X36768982X,Mr.,Zachery872,,Kirlin939,,,D,white,nonhispanic,M,Burlington  Massachusetts  US,354 Block Branch,Lee,Massachusetts,Berkshire County,25003,01238,42.343611070147396,-73.20055459602594,8654.99,137344.78,5217
029ca4e5-02a2-2437-36d2-8c19bb6fe68f,1996-04-18,,999-27-8673,S99925803,X34997071X,Mr.,Antoine384,Elliot577,Bode78,,,M,white,nonhispanic,M,Fall River  Massachusetts  US,265 Lesch Union,Stoughton,Massachusetts,Norfolk County,,00000,42.1187487882835,-71.14556527094201,7276.94,698893.49,18815
812e66bf-3afb-5ff8-d618-8074117da9ce,1957-12-15,,999-69-1336,S99952890,X19664443X,Mrs.,Amada498,,Emmerich580,,Hand679,W,white,nonhispanic,F,Brockton  Massachusetts  US,155 Bins Bridge Apt 39,Freetown,Massachusetts,Bristol County,,00000,41.74972459893099,-70.9764832969198,311573.35,1056776.84,152906
191a72ac-cc76-e647-23e5-e2641b9a72ae,1970-04-24,,999-51-8160,S99935873,X83011707X,Mrs.,Madaline59,,Botsford977,,Prosacco716,M,white,nonhispanic,F,Brockton  Massachusetts  US,293 Goyette Boulevard Suite 83,Northampton,Massachusetts,Hampshire County,25015,01060,42.358346749677935,-72.59518348074235,311787.04,695936.83,602208
89494bcc-0a36-8fae-76f5-286c28208847,2015-08-01,,999-69-1922,,,,Merideth332,,Spencer878,,,,hawaiian,nonhispanic,F,Springfield  Massachusetts  US,636 Ryan Brook,Holden,Massachusetts,Worcester County,,00000,42.38698668805624,-71.84221969202517,2150.35,28114.12,8977
b0f5ae1e-6235-223c-2a1d-e84f2e8048cb,2022-12-07,,999-37-3090,,,,Kaye394,Angele108,Ryan260,,,,white,nonhispanic,F,West Springfield  Massachusetts  US,968 Crist Road,Cambridge,Massachusetts,Middlesex County,25017,02142,42.367991476918974,-71.05911964808931,8609.04,16392.90,69728
4edd2dfb-94b2-6fc1-cf22-8c70e2845376,1967-02-19,,999-20-1891,S99917480,X64803782X,Mr.,Caleb651,Wiley422,Wyman904,,,S,white,nonhispanic,M,Grafton  Massachusetts  US,454 Cronin Crossing,Rockland,Massachusetts,Plymouth County,,00000,42.13040236018855,-70.95309889790448,11109.37,166863.44,22315
3543e3d0-67ba-445e-3815-b9d167d10a69,1985-06-25,,999-73-7573,S99969625,X87467683X,Ms.,Taneka590,,Okuneva707,,,S,white,nonhispanic,F,Southborough  Massachusetts  US,132 Greenholt Harbor,Lynnfield,Massachusetts,Essex County,25009,01940,42.49397627594383,-71.00625923688375,295029.73,1319110.74,150059
28e979f4-ac7c-f3b7-8cd7-7a5f884000e8,1995-09-07,,999-74-2519,S99976890,X37154852X,Mrs.,Natashia109,,Shanahan202,,Torp761,M,white,nonhispanic,F,Millis-Clicquot  Massachusetts  US,281 Hammes Mill,Cambridge,Massachusetts,Middlesex County,25017,02139,42.405823153272365,-71.13059753340694,110565.07,266427.56,162883
56af910b-de69-02e3-4d7f-b83c84bb7c46,2023-12-02,,999-21-8790,,,,Mabel261,Rosetta750,Boehm581,,,,white,nonhispanic,F,Medway  Massachusetts  US,857 Rice Lodge,Milton,Massachusetts,Norfolk County,25021,02186,42.258931907168765,-71.09550914136373,4159.73,3020.94,41162
f8ca9d07-2b97-417a-d614-93c41a729358,1985-02-19,,999-94-8569,S99952992,X37963229X,Ms.,Hannah56,,Tromp100,,,S,white,nonhispanic,F,Williamstown  Massachusetts  US,948 Doyle Approach,Bourne,Massachusetts,Barnstable County,25001,02532,41.6676124400003,-70.54218487643959,224200.78,460105.74,176015
cfd5acfb-8fc8-7784-62f2-ed67fe51ab68,1989-04-05,,999-82-6503,S99968610,X90656737X,Mr.,Lucius907,Jeremiah751,Larkin917,,,S,black,nonhispanic,M,Tyngsborough  Massachusetts  US,417 Rath Trafficway Suite 58,Natick,Massachusetts,Middlesex County,,00000,42.312757907202865,-71.31500641980954,101174.39,20972.71,27188
8507afd3-ba83-dd1d-f463-be592408a3f8,1990-04-22,,999-47-1512,S99989751,X64979472X,Mr.,Carol737,Coy949,Paucek755,,,M,white,nonhispanic,M,Chelmsford  Massachusetts  US,1006 Waelchi Track Apt 98,Malden,Massachusetts,Middlesex County,25017,02155,42.435848418789945,-71.01767362756794,87348.29,1874.12,131762
64cd8b6d-7600-5651-554d-8af687fbdb81,2015-12-22,,999-70-2458,,,,Sindy229,Ruthann382,Dickinson688,,,,white,nonhispanic,F,Chelsea  Massachusetts  US,460 Daugherty Knoll,New Bedford,Massachusetts,Bristol County,25005,02748,41.69349552197727,-70.93190350746801,40819.87,25734.86,86694
4d033ddc-913b-d592-4776-01e55d1dd41a,1930-12-06,1962-03-01,999-37-3194,S99953087,X84402361X,Mr.,Ezekiel373,,Cartwright189,,,M,white,nonhispanic,M,Dartmouth  Massachusetts  US,581 Daugherty Ranch Suite 72,Brockton,Massachusetts,Plymouth County,25023,02351,42.12464318101218,-70.9260213368252,72990.83,44661.13,153475
373f549c-9b0a-0376-762a-68369b058b22,2001-02-08,,999-47-4997,S99981840,X41708694X,Mr.,Ken316,,Mosciski958,,,,white,nonhispanic,M,Westfield  Massachusetts  US,318 Jaskolski Ferry,Springfield,Massachusetts,Hampden County,25013,01108,42.07310732176957,-72.5804236831129,61793.55,7181.74,173446
91ae3495-688e-b13d-7f06-24a0e60ef326,1953-01-16,,999-98-8240,S99972792,X72896935X,Ms.,Débora815,,Monroy712,,,S,white,hispanic,F,Marigot  Saint Andrew Parish  DM,285 Morar Vista,Shrewsbury,Massachusetts,Worcester County,,00000,42.28561229980119,-71.70905709588096,312019.24,936823.38,163490
fa9d5c46-b472-cac1-f0d9-a1a43586dc15,2006-01-10,,999-11-3835,S99985796,X49987304X,Ms.,Aundrea980,Carylon722,Durgan499,,,,white,nonhispanic,F,Springfield  Massachusetts  US,695 Mills Fort Unit 23,Medway,Massachusetts,Norfolk County,,00000,42.175624559532736,-71.41453577083635,117158.61,604420.01,611058
9046e63f-2415-c061-549b-c9b89426f51c,1950-01-02,,999-18-1735,S99942367,X56941888X,Mr.,Arnold338,Elvis145,Morar593,,,D,white,nonhispanic,M,North Andover  Massachusetts  US,961 Koelpin Arcade,Kingston,Massachusetts,Plymouth County,25023,02364,41.97869199526844,-70.72722185747267,14181.60,390892.89,19172
61cc3ca9-a65c-5974-7323-446688958473,1960-09-25,2017-04-29,999-32-5037,S99948409,X98038785X,Mr.,Rudolf736,Florencio463,Gislason620,,,D,white,nonhispanic,M,Sandwich  Massachusetts  US,1014 Bergstrom Hollow,Lee,Massachusetts,Berkshire County,25003,01238,42.30888727520737,-73.21376865632418,106366.91,566468.02,5217
3614ca9a-8595-f9be-9614-e76e98ab9415,1976-05-04,,999-32-9961,S99948787,X91030405X,Mr.,Allan198,Gregorio366,Steuber698,,,M,black,hispanic,M,Southborough  Massachusetts  US,535 Carroll Vale Unit 42,Agawam,Massachusetts,Hampden County,25013,01001,42.11050019132236,-72.604567250254,134114.00,46009.39,26681
099ebdb8-dea2-d0d7-b3e0-58ee66a8ce02,1964-05-12,,999-71-1643,S99910803,X27280336X,Mr.,Cameron381,Harvey63,Paucek755,,,M,white,nonhispanic,M,Saugus  Massachusetts  US,702 Orn Brook Suite 87,Newton,Massachusetts,Middlesex County,25017,02460,42.34762229811263,-71.2217957634027,255756.34,81667.28,788315
6f58af21-ef5c-5d06-e4dd-077cf2f90c65,1969-11-20,,999-22-9413,S99943119,X80083513X,Mr.,Trent525,Loyd638,Kerluke267,,,M,black,nonhispanic,M,Hudson  Massachusetts  US,141 Cole Grove,Brockton,Massachusetts,Plymouth County,25023,02301,42.11249494602237,-71.04801946717838,184873.00,0.00,94789
0f3aa619-7aec-4103-a061-23b7af58261c,1930-12-06,1989-08-03,999-53-7571,S99957109,X42998821X,Mr.,Shaun461,,Connelly992,,,S,white,nonhispanic,M,Leominster  Massachusetts  US,930 Heidenreich Neck,Brockton,Massachusetts,Plymouth County,25023,02302,42.137519851005536,-70.97404269286457,115985.26,3292823.44,153475
7a9518f8-2474-a095-0374-5aa490fe00f1,1960-09-25,,999-88-7688,S99935145,X74978755X,Mr.,Homer307,Tyler508,Witting912,,,M,white,nonhispanic,M,Medway  Massachusetts  US,728 White Mews,Lee,Massachusetts,Berkshire County,25003,01238,42.337308932487396,-73.20318967333264,14698.72,273556.77,5217
c2afef55-c25f-66a3-a304-683ae1701df5,2002-10-07,,999-95-4582,S99925281,X47114756X,Mr.,Miles206,Jarred626,Block661,,,,white,nonhispanic,M,Middleborough  Massachusetts  US,888 Parisian Mill Suite 13,Natick,Massachusetts,Middlesex County,,00000,42.31103040965406,-71.39871460911787,39283.92,43731.01,795611
f2f73974-7ab2-806a-b79b-d13a9f588c62,2005-04-22,,999-61-8652,S99922483,X02403208X,Mr.,Woodrow571,Booker670,McKenzie376,,,,white,hispanic,M,Amesbury  Massachusetts  US,891 Swaniawski Crossing Unit 4,Boston,Massachusetts,Suffolk County,25025,02136,42.3972065124534,-71.1537820510479,3650.00,60160.49,21431
362caeff-f797-8fd2-933a-28fdbdeaaa35,2005-06-19,,999-45-1624,S99945823,X62084795X,Mr.,Horacio317,Son314,Schroeder447,,,,asian,nonhispanic,M,Worcester  Massachusetts  US,1021 Padberg Knoll Suite 48,Salem,Massachusetts,Essex County,25009,01970,42.450465901008045,-70.93704561121503,3845.86,71080.08,20786
bf1c7248-449f-c6d0-6c00-fb5623ac25dd,1961-05-08,,999-60-2376,S99991059,X54239190X,Ms.,Thea616,Anitra287,Von197,,,S,white,nonhispanic,F,Attleboro  Massachusetts  US,405 Funk Branch Unit 26,Auburn,Massachusetts,Worcester County,,00000,42.204619319715356,-71.81979877291701,22803.76,751777.90,21506
5cc5c77d-b947-aceb-d69e-f6c57c842b88,2015-02-21,,999-25-3532,,,,Gavin481,Bennie663,Ledner144,,,,asian,nonhispanic,M,Worcester  Massachusetts  US,941 Smith Trafficway,Plymouth,Massachusetts,Plymouth County,25023,02360,41.944552441890416,-70.59350123650617,24248.87,0.00,134214
04ef3786-81ea-0a1c-181f-65559d42cb09,1995-08-04,,999-87-1363,S99936483,X87176570X,Mr.,Gerry91,Gaston250,Hauck852,,,M,white,nonhispanic,M,Attleboro  Massachusetts  US,561 Smith Road,Worcester,Massachusetts,Worcester County,25027,01610,42.26943020694743,-71.78647561303069,6234.08,78634.10,15707
57031c84-e700-6b4f-65bd-e41505f22245,1978-07-04,,999-95-1935,S99988202,X15954121X,Ms.,Marya246,Gabriela205,Walker122,,,S,hawaiian,nonhispanic,F,Harwich  Massachusetts  US,473 Gorczany Neck,Chelsea,Massachusetts,Suffolk County,25017,02149,42.392486155702464,-71.05927916475788,398871.41,455750.70,61190
56b00b6c-e76e-da21-2df0-5272beab2d6e,1996-07-23,,999-57-8992,S99925777,X85724305X,Mr.,Clifford177,Rodolfo763,Berge125,,,M,white,nonhispanic,M,Medfield  Massachusetts  US,735 Koelpin Pathway,Woburn,Massachusetts,Middlesex County,25017,01801,42.446617031701145,-71.11629331744285,72512.98,2435.75,86266
db4a616b-5c28-2f2e-23c7-511a1c1d23bb,2003-08-23,,999-67-5282,S99922264,X07167466X,Ms.,Mayola305,Caitlin552,Torp761,,,,black,nonhispanic,F,Leominster  Massachusetts  US,313 Ziemann Approach Unit 76,Worcester,Massachusetts,Worcester County,25027,01583,42.34770196308927,-71.74552735509296,116777.56,596222.93,70388
c3428081-3950-bd0c-c720-69e177d62467,1953-05-06,,999-13-3403,S99988359,X16391798X,Mr.,Oren284,Buster609,Pollich983,,,M,white,nonhispanic,M,Newbury  Massachusetts  US,683 Doyle Path Suite 67,Worcester,Massachusetts,Worcester County,25027,01545,42.231849816936766,-71.88257398792301,189372.74,26473.79,46793
6e2575bc-d1ee-8700-466a-c96d8aae8058,1977-08-16,,999-62-2158,S99947351,X45336764X,Mrs.,Veronika907,Tiana543,Heller342,,Bogan287,D,white,nonhispanic,F,Winchendon  Massachusetts  US,1044 Kozey Meadow,Wayland,Massachusetts,Middlesex County,,00000,42.361879953675775,-71.36418241997468,335842.05,585468.11,115692
238dbc23-8f94-7633-2f62-773253933bd2,1970-05-28,,999-19-1198,S99940536,X11201791X,Mrs.,Valery629,Hedwig986,Harvey63,,Weber641,M,white,nonhispanic,F,Newton  Massachusetts  US,1071 Kessler Walk,Oakham,Massachusetts,Worcester County,,00000,42.356542116638074,-72.0008083728047,272704.86,568102.01,34731
ce595fde-9294-633e-3588-e8bbcd066b6f,1930-12-06,,999-86-4121,S99939125,X88846444X,Mr.,Ashley34,Larry532,Ratke343,,,M,white,nonhispanic,M,Lowell  Massachusetts  US,1080 Murphy Dale Apt 34,Brockton,Massachusetts,Plymouth County,25023,02351,42.11295046020263,-71.07004784096927,231349.67,478092.58,153475
590fd332-c82b-4c97-20fd-0d2b484937b5,2000-12-21,,999-29-1965,S99934822,X98197064X,Mr.,Will178,Homer307,Stehr398,,,,white,hispanic,M,Springfield  Massachusetts  US,110 Mosciski Gate,Boston,Massachusetts,Suffolk County,25025,02152,42.302396990251516,-71.15049261186245,83348.01,602999.16,49759
d0012030-0297-ff4b-ec2e-5c94f3d89231,1986-05-03,,999-69-5530,S99999689,X63836983X,Mrs.,Verdie59,Theola421,Macejkovic424,,Rice937,M,native,nonhispanic,F,Lawrence  Massachusetts  US,743 Rempel Arcade,Barnstable,Massachusetts,Barnstable County,25001,02635,41.61350984352052,-70.33587590668662,170086.75,1089359.76,32764
e8954a70-46ad-b6ef-8c8e-d255fa24cc3c,1974-09-30,,999-97-3277,S99915275,X59706997X,Mrs.,Hildegard72,Ray930,Stokes453,,Feil794,D,white,nonhispanic,F,Malden  Massachusetts  US,577 Roberts Underpass Unit 15,Boston,Massachusetts,Suffolk County,25025,02108,42.31133771672619,-71.07056222351629,418130.36,605405.54,42360
81ef5cc8-c5d8-9d44-54cc-b917ba944bf7,1966-06-11,,999-75-4528,S99977037,X54381164X,Mr.,Rubén780,Ignacio928,Tamayo777,,,M,white,hispanic,M,La Paz  Baja California  MX,150 Swift Trailer Apt 17,Lynn,Massachusetts,Essex County,25009,01902,42.5329698810958,-70.98800715122407,162636.93,35174.77,138669
dd6623b1-d73b-35a0-2adf-fdc465bbf520,1962-10-28,2006-12-15,999-69-9762,S99932513,X53867881X,Mr.,Herbert830,Efrain317,Ferry570,,,S,white,hispanic,M,Wayland  Massachusetts  US,628 Monahan Row Apt 19,Ludlow,Massachusetts,Hampden County,,00000,42.21376977044847,-72.4628112917244,449550.63,315582.81,116649
c390a655-8a6c-38ce-f3f2-6a163210c719,1943-01-09,,999-37-7745,S99957004,X07896679X,Ms.,Georgiana151,Melonie209,Simonis280,,,S,black,nonhispanic,F,South Lancaster  Massachusetts  US,218 Grant Underpass,Boston,Massachusetts,Suffolk County,25025,02115,42.31962099145333,-71.17345045157349,55648.83,1492630.52,20616
8bcabac2-e8c6-9d27-1fdb-cf97f04e9460,1971-08-27,,999-44-8954,S99916017,X56352261X,Mrs.,Clarice719,Albert312,Botsford977,,Moen819,M,white,nonhispanic,F,Peabody  Massachusetts  US,950 Koch Route,Brookline,Massachusetts,Norfolk County,25017,02467,42.27886920573103,-71.16455993766533,624104.41,432456.23,60003
73825060-6e16-5ec5-188b-93c355af44a8,1962-10-28,2021-03-22,999-67-1606,S99930603,X65808071X,Mr.,Judson999,Bryce11,Reilly981,,,M,white,hispanic,M,Methuen  Massachusetts  US,454 O'Conner Corner,Ludlow,Massachusetts,Hampden County,,00000,42.2325125787301,-72.49409193859127,219437.38,3338.96,116649
4a029b46-9189-b4a5-f9d9-475cbf59eb4a,2010-12-29,,999-25-6361,,,,Russel238,Nigel915,Altenwerth646,,,,white,nonhispanic,M,Bliss Corner  Massachusetts  US,165 Williamson Loaf Suite 34,Southbridge,Massachusetts,Worcester County,25027,01550,42.01311099291727,-72.03615131195302,3545.86,60216.55,25764
8d0a1029-345b-c81b-b763-1082ac414682,1958-12-06,,999-85-5459,S99974719,X80021779X,Mr.,Humberto482,Foster87,Mertz280,,,M,white,nonhispanic,M,Mansfield  Massachusetts  US,707 Grant Camp Suite 79,Reading,Massachusetts,Middlesex County,25017,01867,42.5120429551531,-71.08508592188204,162782.56,158095.86,106807
933af3f6-2222-bdfc-1ba9-c7802a725780,1962-10-28,,999-76-8695,S99999601,X99880165X,Mr.,Weldon459,Kendall673,Kulas532,,,M,white,hispanic,M,Brockton  Massachusetts  US,250 Jones Union Unit 95,Ludlow,Massachusetts,Hampden County,,00000,42.17319056876179,-72.4753278251825,271570.37,50923.53,116649
c3918d28-a097-d457-0f16-4c61b49084f6,1969-10-21,,999-24-3670,S99957744,X76703647X,Mr.,Herschel574,Willard975,Cassin499,,,D,white,nonhispanic,M,Rehoboth  Massachusetts  US,106 Bergnaum Vista,Bridgewater,Massachusetts,Plymouth County,25023,02324,41.99573219069688,-70.94122508800845,100676.14,120781.87,23940
14fc72a9-d7d6-b0af-40a3-2ddb27321efb,2017-09-22,,999-56-9015,,,,Hilario934,Gerald181,Homenick806,,,,white,nonhispanic,M,Agawam  Massachusetts  US,1054 Bernhard Lane,Medway,Massachusetts,Norfolk County,,00000,42.193732735149446,-71.43299254936326,23073.44,0.00,66497
37160ee6-7dec-5013-e910-1de3f5adccdc,1980-09-06,,999-96-5786,S99969022,X90939017X,Mr.,Mariano761,,Ojeda263,,,M,white,hispanic,M,Bogota  Bogota  CO,923 Hudson Arcade,Bourne,Massachusetts,Barnstable County,25001,02532,41.7315203412523,-70.64096957124701,101148.23,7549.53,733613
b2c078e9-bfc7-700e-eb10-fae322c41b13,2004-03-04,,999-13-2194,S99947949,X60173100X,Ms.,Susana117,Mariel814,Stark857,,,,white,nonhispanic,F,East Douglas  Massachusetts  US,112 Kemmer Annex Apt 52,Palmer,Massachusetts,Hampden County,25013,01095,42.19958079151362,-72.35566529257271,49421.58,17429.50,52040
504bd24d-cd60-595b-c81a-1760800346ff,1993-02-17,,999-95-4853,S99966192,X04926618X,Mr.,Ezra452,,Russel238,,,M,white,nonhispanic,M,Salem  Massachusetts  US,1002 Schinner Meadow Apt 57,Mansfield Center,Massachusetts,Bristol County,,00000,42.02267521708517,-71.23547264875401,21832.76,662545.12,162048
6eb005bb-2034-eadd-5d33-3afe0ab7220c,1966-01-25,,999-26-8841,S99927802,X14201195X,Mr.,Fernando603,Enrique929,Velasco179,,,W,white,hispanic,M,Bogota  Bogota  CO,640 Runolfsdottir Well Suite 8,Salem,Massachusetts,Essex County,25009,01907,42.4749894009719,-70.90787022110443,21147.06,316853.64,13091
25bd95d1-e14c-e2d8-678f-2dcf6d765aee,1954-01-26,2014-10-12,999-61-1937,S99921683,X87834427X,Mrs.,Aleida76,Felicia295,Kuvalis369,,Hilpert278,M,black,nonhispanic,F,Newton  Massachusetts  US,462 Dicki Trailer Unit 82,Boston,Massachusetts,Suffolk County,25025,02132,42.30939570873615,-71.12257017229999,55088.85,979719.11,10344
830c0fb3-5944-3193-7502-a7a02def8042,2012-06-27,,999-71-4906,,,,Sadye922,Vernice968,Stehr398,,,,white,nonhispanic,F,Boston  Massachusetts  US,659 Carter Heights,Reading,Massachusetts,Middlesex County,25017,01867,42.45389540016244,-71.136317534123,30272.55,734.31,125989
449757f1-274d-81e8-1e32-b831b18632fb,1998-12-23,,999-13-1990,S99935306,X14876517X,Mr.,Charles364,Salvador46,Langworth352,,,,white,nonhispanic,M,Walpole  Massachusetts  US,627 Jacobson Meadow,Taunton,Massachusetts,Bristol County,25005,02718,41.91260960105717,-71.08715408968331,5912.42,104521.91,25558
0b1dd036-6189-e194-b393-af9fdecd792b,1938-07-27,2022-02-11,999-94-8725,S99944000,X92375060X,Ms.,Christeen33,Stephany248,Batz141,,,S,black,nonhispanic,F,Blackstone  Massachusetts  US,675 Kovacek Track,Wilmington,Massachusetts,Middlesex County,25017,01887,42.54425422196883,-71.17981534474568,1054423.36,237399.67,84151
3654367c-9e09-da93-bd7a-76cb17041ee1,2004-01-13,,999-81-4467,S99911821,X53917202X,Ms.,Lucia634,Lorena247,Rael318,,,,black,hispanic,F,Buenos Aires  Ciudad de Buenos Aires  AR,512 Monahan Heights Suite 50,Boston,Massachusetts,Suffolk County,25025,02108,42.31777682908849,-71.07697994927105,103284.68,0.00,117175
684bd14a-bc76-5e62-a49e-d0756f5eaa54,2003-02-13,,999-74-1894,S99985546,X37608672X,Mr.,Eddy900,Mitchel812,Beier427,,,,white,nonhispanic,M,Holden  Massachusetts  US,193 Quigley Burg Apt 27,Hamilton,Massachusetts,Essex County,,00000,42.665201481195865,-70.81069219186111,362799.75,314476.80,42723
1ea74aeb-4444-8d3e-8462-3a8838099d7a,2000-08-03,,999-35-6993,S99914423,X67281739X,Mr.,Lucas404,Jacobo456,Toro760,,,,white,hispanic,M,Gaudalajara  Jalisco  MX,941 Rath Trail,Boston,Massachusetts,Suffolk County,25025,02151,42.33605185256591,-71.01931558221425,88606.98,38942.64,139587
002dcb37-6986-a741-c2e2-35414edadbcd,2019-05-04,,999-36-1258,,,,Sebastian508,Ray930,Christiansen251,,,,white,nonhispanic,M,Quincy  Massachusetts  US,982 Kub Orchard,Salem,Massachusetts,Essex County,25009,01970,42.452510411183574,-70.85802856172893,14280.25,0.00,52968
ebf7a4d5-76e0-c5a7-da4f-c3d7dcdd9579,1954-01-26,,999-48-6798,S99990120,X67725499X,Ms.,Steven797,,Baumbach677,,,S,black,nonhispanic,F,Lynn  Massachusetts  US,143 Mueller Village Unit 57,Boston,Massachusetts,Suffolk County,25025,02151,42.406460472345074,-71.03112129909898,18926.88,1490820.46,10344
2a1befa3-5f69-137e-b188-7ca0d268efce,1938-07-27,,999-57-1087,S99947483,X32937398X,Mrs.,Marylin690,Olevia458,Johnston597,,Sipes176,M,black,nonhispanic,F,Bedford  Massachusetts  US,836 Bartoletti Key,Wilmington,Massachusetts,Middlesex County,25017,01887,42.553842428850515,-71.18960480500046,832340.22,154763.33,84151
39ff5c5c-cb3b-7c47-e015-4af3e016ce99,2024-12-07,,999-58-3345,,,,Cecilia788,Josphine206,Treutel973,,,,white,nonhispanic,F,Plymouth  Massachusetts  US,406 Koss Frontage road,Falmouth,Massachusetts,Barnstable County,25001,02540,41.53557793332404,-70.60695171491749,5892.43,0.00,122053
465769eb-7149-9bec-94b9-81adbd794ac0,1973-05-02,,999-98-9495,S99985117,X05707816X,Ms.,Mellisa81,Genevive999,Brakus656,,,S,white,nonhispanic,F,Cambridge  Massachusetts  US,593 Jaskolski Street Suite 87,Wellesley,Massachusetts,Norfolk County,25021,02492,42.262458148389534,-71.29132364735524,69907.58,397847.78,593119
00da4b9b-8830-138b-c60e-99ce98f9cc48,1991-02-21,,999-10-9211,S99959521,X64174434X,Ms.,Annetta101,Barbar976,Gleason633,,,S,black,nonhispanic,F,Northborough  Massachusetts  US,1005 Crooks Manor Suite 2,Boston,Massachusetts,Suffolk County,25025,02136,42.332158827200416,-71.08198340737518,11162.44,563315.21,17851
0ce92a15-9eaf-239f-f0d6-fa7c39bb24a0,1964-09-01,,999-30-3692,S99991085,X38325176X,Mr.,Claude750,Cedrick207,O'Hara248,,,W,white,nonhispanic,M,Worcester  Massachusetts  US,197 Mante Glen Apt 50,Wakefield,Massachusetts,Middlesex County,25009,01940,42.573500994138186,-71.02190928677682,164534.68,52142.73,136392
89f2dd15-b580-ebeb-6b80-7497f27c29de,2019-11-10,,999-26-6881,,,,Russell422,Florencio463,Hoeger474,,,,black,nonhispanic,M,Northampton  Massachusetts  US,151 Cruickshank Path,Springfield,Massachusetts,Hampden County,25013,01108,42.134090669311774,-72.53853943676494,6095.69,12530.65,26864
5c118616-4ecc-946b-6e46-e638155abe0d,2020-08-25,,999-47-2156,,,,Erika442,Rachele486,Conn188,,,,white,nonhispanic,F,Newton  Massachusetts  US,1026 Shields Gardens,Worcester,Massachusetts,Worcester County,25027,01583,42.234966023941,-71.78553293670483,10601.50,9054.89,68911
bcb37da0-f3c4-145f-2f28-70cd64865e71,1976-09-06,,999-42-4693,S99964551,X91039701X,Mr.,Irving123,Marshall526,Beer512,,,S,white,nonhispanic,M,Amherst  Massachusetts  US,875 Langosh Grove Suite 22,Newton,Massachusetts,Middlesex County,25017,02466,42.316849933361055,-71.22149946012948,15784.72,216405.25,10891
913121e1-08c0-8790-7370-be5039f15f57,1983-12-08,,999-79-3557,S99943731,X32796210X,Mrs.,Latrice352,Tamesha39,Greenfelder433,,Littel644,M,white,nonhispanic,F,Lawrence  Massachusetts  US,1052 Weimann Trafficway Unit 41,Springfield,Massachusetts,Hampden County,25013,01128,42.06623247797101,-72.47710843888233,620543.22,341165.30,38936
8d947702-8ae3-963a-7a7f-ae7d497ac726,1987-05-21,,999-99-2448,S99930614,X89701661X,Mr.,Samual455,Hai304,Kessler503,,,M,white,nonhispanic,M,Wakefield  Massachusetts  US,529 Shields Row Apt 43,Canton,Massachusetts,Norfolk County,,00000,42.20719885550682,-71.11157942137915,69807.88,6110.18,52543
a2c98e3c-8bc3-96ad-e273-d8e71b0a0d93,1993-09-19,,999-31-4428,S99976179,X02743479X,Mr.,Jayson808,,Corwin846,,,M,black,nonhispanic,M,Ashland  Massachusetts  US,112 Smitham Highlands,Boston,Massachusetts,Suffolk County,25025,02127,42.31875646652086,-71.14957576127352,82681.10,5310.23,170453
ab8e9010-11bd-b918-69d3-89e2e068cf9d,1992-10-09,,999-89-5057,S99997482,X95852360X,Mr.,Frederick289,Pedro316,Harris789,,,M,white,nonhispanic,M,Ashland  Massachusetts  US,198 Lehner Terrace,Dartmouth,Massachusetts,Bristol County,,00000,41.52119545948941,-70.9427477133601,182954.25,0.00,47955
fc8df96b-f11c-3f41-cfbe-9381e8db8910,1971-09-23,,999-68-7793,S99960658,X26124018X,Mr.,Eldridge510,Winston220,Hayes766,,,M,white,hispanic,M,Yarmouth Port  Massachusetts  US,810 Quigley Highlands,Dartmouth,Massachusetts,Bristol County,,00000,41.543380075623354,-70.93012987218921,108853.94,680.93,123484
1437997c-200c-a3b2-b957-1cbb7f7b9c5d,1975-07-25,,999-94-5994,S99951846,X20830784X,Mr.,Tyrone215,Leo278,Predovic534,,,D,white,nonhispanic,M,Greenfield  Massachusetts  US,521 Zemlak Well Apt 71,Newton,Massachusetts,Middlesex County,25017,02464,42.32726621190921,-71.19770860135826,79660.17,132478.10,26278
73dd5df4-395d-7268-9d15-c1fb93a2a43c,1997-06-22,,999-48-5335,S99919293,X91773087X,Mrs.,Michell380,,Senger904,,Kassulke119,M,white,nonhispanic,F,Boston  Massachusetts  US,368 Bins Route Apt 46,Brockton,Massachusetts,Plymouth County,25023,02301,42.142934272454724,-70.91717961390444,8240.99,477065.80,8284
856ceac3-3bcc-1163-6bda-5c089ed548fd,1987-08-19,,999-80-6270,S99927499,X39045906X,Mrs.,Inell560,Henry768,Carter549,,Littel644,M,black,nonhispanic,F,Boston  Massachusetts  US,459 Braun Mall Suite 24,Holden,Massachusetts,Worcester County,,00000,42.36436856628565,-71.83197738407105,34910.40,523718.80,782217
be69a68a-4624-7d36-05bd-3e1e3ec0aa6a,1957-06-24,,999-88-5026,S99984308,X38043363X,Mrs.,Corey514,Felicitas300,Tromp100,,Lueilwitz711,M,white,nonhispanic,F,Lynn  Massachusetts  US,129 Streich Junction Apt 86,Lynn,Massachusetts,Essex County,25009,01907,42.44760898358973,-70.99825998404386,574521.11,152061.67,81597
d05b2fcb-3a5e-30aa-1fc1-c6788b992227,1998-02-17,,999-51-4388,S99988654,X54946645X,Mr.,Gerald181,Derrick232,Jaskolski867,,,M,white,nonhispanic,M,Dalton  Massachusetts  US,763 Howe Gateway,Wilmington,Massachusetts,Middlesex County,25017,01887,42.535657480874626,-71.15448034830492,403663.07,280584.79,101872
2edff4a1-7588-61a5-4895-4e1835277a33,2005-05-13,,999-31-6079,S99966103,X26838507X,Mr.,Victor265,,Langworth352,,,,white,nonhispanic,M,North Westport  Massachusetts  US,383 Cartwright Camp,Boston,Massachusetts,Suffolk County,25025,02136,42.395741185033856,-71.05026347190223,59589.65,376.59,157731
8e069bd4-996c-c3f4-12df-848b3874096e,1972-11-23,2023-06-11,999-76-2186,S99934291,X42693113X,Mrs.,Dora90,Marsha122,Considine820,,Hand679,M,white,nonhispanic,F,Boston  Massachusetts  US,843 Torp Street Suite 69,Nantucket,Massachusetts,Nantucket County,25019,02554,41.24199171869389,-70.0760595832772,467477.94,819050.23,35415
5b517465-aa97-23ff-4f44-bbc8af2d8e0a,1988-11-13,,999-54-7498,S99930834,X32810943X,Mr.,Buford910,Rudy520,Balistreri607,,,D,white,nonhispanic,M,Taunton  Massachusetts  US,1092 Abshire Manor Suite 61,Lynn,Massachusetts,Essex County,25009,01907,42.432015036777074,-70.98866103072501,7005.56,89897.96,18538
c8cfa602-edbf-ef04-b310-5b42d718db64,1991-08-07,,999-71-9001,S99914538,X39140501X,Ms.,Berneice173,Lanita675,Hoppe518,,,S,white,nonhispanic,F,Boston  Massachusetts  US,1095 Hudson Byway Apt 78,Medford,Massachusetts,Middlesex County,25017,02145,42.4308840881141,-71.11297655747907,121970.49,445045.00,80826
b9f50b04-54d8-9dc0-af77-0f5f295a8843,2005-06-13,,999-30-4988,S99922766,X88945457X,Ms.,Georgianne697,Melanie283,Streich926,,,,white,nonhispanic,F,Everett  Massachusetts  US,331 Haley Skyway Unit 18,Danvers,Massachusetts,Essex County,25009,01923,42.59647496808603,-70.91378782831629,44525.14,115405.10,83969
149db04f-6e45-464a-d433-bc2a698cbd02,1977-03-27,,999-62-8285,S99927498,X87034593X,Mr.,Elvin140,Shelton25,Champlin946,,,W,white,nonhispanic,M,Quincy  Massachusetts  US,549 Leffler Light,Northbridge,Massachusetts,Worcester County,,00000,42.139656283171746,-71.69199517470867,433194.72,306235.98,73788
c6f5a623-e12c-78e3-177f-d2984747fda4,1972-11-23,,999-79-9637,S99986920,X18462831X,Mrs.,Karlene380,Yee761,Zieme486,,Wilderman619,M,white,nonhispanic,F,North Adams  Massachusetts  US,691 Casper Neck Suite 14,Nantucket,Massachusetts,Nantucket County,25019,02554,41.32356422997316,-70.15168510744707,520845.54,417128.29,35415
382ce600-af74-5da6-02ab-94cecd57dd1b,1996-08-19,,999-79-4537,S99994408,X63250862X,Mr.,Andre610,Octavio643,Turcotte120,,,M,white,nonhispanic,M,Great Barrington  Massachusetts  US,870 Kirlin Frontage road,Medford,Massachusetts,Middlesex County,25017,02155,42.41699918097306,-71.0782006004244,89243.95,25309.73,73006
5610495b-48c7-78de-a040-c3d44e439855,1970-06-03,,999-44-6413,S99966599,X92499865X,Mrs.,Dion244,Leda374,Jacobi462,,Predovic534,M,white,nonhispanic,F,Leominster  Massachusetts  US,801 Renner Wall,Salem,Massachusetts,Essex County,25009,01907,42.5346591978256,-70.86534675590977,590388.74,394275.57,37155
b8a73fca-7fd6-52ab-d10e-1d915997f450,1971-02-23,,999-24-9643,S99976721,X06685403X,Mr.,Chester802,Evan94,Waelchi213,,,M,white,nonhispanic,M,Holliston  Massachusetts  US,1095 Powlowski View,Lynn,Massachusetts,Essex County,25009,01901,42.51951406279534,-70.94530214433208,181751.63,431673.81,24728
033377f2-b96d-f7a7-d50e-d5bf407b4c3b,1999-07-29,,999-58-1178,S99923376,X13063399X,Ms.,Fernanda589,Nancie476,Mills423,,,,white,hispanic,F,Kingston  Massachusetts  US,272 Gorczany Spur,East Harwich,Massachusetts,Barnstable County,25001,02645,41.749843344319856,-70.04869726075478,93473.78,418220.92,92811
052c2356-5b68-0d1a-f817-56b9d861a1ac,1998-10-25,,999-14-6183,S99919187,X96142019X,Mr.,Felipe97,Zachariah133,Breitenberg711,,,,white,nonhispanic,M,Boston  Massachusetts  US,242 Nicolas Manor,Nahant,Massachusetts,Essex County,25009,01908,42.43002531139813,-70.92797026209244,61567.33,4771.71,46104
3a1b1033-845e-7366-01cf-de6be6470192,2021-06-03,,999-71-2542,,,,Leanora120,Piedad413,Bailey598,,,,white,nonhispanic,F,Cambridge  Massachusetts  US,310 Robel Viaduct,Salisbury,Massachusetts,Essex County,25009,01952,42.88740726194691,-70.7948712113051,952.51,23136.66,23028
9d528ce3-531d-e606-d233-f631994804c2,1951-09-27,2018-09-30,999-87-2402,S99928263,X02225493X,Mrs.,Becki838,Margot418,Rodriguez71,,Bernhard322,M,white,hispanic,F,North Amherst  Massachusetts  US,105 Boyle Terrace,Boston,Massachusetts,Suffolk County,25025,02121,42.36275207141244,-71.02119531251468,433390.75,2260800.82,88079
42fcfb2e-4b3c-1c68-d184-2b4ca654cb1e,1981-03-28,,999-70-9820,S99915229,X03128308X,Mrs.,Evelin941,,Nikolaus26,,Mayert710,M,white,nonhispanic,F,Southbridge  Massachusetts  US,869 Cummings Viaduct Suite 80,Gardner,Massachusetts,Worcester County,25027,01440,42.54819611436887,-71.94538025811926,148345.94,631566.90,428767
886d6e90-c5b2-889a-bac3-57a78808cf26,1973-10-29,,999-40-2251,S99927506,X95861505X,Mr.,Jim478,Leonardo412,Pfeffer420,,,S,white,nonhispanic,M,Fitchburg  Massachusetts  US,347 Corkery Ville Suite 69,Winchester,Massachusetts,Middlesex County,25017,01890,42.46933404499177,-71.16945684486969,126004.82,43721.03,799671
ee2720ed-b945-d29d-c9ab-7b92585cf0c8,1966-01-30,,999-93-9422,S99971509,X62652640X,Mr.,Dorian295,Tobias236,Vandervort697,,,S,white,hispanic,M,Boston  Massachusetts  US,500 Watsica Fork Apt 37,Winchendon,Massachusetts,Worcester County,25027,01475,42.66933874716977,-72.06940440402339,23830.33,651818.52,20134
37a37bc5-6558-5c7a-7f92-31695a780bb5,1951-09-27,,999-67-5252,S99995696,X04187603X,Mrs.,Patrice780,Cherry401,Schumm995,,Walsh511,M,white,hispanic,F,Somerville  Massachusetts  US,508 Kunde Frontage road,Boston,Massachusetts,Suffolk County,25025,02118,42.36006986742396,-71.0945343856028,1007761.07,535737.59,88079
b6ad0e1b-d588-28aa-aea9-855fed5e63b8,1979-10-12,,999-41-3194,S99962065,X82881770X,Ms.,Laura391,Cecilia788,Cervántez278,,,S,white,hispanic,F,Puebla  Puebla  MX,771 Haley Orchard,Boston,Massachusetts,Suffolk County,25025,02108,42.31818510193719,-71.03793640820825,363129.98,367308.43,35501
6942797c-ac3c-d558-ad97-5cc5cc6278ef,1964-05-10,,999-98-1044,S99916281,X00449409X,Mrs.,Marianela210,,Becker968,,Schamberger479,M,white,nonhispanic,F,Pinehurst  Massachusetts  US,604 Schiller Mill,Duxbury,Massachusetts,Plymouth County,25023,02332,42.00922652552851,-70.68043035295021,311856.74,1261337.80,168548
bf07da7b-9bf9-9cc8-0a54-2b86e82f22bd,1980-06-13,,999-25-5310,S99957789,X21149294X,Mrs.,Teri144,,Schiller186,,Howell947,M,white,nonhispanic,F,Scituate  Massachusetts  US,790 Skiles Fork,North Adams,Massachusetts,Berkshire County,25003,01247,42.723609631459304,-73.03640948967825,306165.03,694451.23,35858
2a7039dc-6020-88d5-6c87-a8b4b793a139,1994-12-03,,999-86-7546,S99950785,X28390589X,Mr.,Man114,Donny470,Kuvalis369,,,M,white,nonhispanic,M,South Amherst  Massachusetts  US,371 Larson Promenade,Attleboro,Massachusetts,Bristol County,44007,02861,41.881264858348,-71.33351487698985,52273.52,19614.58,81669
68e9ce98-e602-7fc7-9eec-df3402901998,1960-08-29,,999-28-3703,S99982896,X53975820X,Mrs.,Tina856,,Padberg411,,Mayer370,M,black,nonhispanic,F,West Springfield  Massachusetts  US,879 Jast Branch Unit 32,Methuen,Massachusetts,Essex County,25009,01844,42.745937928064144,-71.1771698381516,225875.33,1295779.98,184021
3307a10b-d4a9-8cc5-61ce-ef3be5bbfc94,2014-01-19,,999-87-7928,,,,Ralph813,Bobbie849,Rolfson709,,,,black,nonhispanic,M,Raynham  Massachusetts  US,1047 Feest Camp,Boston,Massachusetts,Suffolk County,25025,02131,42.35325961660602,-71.01940662384057,4150.00,39728.03,21371
8e5f109f-f5b6-eb6b-e94b-663af9bf2a04,2014-11-29,,999-88-7785,,,,Lenora887,Doretta917,Crooks415,,,,white,nonhispanic,F,Melrose  Massachusetts  US,831 Hand Overpass,Worcester,Massachusetts,Worcester County,25027,01610,42.254188643117274,-71.78435144651019,25912.61,291.04,86962
703d01a3-55a6-4afc-d498-756c964e571b,1950-10-29,,999-28-8555,S99949660,X83196083X,Mrs.,Odilia72,Margherita470,Davis923,,Ratke343,D,white,nonhispanic,F,Tewksbury  Massachusetts  US,365 Johnston Park,Springfield,Massachusetts,Hampden County,25013,01108,42.130053983273775,-72.55899410484147,404338.62,920173.06,96298
6c0a60f6-aaf9-4526-ea49-e75526e2771c,1996-05-31,,999-20-6096,S99998626,X24800381X,Mrs.,Bernardine460,Gregoria352,Marvin195,,Bartell116,M,white,nonhispanic,F,Palermo  Sicily  IT,160 Gaylord Landing,Boston,Massachusetts,Suffolk County,25025,02129,42.353398798239375,-71.08431018752695,384439.94,15022.70,52919
cce07d17-0392-5c53-c6f0-f2a1d1a13406,2003-11-04,,999-83-2956,S99963269,X21151328X,Mr.,Manual570,Angel97,Padberg411,,,,white,hispanic,M,Reading  Massachusetts  US,957 Feeney Ramp Suite 90,Boston,Massachusetts,Suffolk County,25025,02210,42.32197252867764,-71.17929254613261,58601.16,11067.75,76649
e1bf4b4a-dbde-32a6-0b93-be4f3387c9ea,1966-01-20,,999-44-2720,S99951923,X97278185X,Mr.,Lamar193,Dominique369,Daugherty69,,,D,asian,nonhispanic,M,Weymouth  Massachusetts  US,1050 Murazik Boulevard Unit 53,Rockport,Massachusetts,Essex County,25009,01966,42.63557495000083,-70.60329587998325,148127.10,55637.71,26905
477a12ec-d200-ef68-4787-6ce33f91db7c,1978-08-01,,999-92-1038,S99990791,X25632902X,Mrs.,Cira533,Delena885,Bernier607,,Stark857,D,white,nonhispanic,F,Boxborough  Massachusetts  US,268 Swift Passage,East Bridgewater,Massachusetts,Plymouth County,,00000,42.058341139499674,-70.89817606419989,368018.49,137489.52,54995
10e861f7-d821-af17-96c2-83a04efc6591,2012-09-03,,999-91-5194,,,,Cassey386,Davida245,Streich926,,,,white,nonhispanic,F,Middleborough Center  Massachusetts  US,724 Ankunding Path,Springfield,Massachusetts,Hampden County,25013,01103,42.11151902508114,-72.47139594414013,51936.60,0.00,48503
d0eb46bb-a8d2-59ba-3b7c-43af9d0c26cc,2026-07-14,,999-21-2310,,,,Ben667,Dwayne786,Kreiger457,,,,white,nonhispanic,M,Webster  Massachusetts  US,935 Nikolaus Mews,Saugus,Massachusetts,Essex County,25009,01906,42.45346827619505,-71.01884351888658,1070.46,0.00,116273
fab5cbdf-eb22-4ee6-ae75-d9d3671305ca,1997-07-07,,999-33-6645,S99933683,X33186903X,Ms.,Anita473,Mercedes82,Corona300,,,S,white,hispanic,F,Portsmouth  Saint John Parish  DM,784 Lindgren Quay,Boston,Massachusetts,Suffolk County,25025,02114,42.32658630720829,-71.00750586609577,7495.56,259805.97,22197
648a983e-c356-ae4e-47ff-f5bea12304cf,2007-09-02,,999-62-6731,S99997724,,Ms.,Tennille443,Tran115,Hintz995,,,,white,nonhispanic,F,Quincy  Massachusetts  US,744 King Crossing Unit 33,Sharon,Massachusetts,Norfolk County,25021,02067,42.112426098077826,-71.15267694072863,76164.33,113315.90,588273
2fc6ab47-e23b-df6e-1a14-eda7da4d2e0f,1998-02-13,,999-67-3309,S99984049,X98775236X,Mrs.,Emiko501,Allegra202,Beahan375,,Bashirian201,M,white,nonhispanic,F,Berkley  Massachusetts  US,628 Boyer Dam,Foxborough,Massachusetts,Norfolk County,25021,02035,42.10395754263965,-71.2907992083654,162435.08,306053.74,43712
9b767279-b059-bc49-91c1-e0c12de7abb6,2010-08-21,,999-25-5617,S99992099,,,Isidro558,,Schulist381,,,,white,nonhispanic,M,Nizhny Novgorod  Nizhny Novgorod Oblast  RU,412 Simonis Rest Suite 55,Peabody,Massachusetts,Essex County,25009,01940,42.50945810379738,-71.04041346601635,67955.34,389713.10,39701
420070d7-6af5-8c33-a13a-4f3693947dbc,1970-07-02,,999-31-8580,S99926738,X74771925X,Mrs.,Carylon722,Lauralee67,Dare640,,Johnson679,D,asian,nonhispanic,F,Weymouth  Massachusetts  US,576 Keebler Alley,Watertown,Massachusetts,Middlesex County,25017,02472,42.372259200281945,-71.21904267386543,636437.50,111921.44,98175
9a47cc2b-b2c9-3d54-4ba2-c509b9896bb8,2008-01-05,,999-63-2168,S99959754,,Ms.,Angelia425,Evon528,Dickinson688,,,,white,nonhispanic,F,Walpole  Massachusetts  US,138 Quigley Tunnel Unit 36,Gloucester,Massachusetts,Essex County,25009,01930,42.62218765494796,-70.69125480890591,67069.34,607041.63,59565
375f38b5-eb10-fb61-dc2f-34beaf37b15e,2009-04-01,,999-60-6365,S99974471,,,Jude172,Eduardo902,DuBuque211,,,,white,nonhispanic,M,Easton  Massachusetts  US,537 Armstrong Plaza Apt 73,Stoughton,Massachusetts,Norfolk County,,00000,42.13298938040307,-71.09577654938593,28654.01,17078.01,62909
4debde28-85da-b9cf-75a4-d6672722886e,1951-11-15,,999-40-8151,S99983697,X21457636X,Mr.,Gustavo235,Mariano761,Sáenz811,,,S,white,hispanic,M,Kingston  Kingston  JM,239 Padberg Union Suite 28,Gloucester,Massachusetts,Essex County,25009,01930,42.62695825844807,-70.67373903773722,205423.68,249117.33,28688
f9f70504-786c-b132-9dde-a66a257c9438,1961-09-28,,999-73-2418,S99935731,X42770414X,Mr.,Ezequiel972,Laverne101,Pagac496,,,M,white,nonhispanic,M,Dracut  Massachusetts  US,845 Gerhold Estate Apt 53,Adams,Massachusetts,Berkshire County,25003,01220,42.6616142614134,-73.10708110980097,14701.19,285520.58,11372
1ed36445-905e-0403-2f96-128856c18a29,1984-12-19,,999-75-2791,S99958597,X06088068X,Mr.,Sherman440,Nathanial472,D'Amore443,,,M,white,nonhispanic,M,Brockton  Massachusetts  US,226 Sporer Well Suite 4,Beverly,Massachusetts,Essex County,25009,01915,42.602425373989036,-70.9096375352383,132918.87,0.00,57143
ca3389c6-2488-ad82-468c-87c1c1f4d90f,2023-02-06,,999-38-8323,,,,Maria750,Melba931,Lubowitz58,,,,white,nonhispanic,F,Spencer  Massachusetts  US,448 Lind Flat,Cordaville,Massachusetts,Worcester County,,00000,42.318100685515454,-71.48012503161999,7642.11,0.00,869504
46e5b5e0-e9fc-45d7-0bae-3fc9813919c9,1920-01-08,1999-10-12,999-83-3593,S99945104,X15875243X,Mrs.,Danelle47,,Fisher429,,Reichel38,W,white,nonhispanic,F,Taunton  Massachusetts  US,534 Huels Camp,Lynn,Massachusetts,Essex County,25009,01906,42.50264604342475,-70.95012927782298,20512.75,1317494.43,5800
c788ae37-8c91-3cf9-5994-f62a48ffc5f1,1993-12-17,,999-43-8921,S99990317,X49878220X,Mr.,Shane235,,Pfannerstill264,,,M,white,nonhispanic,M,Westfield  Massachusetts  US,888 Kunze Esplanade,Cambridge,Massachusetts,Middlesex County,25017,02140,42.39317628972409,-71.1233592027044,7143.44,114377.21,4463
813d85b8-31ee-2e0b-145a-2b2cb8f6b28e,2005-08-06,,999-61-3229,S99919478,X27145052X,Ms.,Myrle831,Tarra676,Auer97,,,,white,nonhispanic,F,Needham  Massachusetts  US,681 Senger Pathway Unit 87,Northbridge,Massachusetts,Worcester County,,00000,42.16094673943205,-71.68171058249807,92898.22,127511.46,146845
7afbd2ab-4fbb-2b37-e191-8e9ceb494e3a,1953-02-05,,999-24-3734,S99923526,X74548378X,Mr.,Brenton674,Raul814,Bernhard322,,,M,white,nonhispanic,M,Tisbury  Massachusetts  US,358 Fisher Route Apt 17,Brookline,Massachusetts,Norfolk County,25025,02215,42.36918206210043,-71.07530951144768,217644.26,124724.08,91817
21ed6cab-650c-1419-24aa-e187fbd6ae4f,2014-09-28,,999-70-8745,,,,Edie35,Etta748,Kovacek682,,,,white,nonhispanic,F,Springfield  Massachusetts  US,146 Schaden Drive,Foxborough,Massachusetts,Norfolk County,25021,02035,42.07080260248797,-71.28582180925773,20062.64,27311.05,119811
a26dbd52-0104-c18c-b821-2c96822bf6f1,1971-06-05,,999-72-1223,S99990678,X53339237X,Mr.,Hipolito984,Russel238,Schaden604,,,M,white,nonhispanic,M,Seekonk  Massachusetts  US,425 McClure Key,Cochituate,Massachusetts,Middlesex County,,00000,42.34091148321686,-71.35837269022214,151943.90,13551.69,300050
0cab1ab0-71af-a005-b8d5-417cad7ae5b7,2022-01-17,,999-67-2731,,,,Candance389,Lisette854,Cole117,,,,white,nonhispanic,F,Clinton  Massachusetts  US,894 Stoltenberg Wall,Worcester,Massachusetts,Worcester County,25027,01610,42.21897279042875,-71.82882736364803,6176.51,3547.85,72739
9f0dcb20-4ffc-8f5f-46cd-2ab08bef966f,2026-06-29,,999-42-3033,,,,Ayana300,Susy776,Hane680,,,,white,nonhispanic,F,Dracut  Massachusetts  US,340 Koepp Mission Unit 91,Amesbury,Massachusetts,Essex County,25009,01913,42.82817909176093,-70.95000532942038,620.18,0.00,86101
b840a643-c28b-5fed-67e1-10db1093d475,2022-09-16,,999-41-5930,,,,Kera17,Eugenia832,Reinger292,,,,white,nonhispanic,F,West Yarmouth  Massachusetts  US,724 Swaniawski Burg,Amherst,Massachusetts,Hampshire County,,00000,42.34165865168904,-72.45758633875374,6232.80,4389.97,122870
c2a6c4cf-6f5c-9170-2b09-d882134f53c9,1974-12-05,2001-07-13,999-46-7051,S99944410,X87654969X,Ms.,Kathie378,Dominica520,Ondricka197,,,,white,nonhispanic,F,Boston  Massachusetts  US,166 Feest Port Suite 53,West Yarmouth,Massachusetts,Barnstable County,25001,02673,41.653323890237374,-70.2501916609911,223350.40,24929.10,57843
5ae2bf7b-f518-4446-c552-be8125dd98e0,2000-04-15,,999-79-1110,S99916176,X34918782X,Ms.,Breana975,Delilah659,Casper496,,,,white,nonhispanic,F,Belmont  Massachusetts  US,726 Hudson Lock,Framingham,Massachusetts,Middlesex County,25017,01701,42.34186836274876,-71.38742396700647,156573.27,242135.17,144782
3989657d-2eb9-2509-811f-626aaeabd6ee,1979-12-20,,999-21-8639,S99984007,X38124212X,Mrs.,Lianne167,Latarsha812,Toy286,,Parker433,D,asian,nonhispanic,F,Cantho  Cần Thơ  VN,746 Hessel Annex,Arlington,Massachusetts,Middlesex County,25017,02474,42.44839089054802,-71.17848563665363,614380.71,506642.55,60929
b48de110-bddb-b10a-56d1-16f36b822506,2000-12-31,,999-86-9106,S99987190,X99682452X,Mr.,Dane516,,Leuschke194,,,,white,nonhispanic,M,Worcester  Massachusetts  US,1098 Emmerich Dale,Holliston,Massachusetts,Middlesex County,,00000,42.17233510127195,-71.41161366718778,53216.22,983.82,177891
f6bca68b-097b-977d-d77c-ff2c84ee153c,2006-06-22,,999-95-7327,S99919158,X24727262X,Mr.,Errol226,Damion480,Nitzsche158,,,,white,nonhispanic,M,Cambridge  Massachusetts  US,635 Upton Lock Suite 33,Marlborough,Massachusetts,Middlesex County,25017,01752,42.36137115860954,-71.50428036335039,44496.60,15730.16,43494
c0ca9d5c-0d64-ff79-b343-26e8365177af,1974-12-05,2016-08-30,999-31-6247,S99976230,X15341057X,Mrs.,Doreatha634,,Kuvalis369,,Buckridge80,M,white,nonhispanic,F,Wakefield  Massachusetts  US,337 Powlowski Path Apt 39,West Yarmouth,Massachusetts,Barnstable County,25001,02673,41.61063085601257,-70.2249134158746,586029.57,393991.94,57843
2fba2bd8-9bec-c703-dc91-e0e83e993a22,1973-01-02,,999-88-2898,S99918322,X37003391X,Mr.,Irving123,,Herman763,,,M,white,nonhispanic,M,Waltham  Massachusetts  US,470 Fisher Meadow Suite 65,Lowell,Massachusetts,Middlesex County,25017,01854,42.640216968933025,-71.2459292157739,8486.97,118278.30,3109
460eb80c-0b02-8908-697c-3adcbf95ad20,1976-05-13,,999-42-3197,S99969600,X29470713X,Mr.,Hong136,Armando772,Berge125,,,M,white,nonhispanic,M,Westfield  Massachusetts  US,245 Schmeler Trafficway Suite 12,Mansfield,Massachusetts,Bristol County,,00000,41.99367602219976,-71.20600183169343,174751.88,21570.07,39286
ab90b1b0-cbfe-462d-ae1a-ea118fb8c2a7,1974-12-05,,999-79-6476,S99920567,X96927699X,Mrs.,Kemberly945,,Greenfelder433,,Swift555,M,white,nonhispanic,F,Lawrence  Massachusetts  US,789 Von Bay Apt 13,West Yarmouth,Massachusetts,Barnstable County,25001,02673,41.7026514320717,-70.20924818690234,538812.42,436141.36,57843
618cba45-3d51-9db8-edbb-f4babb9ac45c,2009-01-04,,999-40-4221,S99972313,,,Morton637,,Hintz995,,,,white,nonhispanic,M,Marshfield  Massachusetts  US,333 Bailey Mill,Pembroke,Massachusetts,Plymouth County,,00000,42.06837498731115,-70.80696027162962,39989.24,232.48,177581
ae1d0946-2a2c-f31f-d1af-b13e93db1503,1960-11-10,,999-38-8849,S99918668,X88661482X,Mrs.,Gabriele201,,Sauer652,,Block661,M,white,nonhispanic,F,Agawam  Massachusetts  US,738 Bruen Route Suite 24,Methuen,Massachusetts,Essex County,25009,01844,42.697402363912396,-71.18550717249498,342769.30,674934.55,169286
6482bc9d-36a7-535d-0449-ceb7a443a617,1947-09-03,2010-10-02,999-57-1022,S99975143,X54902781X,Mr.,Fredric73,Eliseo499,Hane680,,,S,white,nonhispanic,M,Bridgewater  Massachusetts  US,1054 Hilpert Forge,Williamsburg,Massachusetts,Hampshire County,,00000,42.424259303264314,-72.68554330174281,61892.65,242171.52,71572
66b300cc-2415-2001-37c1-2af8173e8c89,2018-10-08,,999-73-5149,,,,Berry486,,Murphy561,,,,white,nonhispanic,F,East Brookfield  Massachusetts  US,881 Schowalter Row Apt 47,Chicopee,Massachusetts,Hampden County,25013,01022,42.186991040908886,-72.6477684804768,1439.13,27491.76,4542
1edebe20-568c-0431-e716-824fab930078,1947-09-03,,999-91-2686,S99967639,X96357040X,Mr.,Aldo414,Hosea56,Heller342,,,M,white,nonhispanic,M,North Andover  Massachusetts  US,1085 Kuhn Run,Williamsburg,Massachusetts,Hampshire County,,00000,42.43004036640435,-72.72708709554935,478795.41,452543.36,71572
1c608888-2c1f-9a6b-b70e-2006df6d5092,1952-03-30,,999-92-6810,S99978428,X16222661X,Mr.,Graham902,Aldo414,Ernser583,,,D,white,nonhispanic,M,West Springfield  Massachusetts  US,624 Eichmann Lock Suite 10,Holliston,Massachusetts,Middlesex County,,00000,42.20088913592808,-71.45657160114412,203381.44,134797.61,141849
d904a18c-f52c-fb5f-6938-cc40787e5451,1938-08-07,2007-01-29,999-66-4060,S99929930,X65132930X,Mr.,Solomon675,Clifton91,Greenfelder433,,,W,white,nonhispanic,M,New Bedford  Massachusetts  US,235 Eichmann Gateway,Braintree,Massachusetts,Norfolk County,25021,02184,42.179637470263614,-70.99497821811981,148650.38,1583544.78,23810
a6778da7-3e8a-0a6a-ff6d-a7b464b946e3,2017-08-05,,999-87-1139,,,,Latarsha812,Dominique369,Luettgen772,,,,white,nonhispanic,F,Lowell  Massachusetts  US,694 Conn Haven,Dedham,Massachusetts,Norfolk County,25021,02090,42.255503983476714,-71.20152834826534,14373.19,13895.47,597473
ffc5c0ab-5a96-1c7f-db5c-aa20886d748b,2026-03-14,,999-16-8830,,,,Tristan353,,Borer986,,,,white,nonhispanic,M,Newton  Massachusetts  US,491 Dickens Rapid Unit 31,Watertown,Massachusetts,Middlesex County,25017,02472,42.41617064541895,-71.1636050889826,2253.78,0.00,176887
c935ba90-85ed-8888-16f0-3fc90e75795b,2003-01-29,,999-48-2000,S99976056,X82301138X,Ms.,Camila223,Noemi984,Walter473,,,,white,hispanic,F,Plymouth  Massachusetts  US,853 Von Way Suite 90,Boston,Massachusetts,Suffolk County,25025,02199,42.384814489679854,-70.9304527842864,99331.75,20167.11,362226
40fc03c9-4080-d6ad-4bea-269197066e34,1920-01-08,2014-09-12,999-11-3198,S99954479,X61418599X,Mrs.,Christine147,Tamica785,Crona259,,Rosenbaum794,M,white,nonhispanic,F,Chicopee  Massachusetts  US,243 Feest Well,Lynn,Massachusetts,Essex County,25009,01940,42.537621302680286,-70.96210718118404,125297.03,2707388.91,5800
26d0615a-cc75-7a52-3e4e-b712c04ade04,2002-12-31,,999-30-1322,S99990507,X68720456X,Ms.,Christi444,Alexa171,Boehm581,,,,black,nonhispanic,F,Lynn  Massachusetts  US,543 Jacobson Heights Unit 11,Winthrop,Massachusetts,Suffolk County,25025,02152,42.41262602358577,-70.96861417635634,44001.74,346016.74,24818
caeb6678-4ac8-4752-c30f-d81a4fe3b5b0,2012-12-25,,999-29-4986,,,,Antonia30,Josefina523,Caldera106,,,,white,hispanic,F,Juarez  Chihuahua  MX,133 Hoppe Lock,Boston,Massachusetts,Suffolk County,25025,02109,42.33562829574084,-71.0427527131248,37455.79,1923.95,125193
d9ded2f6-b439-5b82-2bac-8b9931267b66,1957-09-12,,999-67-1223,S99969679,X16974020X,Ms.,Phillis443,Elli820,Abernathy524,,,S,white,nonhispanic,F,Dalton  Massachusetts  US,249 Yundt Arcade Apt 64,Orleans,Massachusetts,Barnstable County,25001,02653,41.72609056517477,-69.95039157458721,336771.71,1507531.26,26338
a3cda312-e50b-2300-df84-fcf0ae3d5980,2024-08-15,,999-18-2834,,,,Wilfredo622,Long300,Reichel38,,,,white,nonhispanic,M,Salem  Massachusetts  US,822 Rice Loaf,Marshfield,Massachusetts,Plymouth County,25023,02050,42.08202230161096,-70.69908013831424,7779.47,0.00,149553
1b51e149-bf81-6e05-de98-889090c3c56e,2008-06-12,,999-21-6304,S99933276,,Mr.,Dee580,Romeo514,Rutherford999,,,,white,nonhispanic,M,Waltham  Massachusetts  US,443 Kuhn Viaduct Apt 10,White Island Shores,Massachusetts,Plymouth County,,00000,41.76697137274575,-70.68296524173768,47884.52,4699.22,92557
632270b7-87b8-8690-30f6-81d21e5fc12e,2014-03-17,,999-12-7596,,,,Gregg522,,Shields502,,,,white,nonhispanic,M,Brewster  Massachusetts  US,440 Dooley Route,Revere,Massachusetts,Suffolk County,25025,02151,42.42404197198619,-71.01986237016737,27492.99,36720.67,792392
3c95b28e-f288-e744-7245-7f8461a182f0,1938-08-07,2019-03-09,999-93-4472,S99960241,X11203967X,Mr.,Jarod376,Joe656,Fisher429,,,D,white,nonhispanic,M,Taunton  Massachusetts  US,672 Fay Walk,Braintree,Massachusetts,Norfolk County,25021,02184,42.18531023864995,-71.04621954586598,135334.12,425839.54,23810
7d0134e0-a376-e4b8-adb5-a35d1be4ed42,1920-01-08,1996-12-30,999-19-7507,S99974642,X48449946X,Mrs.,Sylvia544,Winifred736,Carroll471,,Rolfson709,M,white,nonhispanic,F,Canton  Massachusetts  US,916 Johns Bay Suite 67,Lynn,Massachusetts,Essex County,25009,01907,42.52899101921674,-71.08305681190573,30315.67,930531.35,5800
fd920e15-70db-eb67-83a7-667f268aa734,1970-10-30,,999-80-9013,S99944267,X80090338X,Ms.,Daniela614,Cristina921,Munguía264,,,S,white,hispanic,F,Caguas  Puerto Rico  PR,345 Schulist Road,Westfield,Massachusetts,Hampden County,25013,01086,42.0812762076343,-72.78995524137963,787246.41,45712.10,112775
64b8f50b-7e08-f786-b3a9-546e9358f781,1967-04-29,,999-62-8872,S99979556,X12447677X,Mr.,Heriberto162,Coy949,Larson43,,,M,white,nonhispanic,M,Kingston  Massachusetts  US,699 Fay Parade,Boston,Massachusetts,Suffolk County,25025,02134,42.2571388281257,-71.1776770800284,14310.81,733827.27,10932
8131c235-6d15-3565-bbec-75dcf80ce1ea,1993-02-15,,999-23-6156,S99961564,X87976301X,Mr.,Son314,Emory494,Zemlak964,,,M,white,nonhispanic,M,Pinehurst  Massachusetts  US,433 Lemke Trailer,Blackstone,Massachusetts,Worcester County,,00000,42.00885607921068,-71.52698121559408,139389.02,632488.86,140811
3a115d1e-7767-938a-b946-ec7920ec9fe8,1938-08-07,,999-74-4030,S99992551,X90368956X,Mr.,Devon268,Ervin886,Wilderman619,,,M,white,nonhispanic,M,North Andover  Massachusetts  US,814 Hackett Street Unit 39,Braintree,Massachusetts,Norfolk County,25021,02184,42.17227624010748,-71.04742812788734,115022.04,404029.49,23810
46ae0b95-e04c-09ec-948c-6556b182e581,1996-03-18,,999-80-4433,S99992841,X39485500X,Mr.,Julio255,Francisco472,Aguayo104,,,M,black,hispanic,M,Mexico City  Mexico City  MX,295 Kihn Corner,Dartmouth,Massachusetts,Bristol County,,00000,41.54736272327813,-70.96814119022024,78083.25,137401.36,40126
b1a6d8b0-2a0f-bc75-06d8-255cb2ad17da,1996-07-11,,999-46-6268,S99946415,X40206856X,Mrs.,Savannah232,Mariela993,Wyman904,,Johnston597,M,white,nonhispanic,F,Oxford  Massachusetts  US,985 Emard Rue,Northampton,Massachusetts,Hampshire County,25015,01062,42.36560423576897,-72.6587423391971,257739.18,480660.04,33230
2c95e2c5-8524-9579-2326-d9e087698521,1934-08-17,2007-06-30,999-62-3016,S99973489,X39831944X,Ms.,Corina534,Jack927,Ferry570,,,S,white,nonhispanic,F,Carver  Massachusetts  US,375 Koepp Tunnel,Bolton,Massachusetts,Worcester County,,00000,42.41161767581273,-71.64358046816437,1037036.95,1065407.97,112866
fafc0cb3-3697-8b1f-ba6c-c4828f1f335f,2021-04-03,,999-89-1018,,,,Lena684,,Aufderhar910,,,,white,nonhispanic,F,Boston  Massachusetts  US,987 Ullrich Skyway,Easthampton,Massachusetts,Hampshire County,25015,01027,42.29741503639499,-72.67963049814404,19184.22,4235.91,166296
977184dc-1c42-f898-fa93-37cba7d3a3f5,1974-10-03,,999-99-9420,S99979896,X96097501X,Mrs.,Lanette41,Helena807,Adams676,,Orn563,M,white,nonhispanic,F,Fall River  Massachusetts  US,347 Beahan Promenade Apt 81,Newburyport,Massachusetts,Essex County,25009,01951,42.76261675495247,-70.89825587925745,184715.80,872725.97,668988
8c60fdce-24c0-fba4-ed1b-8c194bc4c07f,1967-07-21,,999-74-1668,S99972642,X04672109X,Mr.,Willis868,Murray856,Ankunding277,,,M,white,nonhispanic,M,Clinton  Massachusetts  US,839 Schneider Boulevard,Quincy,Massachusetts,Norfolk County,25021,02186,42.2794236469467,-71.02897512904401,143156.33,14411.12,44011
c9069655-1493-ae92-4fc1-d3f1c5017756,1981-08-11,,999-86-2605,S99984961,X02892227X,Mr.,Alphonse92,Mohammed454,Harris789,,,M,white,nonhispanic,M,Agawam  Massachusetts  US,410 Reilly Trafficway,Chatham,Massachusetts,Barnstable County,25001,02633,41.63076457537379,-69.99983825958722,99670.91,43279.80,59832
4c063d85-23f4-c19a-8f16-e76787ae6203,1981-04-27,,999-11-7360,S99949607,X19873705X,Mr.,Virgilio529,,Orn563,,,W,white,nonhispanic,M,Bridgewater  Massachusetts  US,921 Rippin Rue,Sutton,Massachusetts,Worcester County,,00000,42.124960658968334,-71.70777324066732,78892.64,4535.18,178122
cf7db68b-8501-6b1c-e36a-766ebd83cdfe,2001-02-03,,999-73-7319,S99984069,X85663564X,Mr.,Edgardo196,Sebastian508,Marks830,,,,white,nonhispanic,M,Methuen  Massachusetts  US,370 Thompson Rest,Hanson,Massachusetts,Plymouth County,25023,02341,42.09494690556328,-70.89025275709388,53185.80,178.25,123461
0a553325-13bb-6b94-2a4d-34cb2bdf8177,1928-03-29,1951-03-14,999-54-9809,S99963096,X02782112X,Mr.,Trey250,Shane235,Torphy630,,,,white,nonhispanic,M,Sudbury  Massachusetts  US,515 Jast Trafficway,Westwood,Massachusetts,Norfolk County,,00000,42.21549218111637,-71.20640190715537,50285.97,26915.18,529251
6d135cf7-50dd-c1cb-3038-193ded59add2,1965-12-31,,999-72-1744,S99995396,X12314762X,Mr.,Donny470,Myron933,Ruecker817,,,S,white,nonhispanic,M,Pinehurst  Massachusetts  US,665 Yundt Hollow Apt 55,Boston,Massachusetts,Suffolk County,25025,02130,42.35748229659729,-71.01626059957213,10275.02,220115.97,14551
806ecad4-fab0-73d2-e831-3dc8b0c9430e,1988-08-24,,999-55-3579,S99958585,X69086303X,Mrs.,Rosa195,Irene779,Ybarra887,,Lebrón484,M,white,hispanic,F,Panama City  Panama  PA,478 Rowe Tunnel Suite 81,Boston,Massachusetts,Suffolk County,25025,02135,42.33005082747063,-71.0645641525308,73061.08,669966.95,26145
e6191ac9-4b3a-2618-1c73-5531a51665f4,1928-03-29,2001-04-01,999-23-8427,S99967711,X93614650X,Mr.,Gale827,Benton624,Dare640,,,S,white,nonhispanic,M,Lynn  Massachusetts  US,811 Wuckert Fork Apt 20,Westwood,Massachusetts,Norfolk County,,00000,42.24626885895634,-71.21223170436826,168851.63,355637.25,529251
bcd7bdf7-aa8b-e66c-c1fe-ccde46efb9d2,1928-03-29,2009-04-29,999-51-7281,S99960307,X78565263X,Mr.,Morgan564,Norris589,Kerluke267,,,D,white,nonhispanic,M,Acushnet  Massachusetts  US,1010 Kris Bypass,Westwood,Massachusetts,Norfolk County,,00000,42.266868840650524,-71.18758893265932,177082.60,457517.21,529251
a9277f43-5b2b-e217-9d41-3b2ceedc834d,1958-12-10,,999-84-2387,S99932325,X25757283X,Mr.,Paul232,Vince741,Schoen8,,,W,white,hispanic,M,Quincy  Massachusetts  US,157 Carroll Neck Suite 93,Fitchburg,Massachusetts,Worcester County,25027,01420,42.5656966857131,-71.8457173212169,257651.15,245429.56,75614
1bddd2ec-51eb-c87c-8714-132c8ebb8b68,1934-08-17,,999-98-1781,S99932705,X98258864X,Ms.,Marchelle563,,Lind531,,,S,white,nonhispanic,F,Gardner  Massachusetts  US,1041 Fay Forge,Bolton,Massachusetts,Worcester County,,00000,42.41583970480088,-71.63061038643156,1674185.54,1588766.54,112866
f516d800-92dd-57b8-50fd-5515304cfe7a,1928-03-29,2020-10-29,999-55-4254,S99974586,X17182173X,Mr.,Carson894,Bud153,Goldner995,,,M,white,nonhispanic,M,Stoughton  Massachusetts  US,491 Trantow Vale,Westwood,Massachusetts,Norfolk County,,00000,42.21307467393725,-71.19802215196412,88473.63,279005.89,529251
16290fe9-9b00-8f11-8364-5b27403334f7,1972-01-10,,999-63-8956,S99986357,X65165537X,Mrs.,Syreeta495,America446,Borer986,,Schultz619,M,white,nonhispanic,F,New Bedford  Massachusetts  US,1019 Satterfield Neck Suite 39,Pittsfield,Massachusetts,Berkshire County,25003,01201,42.44128647616977,-73.27616642617356,257581.48,1486755.33,26489
ab7381f0-21c0-dd59-4d21-fdcc3a89a4d4,1988-03-28,,999-30-6786,S99953452,X69638927X,Mrs.,Tamika537,,Gusikowski974,,Jenkins714,D,white,nonhispanic,F,Lynn  Massachusetts  US,889 Hoppe Parade,Orange,Massachusetts,Franklin County,25011,01364,42.62928844584923,-72.28891973917007,134160.25,130503.41,46924
67fce95a-a652-9d7d-c97b-e2deb486d5d5,2017-09-01,,999-20-2124,,,,Oliver401,Winfred745,Littel644,,,,white,nonhispanic,M,Brookline  Massachusetts  US,284 Gislason Heights,West Brookfield,Massachusetts,Worcester County,25027,01585,42.235554854588116,-72.18091786974001,1450.00,17173.67,18952
7a66a7c7-dd6b-dadd-300d-c84919ebde94,1920-01-08,,999-69-8250,S99953818,X99734244X,Ms.,Tonja658,,Harber290,,,S,white,nonhispanic,F,Mansfield  Massachusetts  US,1099 Kris Fork,Lynn,Massachusetts,Essex County,25009,01901,42.431253520675405,-70.96581168362519,412276.06,3714541.44,5800
c2f4cd45-1678-cf23-f861-d825d42868de,1998-03-06,,999-58-9505,S99981173,X40018435X,Mrs.,Shawnda528,Crista774,McGlynn426,,Koch169,M,white,nonhispanic,F,Grafton  Massachusetts  US,1033 Trantow Heights,Quincy,Massachusetts,Norfolk County,25021,02171,42.26997324078285,-71.0440115239907,75607.16,299131.96,117086
629396f7-88f3-12f6-6848-9125a51f66a6,2020-07-24,,999-43-5084,,,,Nicholas495,Alfonso758,Conn188,,,,white,nonhispanic,M,Grafton  Massachusetts  US,906 Keebler Knoll,Worcester,Massachusetts,Worcester County,25027,01604,42.22187010700242,-71.8671177152334,10183.38,139.36,41060
1d025c59-bec9-4426-e94c-efdf0d0c6d5b,1928-03-29,2012-04-21,999-92-4133,S99973949,X65142209X,Mr.,Virgil85,Darrel772,Waters156,,,D,white,nonhispanic,M,Natick  Massachusetts  US,988 Howell Alley Suite 56,Westwood,Massachusetts,Norfolk County,,00000,42.189860840418085,-71.2044456150524,108657.59,391429.81,529251
c8a3f233-bc13-5b22-46f8-9a0f0e26f7ee,1928-03-29,1960-03-26,999-41-8509,S99944019,X39984147X,Mr.,Ivan258,Kurt412,O'Kon634,,,M,white,nonhispanic,M,Methuen  Massachusetts  US,927 Adams Course,Westwood,Massachusetts,Norfolk County,,00000,42.182935460518266,-71.2235356428995,45327.59,58725.19,529251
40d24ff8-2ecc-dabc-4d43-8be7843bb730,1947-07-30,,999-85-9774,S99956231,X96960150X,Ms.,Raymond398,Florine959,Schuster709,,,S,white,nonhispanic,F,Lawrence  Massachusetts  US,239 Rutherford Row,Framingham,Massachusetts,Middlesex County,25017,01702,42.34994797830502,-71.43487651623684,450293.79,1216782.13,128907
a6a016dd-d23b-cdf2-e424-1767bb19254b,2009-12-28,,999-64-5415,S99961980,,,Alberto639,Yong583,Hoeger474,,,,white,nonhispanic,M,Arlington  Massachusetts  US,1066 Reynolds Viaduct Suite 84,Georgetown,Massachusetts,Essex County,,00000,42.69476152296013,-70.98259274916191,338694.90,315450.95,85274
f2fd302e-bd68-4e89-f841-5a7e46e03160,1954-09-27,,999-74-2377,S99914304,X11476561X,Mr.,Ernesto186,Dwight645,Borer986,,,M,white,nonhispanic,M,Hudson  Massachusetts  US,357 Hermiston Branch Apt 44,Billerica,Massachusetts,Middlesex County,,00000,42.5601474737742,-71.25810003849853,13582.22,284221.77,20572
7a11444d-56cc-9b86-d39d-77076626f1d1,1988-08-20,,999-30-6717,S99959366,X47721398X,Mr.,Rudolf736,Jared66,Osinski784,,,M,white,nonhispanic,M,Hatfield  Massachusetts  US,653 O'Hara Bay Apt 5,Middleborough,Massachusetts,Plymouth County,,00000,41.886076963565976,-70.91456136547612,91956.05,9775.69,93572
cde496c1-96ef-7c31-4d00-3da6c182241e,1928-03-29,1992-10-28,999-86-1390,S99972732,X59131754X,Mr.,Graham902,Jorge203,Lemke654,,,M,white,nonhispanic,M,Acton  Massachusetts  US,522 Stokes Fort Apt 2,Westwood,Massachusetts,Norfolk County,,00000,42.25759359539065,-71.2321271887352,137237.76,148761.15,529251
794ac188-0efd-76ce-a58c-4acc83d1ee6b,1962-01-31,,999-57-8570,S99921567,X62576279X,Mrs.,Kayleigh718,Moira454,Olson653,,Heller342,D,white,nonhispanic,F,Shrewsbury  Massachusetts  US,654 Hilpert Run Unit 83,Malden,Massachusetts,Middlesex County,25017,02148,42.455333475833875,-71.01328705780445,407910.38,1021410.64,146783
c6e92255-3bbd-f690-ab4e-ecd8153c5b8c,1974-07-25,,999-37-8072,S99988506,X34205286X,Mr.,Mckinley734,Felix524,Heller342,,,S,white,nonhispanic,M,Revere  Massachusetts  US,957 Bailey Rest Suite 35,Sandwich,Massachusetts,Barnstable County,25001,02563,41.72890367266474,-70.5193356138556,150737.46,12432.17,107080
9d4cb5d8-e489-d9cc-fbbc-4a7dcec71e2e,1979-06-23,,999-17-9901,S99912671,X82375934X,Ms.,Shala169,Georgetta870,O'Conner199,,,S,white,nonhispanic,F,Townsend  Massachusetts  US,427 Rempel Orchard,Southampton,Massachusetts,Hampshire County,,00000,42.19280060207808,-72.73205861892819,257304.22,401364.97,79963
32ed9e5a-2845-73db-4df8-79db2c5819cc,2002-08-24,,999-18-7554,S99951986,X91576579X,Mr.,Clark193,,Conn188,,,,asian,nonhispanic,M,Nagoya   Aichi  JP,777 Harber Fort Suite 93,Ashby,Massachusetts,Middlesex County,,00000,42.6411152028104,-71.8288039207073,51915.35,5235.92,173354
3547ef60-12e6-7a03-39de-3a8562a67f14,1974-10-28,,999-10-6763,S99972711,X04715927X,Mr.,Sal878,Ervin886,McClure239,,,M,white,nonhispanic,M,Cambridge  Massachusetts  US,246 Von Forge Suite 70,Somerville,Massachusetts,Middlesex County,25017,02155,42.40008946913104,-71.10354246926931,117570.68,168974.52,120085
eb93fcdd-0ca0-df96-c6c5-8680ea7d507d,2015-02-07,,999-73-7752,,,,Makeda237,Cherilyn114,Greenfelder433,,,,white,nonhispanic,F,Boston  Massachusetts  US,1016 Kuhn Drive,Beverly,Massachusetts,Essex County,25009,01915,42.550817644529076,-70.84897944958408,1618.00,42987.11,22244
a698d38b-0397-2d39-6c91-ceaf09db5e28,1955-06-18,,999-78-3754,S99992548,X88453452X,Mrs.,Kerstin790,Melany872,Blanda868,,Schaden604,M,white,nonhispanic,F,Boston  Massachusetts  US,801 Fay Junction Apt 50,Boston,Massachusetts,Suffolk County,25025,02152,42.28316014727211,-71.17417326454937,17838.40,1030135.59,13528
49411b04-71dd-1528-84d7-7f4699aaf732,2009-12-24,,999-51-1810,S99982534,,,Earleen680,,Crooks415,,,,white,nonhispanic,F,Abington  Massachusetts  US,212 Schoen Run,Pittsfield,Massachusetts,Berkshire County,25003,01201,42.45197772837374,-73.31052914494664,49381.29,9478.14,49417
c3238346-c934-899f-d1b5-ba53e1546234,2017-06-10,,999-53-1469,,,,Ramona980,,McKenzie376,,,,white,nonhispanic,F,Boston  Massachusetts  US,851 Bahringer Knoll Apt 48,Millville,Massachusetts,Worcester County,,00000,42.056980559559506,-71.57276874384374,16373.71,15266.85,167998
66060a78-7aea-80ef-fcd6-f9ca5d2bfed6,2003-06-12,,999-65-3456,S99983254,X39575776X,Ms.,Magdalena964,Janita977,Hilpert278,,,,white,nonhispanic,F,Boston  Massachusetts  US,658 Wintheiser Lane Apt 70,Adams,Massachusetts,Berkshire County,25003,01220,42.664508068628116,-73.1693600506361,98172.65,132800.58,88330
227cfe27-2f1d-149a-5ef4-8ebae5ab9ca3,1928-03-29,1985-12-26,999-64-7076,S99990969,X56037021X,Mr.,Winford225,Deon400,Schuppe920,,,M,white,nonhispanic,M,Mansfield  Massachusetts  US,272 D'Amore Way,Westwood,Massachusetts,Norfolk County,,00000,42.24460308061674,-71.1728014027232,93965.95,188530.10,529251
59ebb780-18ca-088f-e3e0-1d1226e7cade,1997-02-18,,999-45-4305,S99974569,X94866981X,Mr.,Forrest301,,Kertzmann286,,,M,white,nonhispanic,M,Brockton  Massachusetts  US,838 Hartmann Parade Unit 14,West Springfield,Massachusetts,Hampden County,25013,01089,42.10458150827696,-72.69127905154811,78407.78,2497.90,151827
bd093c7d-b460-f399-a9c4-41d0668fede9,1948-12-07,2024-06-22,999-38-1844,S99955852,X09688123X,Mrs.,Verda448,Corene694,Moen819,,Runte676,D,white,nonhispanic,F,Cambridge  Massachusetts  US,217 Green Camp,Lee,Massachusetts,Berkshire County,25003,01238,42.31338834834927,-73.25794736545772,528930.68,280899.76,65720
69bb48f6-2948-4bba-1c5a-209c24c8ccae,1928-03-29,1995-01-01,999-23-1740,S99990418,X49334191X,Mr.,Quentin28,Gayle448,Jones311,,,S,white,nonhispanic,M,Peabody  Massachusetts  US,568 Quigley Neck,Westwood,Massachusetts,Norfolk County,,00000,42.24958798296849,-71.21071401634214,189991.24,82982.61,529251
41523d08-14d7-d025-2919-82570576fb12,1964-01-12,,999-25-8806,S99910881,X87409093X,Mr.,Leslie90,,Tremblay80,,,D,white,nonhispanic,M,Shrewsbury  Massachusetts  US,834 Ebert Flat Apt 47,Northborough,Massachusetts,Worcester County,25027,01532,42.28455469431305,-71.63603185540416,80302.84,80397.68,205682
a9d70ec7-4b83-25b9-6f9a-b0e3edf229c3,1928-03-29,1994-07-08,999-69-7073,S99990754,X99304274X,Mr.,Van763,,Herman763,,,M,white,nonhispanic,M,Brockton  Massachusetts  US,1081 Walker Light Apt 15,Westwood,Massachusetts,Norfolk County,,00000,42.23202904941158,-71.22185147336577,27184.42,227142.68,529251
f46262d9-ec7e-ab28-d878-53e08e0015c3,1978-07-29,,999-82-6794,S99928980,X65755312X,Mrs.,Arline53,Stefany238,Okuneva707,,Denesik803,D,white,nonhispanic,F,North Reading  Massachusetts  US,578 Labadie Bridge,Boston,Massachusetts,Suffolk County,25025,02108,42.374877831311245,-71.11733442746923,18307.89,831022.24,15582
d8c99a65-5be8-d1b1-e79e-acac5890c534,1948-12-07,,999-31-5007,S99979775,X98192945X,Mrs.,Adela471,Pei116,Orn563,,Hoppe518,D,white,nonhispanic,F,East Douglas  Massachusetts  US,734 Haley Divide Apt 92,Lee,Massachusetts,Berkshire County,25003,01238,42.320778229398755,-73.2454184137273,456724.98,179983.29,65720
c262b42b-bd9b-7479-1578-2100e4ce0ed6,2001-02-08,,999-41-5207,S99967043,X39635078X,Ms.,Maria750,Kelli207,Bashirian201,,,,white,hispanic,F,Lynn  Massachusetts  US,290 Vandervort Course,Revere,Massachusetts,Suffolk County,25025,02151,42.449398977198236,-70.98153065321708,136127.22,194863.03,136606
565ca08d-2c12-49db-f85e-c4388b833b36,1990-11-05,,999-49-2912,S99944495,X98604320X,Mr.,Graham902,Raul814,Wisoky380,,,M,asian,nonhispanic,M,Barnstable  Massachusetts  US,520 Cruickshank Meadow Suite 70,Malden,Massachusetts,Middlesex County,25017,02155,42.454715657547915,-71.00918858160006,25924.84,117135.70,60203
f80a5a08-e705-3d8a-6508-2eb4336c44d9,1989-06-29,,999-18-1496,S99950506,X08484581X,Mr.,Lawrence741,Barry322,Hudson301,,,M,white,nonhispanic,M,Fitchburg  Massachusetts  US,512 Champlin Estate Suite 65,Waltham,Massachusetts,Middlesex County,25017,02472,42.357093230484864,-71.19675050612062,102715.82,14765.72,49555
cd36fced-1aa8-c34b-652f-719d8d04e96c,1970-04-06,,999-21-3140,S99951497,X69904054X,Mr.,Giovanni385,Patrick786,Anderson154,,,M,white,nonhispanic,M,Brockton  Massachusetts  US,161 Reilly Heights,Leominster,Massachusetts,Worcester County,25027,01453,42.495155455469515,-71.78408555241235,114663.65,130471.56,110260
df94f3b1-e219-fba8-4765-8ff34103f815,1997-10-26,,999-37-1743,S99998383,X20653439X,Mrs.,Arlyne429,June482,Lebsack687,,Tromp100,M,white,nonhispanic,F,Marlborough  Massachusetts  US,608 Bosco Union,Sagamore,Massachusetts,Barnstable County,25001,02561,41.74186333354232,-70.56494471640676,245116.57,0.00,98567
e44a8229-daa7-2104-7324-b0cdcbe88561,2023-05-29,,999-66-5658,,,,Cleo27,Patricia625,Cartwright189,,,,white,nonhispanic,F,Bridgewater  Massachusetts  US,913 Mertz Approach,Amherst,Massachusetts,Hampshire County,,00000,42.41290051511423,-72.4879446193013,15744.44,8753.89,94659
ecee12ad-24ca-180e-048c-f8cca1e867b1,2003-04-19,,999-37-3759,S99980638,X24532423X,Ms.,Lizabeth515,,Weissnat378,,,,white,nonhispanic,F,Lynn  Massachusetts  US,367 Spinka Run Unit 22,Leicester,Massachusetts,Worcester County,,00000,42.25888105792203,-71.94269655311857,6403.37,156059.82,2451
7bfc77cd-4a11-5856-05e3-45bb8354bdec,1963-05-21,,999-62-6676,S99977926,X28386116X,Mrs.,Nena266,,Tremblay80,,Hahn503,M,white,nonhispanic,F,Holland  Massachusetts  US,807 MacGyver Boulevard Apt 28,Sandwich,Massachusetts,Barnstable County,25001,02563,41.760251927523306,-70.49190555853328,20474.48,1186451.26,4359
6b16a03a-182e-c2c7-da10-7bf336978805,1951-10-15,2009-12-08,999-52-9496,S99976845,X03577121X,Mrs.,Domitila545,Roy364,O'Kon634,,Langworth352,M,black,nonhispanic,F,Peabody  Massachusetts  US,1049 Heathcote Crossroad Apt 16,Cambridge,Massachusetts,Middlesex County,25017,02142,42.40139569670649,-71.17401303886442,667191.53,416938.24,36531
43e0408c-ba1a-ed9d-1744-8c5f6fd2e32e,2004-03-16,,999-12-6717,S99995997,X13897636X,Mr.,Warren653,,Spencer878,,,,white,nonhispanic,M,Brockton  Massachusetts  US,805 Parisian Rapid Apt 3,Attleboro,Massachusetts,Bristol County,25005,02703,41.97687858991794,-71.32155195606795,56190.35,30451.25,48454
b06e8568-e03c-5091-97bd-c6e4a5014ba2,1991-08-12,,999-24-9689,S99927384,X03481631X,Mr.,Foster87,Colby655,Kunde533,,,M,asian,nonhispanic,M,Dartmouth  Massachusetts  US,255 Halvorson Walk Unit 60,Wellesley,Massachusetts,Norfolk County,25021,02492,42.309244107413505,-71.30468987380375,20007.49,376651.71,15560
ee9f696b-a91e-07c2-87e0-61ebc08d7d06,2022-01-10,,999-39-3476,,,,Valentin929,,Armstrong51,,,,white,nonhispanic,M,Revere  Massachusetts  US,938 Douglas Trafficway Apt 71,Fall River,Massachusetts,Bristol County,25005,02747,41.65749169942674,-70.98789261909762,815.70,13021.38,6324
f7e2d29d-356d-d6be-8a7b-2f4185f26b70,1951-10-15,2001-09-12,999-60-1846,S99968771,X61110777X,Ms.,Elidia194,,Beer512,,,S,black,nonhispanic,F,Pembroke  Massachusetts  US,781 Reilly Wynd,Cambridge,Massachusetts,Middlesex County,25017,02140,42.32480116717002,-71.13101985525886,688996.71,252547.87,36531
b4477255-b20f-97d3-0541-d9007f179f65,1957-09-13,,999-75-4731,S99956041,X89381545X,Mr.,Isreal8,,Littel644,,,S,white,nonhispanic,M,Plainville  Massachusetts  US,489 Lakin Course Apt 72,Newton,Massachusetts,Middlesex County,25017,02464,42.35823473971268,-71.16492797097936,135421.10,116391.65,569046
2a2ce237-ebc3-2f5d-d3a3-1deb4b590dff,1928-03-29,1993-04-09,999-78-8716,S99941008,X52333966X,Mr.,Alex454,,Kemmer137,,,M,white,nonhispanic,M,Boston  Massachusetts  US,514 Bednar Bypass,Westwood,Massachusetts,Norfolk County,,00000,42.219627822669594,-71.22898903469267,171705.16,488546.62,529251
0ecd5c49-6a25-2074-cd20-9c1faa16e2ee,1973-02-23,2024-07-19,999-86-6519,S99967333,X99069414X,Mr.,Buster609,Alonso270,Hand679,,,D,white,nonhispanic,M,Chilmark  Massachusetts  US,748 Rosenbaum Rest Unit 92,Framingham,Massachusetts,Middlesex County,25017,01701,42.2727793719133,-71.41677650521622,157513.21,76247.00,148892
e26d1280-ce5a-ad3b-02f5-df8d549f24cd,1951-10-15,,999-61-2452,S99994786,X32897860X,Mrs.,Francisca486,Tisa11,Lakin515,,Skiles927,M,black,nonhispanic,F,Winthrop  Massachusetts  US,124 Carter Trace,Cambridge,Massachusetts,Middlesex County,25017,02140,42.35916923257525,-71.10834888823013,668866.79,160862.88,36531
b1da68a3-9b88-9507-38c1-eabfcad4df13,1995-10-21,,999-86-8158,S99996830,X80219576X,Mrs.,Van763,Harriette8,Towne435,,Lubowitz58,M,white,nonhispanic,F,Swampscott  Massachusetts  US,860 Powlowski Walk,Rockland,Massachusetts,Plymouth County,,00000,42.08183153136728,-70.94601993351682,112872.30,411353.53,25083
95b3fe6e-c944-b0eb-6d05-bd1259f014b8,2013-03-19,,999-80-8024,,,,Mack300,Darell496,Mueller846,,,,white,nonhispanic,M,South Hadley  Massachusetts  US,393 Jones Arcade,North Lakeville,Massachusetts,Plymouth County,,00000,41.8695246774432,-70.96940068923406,2395.82,29955.16,10534
8c819fa1-1777-22a7-2a36-b70e195fecc7,1973-02-23,,999-37-4192,S99996533,X99411314X,Mr.,Orville751,Willy639,Fisher429,,,M,white,nonhispanic,M,Barnstable  Massachusetts  US,101 Zboncak Viaduct,Framingham,Massachusetts,Middlesex County,25017,01702,42.35787661889731,-71.40941552488927,155570.13,33646.29,148892
0723042a-2aea-cb29-f793-46e08cf30ab8,1937-01-09,1998-04-03,999-71-6179,S99939511,X05794530X,Mr.,Desmond566,Noah480,Grimes165,,,M,white,nonhispanic,M,Framingham  Massachusetts  US,356 Franecki Orchard Unit 56,Westwood,Massachusetts,Norfolk County,,00000,42.25309884989193,-71.212360431439,204428.94,105807.74,529251
623dc471-8e79-64e4-887f-6b04324af688,2017-11-06,,999-43-8615,,,,Monserrate4,,Legros616,,,,white,nonhispanic,F,Oxford  Massachusetts  US,772 Schulist Divide Unit 34,Revere,Massachusetts,Suffolk County,25025,02151,42.46623519936304,-71.01106417497209,22476.67,1324.45,169328
9bebacd5-0427-84b4-e100-63e561e7c299,2004-07-29,,999-97-1482,S99913975,X51700584X,Mr.,Evan94,Derick144,Nienow652,,,,white,nonhispanic,M,North Amherst  Massachusetts  US,507 Ullrich Fort Unit 92,North Reading,Massachusetts,Middlesex County,,00000,42.58264215254709,-71.06116172145282,65361.64,9419.89,82772
733b55ac-c5a0-7061-4735-8e0cf53f7015,1984-12-19,,999-16-7645,S99936590,X55660340X,Mr.,Jacob959,Cleveland582,Buckridge80,,,S,black,nonhispanic,M,Lawrence  Massachusetts  US,891 Dibbert Throughway Suite 21,Boston,Massachusetts,Suffolk County,25025,02135,42.36826483856633,-71.09721454516118,114604.94,11937.06,388708
2cc0a1e2-a4fc-c17d-3491-1e057f1f1237,2010-10-03,,999-77-7967,,,,Ana972,Berta524,Cardenas331,,,,white,hispanic,F,Santiago  Santiago Province  CL,315 Borer Light Apt 45,Oxford,Massachusetts,Worcester County,25027,01540,42.16760233658052,-71.867045644199,37635.20,33218.89,67768
73746757-edf3-7dd7-0c5b-c4918d67c226,1937-01-09,2001-05-16,999-81-8905,S99948585,X52701541X,Mr.,Doyle959,Ross213,Upton904,,,S,white,nonhispanic,M,Springfield  Massachusetts  US,1057 Krajcik Wynd Suite 58,Westwood,Massachusetts,Norfolk County,,00000,42.231516065011874,-71.25327738505226,63948.39,135043.85,529251
79f341ef-8dc9-c554-f923-a97d2dc7cd14,1966-06-18,,999-48-3259,S99921883,X94675131X,Mrs.,Ozell178,Vida128,Cartwright189,,Friesen796,M,white,nonhispanic,F,Stoneham  Massachusetts  US,565 Daniel Crossroad Apt 4,Brewster,Massachusetts,Barnstable County,25001,02631,41.74246282915434,-70.06376358878352,679206.30,558169.20,54679
d6c71985-815e-126c-c3de-0bcde244d99c,1982-07-17,,999-41-4067,S99913164,X08090242X,Mr.,Benito209,Archie818,Mraz590,,,M,black,nonhispanic,M,Chicopee  Massachusetts  US,494 Konopelski Alley Suite 47,Middleborough,Massachusetts,Plymouth County,,00000,41.925735132197055,-70.90883818718333,89838.66,25543.75,106327
dd56e3a4-6a36-1a49-4f9d-b68b6ab41c8a,1946-11-09,1997-01-11,999-68-8089,S99949087,X46079141X,Mrs.,Raye931,Tatyana394,Stamm704,,Dooley940,M,white,nonhispanic,F,Boston  Massachusetts  US,744 Aufderhar Fort,Fall River,Massachusetts,Bristol County,25005,02723,41.70051715288873,-71.13353429360603,282677.45,1045550.12,32506
a77abecb-50cf-8d34-27e4-a2b3204c795a,2000-02-18,,999-72-7186,S99979251,X74033802X,Mr.,Nicolas769,Deshawn686,Lynch190,,,,white,nonhispanic,M,Abington  Massachusetts  US,166 Barton Mission,Medford,Massachusetts,Middlesex County,25017,02155,42.45253775093818,-71.13966053258206,40169.76,0.00,96979
ecf6c9c5-b216-465f-6247-ddfff58602f4,2024-08-13,,999-69-4445,,,,Ismael683,Felix524,Cremin516,,,,black,nonhispanic,M,Lowell  Massachusetts  US,787 Crona Gateway,Framingham,Massachusetts,Middlesex County,25017,01702,42.29894299080468,-71.39830106315638,3658.50,2969.98,98021
70545f13-a6cc-72f7-fbaa-6f624931328c,1937-01-09,2020-10-25,999-17-2018,S99961664,X08434322X,Mr.,Houston994,Morton637,Kutch271,,,M,white,nonhispanic,M,Leicester  Massachusetts  US,392 Koepp Tunnel Apt 42,Westwood,Massachusetts,Norfolk County,,00000,42.17506991836268,-71.22770054601081,128750.78,411607.19,529251
f4fd36d5-508c-295e-200f-ad0056fdedeb,1964-04-21,,999-27-7128,S99958210,X89160090X,Mr.,Dee580,,Brakus656,,,W,black,nonhispanic,M,Gardner  Massachusetts  US,506 Skiles Underpass Suite 11,Boston,Massachusetts,Suffolk County,25025,02135,42.25944009505409,-71.1340415525393,14432.09,826550.99,3372
53b36bf9-eeed-60a9-8932-6c8e8056528c,1989-10-14,,999-20-6196,S99958842,X81908058X,Mr.,Demetrius568,Christoper325,Klocko335,,,S,white,nonhispanic,M,Brookline  Massachusetts  US,866 Schneider Quay Apt 0,Newton,Massachusetts,Middlesex County,25017,02466,42.30200688934511,-71.25385566120029,115667.67,26842.68,47881
dba5d07a-13eb-f3a5-e753-42e4c80c0db0,1964-09-12,2011-02-11,999-64-9944,S99931230,X85708637X,Mr.,Erwin847,Vance413,Bashirian201,,,M,white,nonhispanic,M,Hudson  Massachusetts  US,812 Zieme Plaza Apt 84,Tyngsborough,Massachusetts,Middlesex County,,00000,42.70537577841118,-71.44048954514604,118211.55,751531.50,130776
414d269d-8c62-4e1c-42a2-5cceecf4d0c4,1937-01-09,1997-04-22,999-77-4343,S99997182,X73369572X,Mr.,Kelly223,Avery919,Rempel203,,,S,white,nonhispanic,M,Wellesley  Massachusetts  US,605 Hagenes Fork,Westwood,Massachusetts,Norfolk County,,00000,42.26081945403651,-71.25743855093859,159064.73,90688.61,529251
3c3f3fe7-3298-e040-b9ee-df96b28442f4,2003-12-18,,999-80-9005,S99937590,X10544157X,Ms.,Anika194,Velvet616,Mraz590,,,,white,nonhispanic,F,Southampton  Massachusetts  US,972 Heathcote Bay Suite 6,Quincy,Massachusetts,Norfolk County,25021,02169,42.20120633065672,-71.0919990460553,90431.75,703017.54,69809
2395d7f6-1cd4-c97a-cc9c-1f8cefe0b1ee,1946-11-09,,999-27-1244,S99952710,X60286413X,Mrs.,Maira380,,Harber290,,Kerluke267,M,white,nonhispanic,F,Duxbury  Massachusetts  US,719 Boehm Meadow Apt 77,Fall River,Massachusetts,Bristol County,25005,02724,41.747615438368015,-71.11023482684683,463798.49,1231732.33,32506
597478df-1678-0ad9-5049-ead7ffb41616,1937-01-09,2015-06-19,999-21-7002,S99935738,X99771702X,Mr.,Leonel449,Hank686,Muller251,,,M,white,nonhispanic,M,Weston  Massachusetts  US,750 Watsica Vista Suite 68,Westwood,Massachusetts,Norfolk County,,00000,42.239036250955444,-71.21558435211963,84315.65,185532.65,529251
5abb86bc-8e42-9786-8b61-38e15d1e0b3d,1964-09-12,,999-51-4076,S99958009,X92848801X,Mr.,Gail741,Keith571,Lockman863,,,D,white,nonhispanic,M,West Springfield  Massachusetts  US,402 Rau Ville,Tyngsborough,Massachusetts,Middlesex County,,00000,42.64049250722439,-71.43619232243405,246620.76,55564.55,130776
5ae4757d-ad78-f95d-97ef-3fbe8f3f5513,1991-02-03,,999-46-7543,S99934897,X91277633X,Mr.,Raul814,Rueben647,Turcotte120,,,D,white,nonhispanic,M,Lowell  Massachusetts  US,270 Fisher Trail Apt 94,Lowell,Massachusetts,Middlesex County,25017,01850,42.666630936002235,-71.34817520396332,75087.87,0.00,50321
bfc01162-3743-4eb5-e02c-4c1c1e8e2cf1,1957-06-16,,999-63-1015,S99983527,X13896945X,Mrs.,Victoria535,Joella167,Lemke654,,Schroeder447,D,black,nonhispanic,F,Cambridge  Massachusetts  US,1089 Conn Trafficway Apt 46,Cambridge,Massachusetts,Middlesex County,25017,02141,42.40379459821778,-71.10749363893004,343398.68,728219.21,148643
3558b96e-3700-89ff-0348-0dae239fc2ba,1991-05-18,,999-19-2264,S99977175,X22700109X,Mr.,Willie882,Tanner110,O'Reilly797,,,M,white,nonhispanic,M,Boston  Massachusetts  US,1055 Hamill Neck Unit 55,Newton,Massachusetts,Middlesex County,25017,02459,42.36755669185827,-71.1907063125521,103159.47,82763.00,843725
5bc87b64-a4dc-a161-0b2f-628d6729517a,1970-12-15,,999-78-6660,S99983001,X55374620X,Mrs.,Rudy520,Lezlie553,Bechtelar572,,Wintheiser220,M,white,nonhispanic,F,Norwood  Massachusetts  US,160 O'Connell Camp,New Marlborough,Massachusetts,Berkshire County,,00000,42.1056803256225,-73.21307192809667,597367.22,108543.70,60094
767b1026-8849-9f2f-f643-0b1c1eea8884,1959-08-19,,999-43-7582,S99940418,X03729853X,Mrs.,Ryann170,Nickole723,Rempel203,,Gerhold939,M,white,nonhispanic,F,Boston  Massachusetts  US,977 Witting Terrace Unit 20,Easton,Massachusetts,Bristol County,,00000,42.02791701198273,-71.08708177287187,45648.40,511172.42,138852
dc517595-f6e5-2bb1-e4e3-ef8b4b2c5325,1998-10-10,,999-70-7639,S99944720,X32464733X,Mr.,Blaine377,Galen747,Stehr398,,,,white,nonhispanic,M,Northampton  Massachusetts  US,157 Dach Wall,Chesterfield,Massachusetts,Hampshire County,,00000,42.35989573785146,-72.84325900428871,55612.16,0.00,137851
ddccc72e-0dcf-a707-3bc1-9e6dac5d17f8,1987-10-03,,999-73-7192,S99922864,X88377390X,Mrs.,Jeanene972,Nikki942,Rosenbaum794,,Kerluke267,M,white,nonhispanic,F,Boston  Massachusetts  US,258 Langosh Rest Suite 4,Medford,Massachusetts,Middlesex County,25017,02155,42.39327268856727,-71.09416721051007,186765.01,616250.23,67239
84889030-b6f6-44cf-3cce-d20359bd1e8f,1995-09-08,,999-16-6220,S99980689,X87696699X,Ms.,Nakita746,Josette398,Nitzsche158,,,S,white,nonhispanic,F,Springfield  Massachusetts  US,716 Stehr Flat,Peabody,Massachusetts,Essex County,25009,01940,42.52435780837545,-70.98730021731909,160589.40,123720.42,142818
a9aa80c8-73ef-de53-bd64-e313798a22c2,2004-02-14,,999-93-5920,S99920914,X38264912X,Ms.,Chanda935,Myriam433,Raynor401,,,,white,nonhispanic,F,Milton  Massachusetts  US,317 D'Amore Dale Unit 51,Bernardston,Massachusetts,Franklin County,,00000,42.727860097105285,-72.5207041326294,65922.53,3069.44,91723
dab93bd4-7a60-51ed-be4a-7197b68e81e9,1970-09-02,,999-21-1165,S99961878,X69932754X,Mrs.,Ai120,Tangela812,Thompson596,,Zulauf375,D,white,nonhispanic,F,Arlington  Massachusetts  US,411 Kris Divide,Sturbridge,Massachusetts,Worcester County,25027,01507,42.138132197409824,-72.05769650656869,641796.36,422533.24,116207
403c9766-348b-a085-bcc0-98d3b8dd9403,1963-08-17,,999-98-8363,S99928908,X97106968X,Mr.,Nick779,Fidel864,Smitham825,,,D,white,nonhispanic,M,Hanover  Massachusetts  US,783 Moore Village Suite 6,Webster,Massachusetts,Worcester County,25027,01570,42.05504267428088,-71.89225880748266,115260.66,172542.29,86187
08640621-bce0-ff13-5fd6-833d8071467a,1962-05-07,1992-12-15,999-36-6528,S99913754,X21909674X,Mr.,Jimmie93,Reyes140,Bradtke547,,,M,white,nonhispanic,M,Worcester  Massachusetts  US,874 Walter Viaduct Suite 99,Brookline,Massachusetts,Norfolk County,25017,02467,42.36626807131509,-71.12974105526091,158111.91,7584.41,52238
5f744496-05ac-fec2-a638-9b193450437d,1988-10-10,,999-81-9142,S99993868,X87669014X,Mrs.,Beverlee316,Kiara978,Heaney114,,Conn188,M,white,nonhispanic,F,Newton  Massachusetts  US,457 Koelpin Avenue Apt 28,Northborough,Massachusetts,Worcester County,25027,01532,42.31714675468287,-71.6607616477654,188376.67,465513.35,130429
4b96ca0a-c1aa-0e84-1225-7618d4900eaa,1975-10-14,,999-66-5222,S99944764,X04615004X,Ms.,Mitsue965,,Koss676,,,S,white,nonhispanic,F,Easton  Massachusetts  US,116 Ankunding Grove,Dartmouth,Massachusetts,Bristol County,,00000,41.56762809415773,-70.92999584333826,23813.46,954390.41,2870
46ca7fb9-9916-8b2f-9bee-4108cf3b2007,2023-06-27,,999-50-7842,,,,Dewitt635,Johnny786,Lehner980,,,,white,nonhispanic,M,Marshfield  Massachusetts  US,1078 Walker Track,Dennis,Massachusetts,Barnstable County,25001,02638,41.73001638918287,-70.16982108541087,562.82,27164.67,17926
d74461d0-b7b0-3fc5-998e-69de5a908240,1970-01-05,1983-07-12,999-65-6390,,,,Prince887,Houston994,Rice937,,,,white,nonhispanic,M,Shrewsbury  Massachusetts  US,766 Schamberger Drive,Scituate,Massachusetts,Plymouth County,25023,02066,42.23306153891918,-70.7377516685996,41236.71,12045.04,48149
63dc7e7a-64e7-15c8-f39c-9af2b7e1403a,1970-01-05,,999-91-2361,S99942443,X33771087X,Mr.,Reggie481,,Jerde200,,,M,white,nonhispanic,M,Worcester  Massachusetts  US,1043 Hermiston Vale,Scituate,Massachusetts,Plymouth County,25023,02066,42.18963249781051,-70.78433429432653,154306.27,55605.61,48149
2f0e9010-7bf1-5372-5c23-892d031eae83,2007-12-26,,999-54-4802,S99963643,,Ms.,Jeremy766,,Corwin846,,,,white,nonhispanic,F,West Stockbridge  Massachusetts  US,964 Romaguera Terrace,Concord,Massachusetts,Middlesex County,,00000,42.46837428979164,-71.33390830136727,3950.53,64956.20,3073
070c8679-b53d-00de-78e3-0fba3ab057a9,1962-05-07,2018-03-26,999-47-4000,S99985515,X16681054X,Mr.,Elton404,Clifford177,Weimann465,,,W,white,nonhispanic,M,Quincy  Massachusetts  US,1012 Von Trailer,Brookline,Massachusetts,Norfolk County,25021,02445,42.291224686989686,-71.15799638699669,126396.11,2257770.96,52238
cb69a5ba-a836-df09-4243-4fa998410629,1941-11-25,,999-84-8827,S99991342,X72292956X,Mr.,Domingo513,,Pollich983,,,S,white,nonhispanic,M,Brookline  Massachusetts  US,361 Gaylord Orchard,Braintree,Massachusetts,Norfolk County,25021,02184,42.204104133588814,-70.96571069545438,196086.43,1852716.52,655886
71b3020a-d562-8e0d-22aa-34f51b9049f2,1962-09-19,,999-93-6121,S99937735,X13419326X,Mr.,Jared66,Jacob959,Padberg411,,,M,white,nonhispanic,M,Southborough  Massachusetts  US,229 Nienow Gate Suite 94,Billerica,Massachusetts,Middlesex County,,00000,42.51395360987774,-71.27822174758879,127550.50,97098.44,84516
7f27ef85-5929-72b3-56c0-cc406bcb3038,2014-09-13,,999-58-8492,,,,Karl184,Vergie176,Wilkinson796,,,,white,nonhispanic,F,Newton  Massachusetts  US,592 Padberg Park,Springfield,Massachusetts,Hampden County,25013,01020,42.09180590841501,-72.64149822590542,1750.00,30711.88,10789
4ac55654-55c0-a9c3-e7f0-57594aa6ac2b,2021-05-09,,999-24-1080,,,,Mei233,Chi716,Murazik203,,,,white,nonhispanic,F,Gloucester  Massachusetts  US,830 Abernathy Wynd,Holden,Massachusetts,Worcester County,,00000,42.36962839833563,-71.87830283139772,31059.36,0.00,55134
1c7ddba5-a9db-b2ff-527a-7caa38f5c020,1962-05-07,2021-09-01,999-20-3611,S99931232,X15405933X,Mr.,Brett333,Virgil85,Lemke654,,,M,white,nonhispanic,M,Plainville  Massachusetts  US,330 Dibbert Ramp Suite 24,Brookline,Massachusetts,Norfolk County,25017,02467,42.34735968084335,-71.12647460080366,195926.46,112939.54,52238
7f02feb7-b89f-3d2d-b947-8afd24813e33,1962-07-30,,999-53-6653,S99918751,X22653769X,Mrs.,Billie243,Kasandra729,Beier427,,Rogahn59,M,white,hispanic,F,Lynn  Massachusetts  US,739 Green Green Apt 26,Boston,Massachusetts,Suffolk County,25025,02113,42.32859680776741,-71.05397646636038,17782.23,770496.71,19480
2ff07f48-a3d0-dccd-b8f9-424913e5450c,1962-05-07,,999-26-6573,S99962038,X74180442X,Mr.,Cameron381,Joaquin141,Schoen8,,,S,white,nonhispanic,M,Quincy  Massachusetts  US,626 Mraz Trail,Brookline,Massachusetts,Norfolk County,25025,02215,42.305814037696344,-71.09930421452428,161037.05,43899.70,52238
eb3e3eee-ae61-0b3d-66d1-7b1d4308cf5e,1937-01-09,2025-08-20,999-22-2826,S99919544,X90748653X,Mr.,Tyson541,Franklin857,Lindgren255,,,M,white,nonhispanic,M,Cambridge  Massachusetts  US,671 Cremin Light,Westwood,Massachusetts,Norfolk County,,00000,42.21183471469289,-71.25885642837994,286029.89,1454928.68,529251
8d8f9f59-9ceb-1e77-c817-742b34fa9cae,1954-07-06,,999-24-9052,S99978671,X39726681X,Ms.,Christene303,,Rice937,,,S,white,nonhispanic,F,Worcester  Massachusetts  US,519 Baumbach Meadow,Walpole,Massachusetts,Norfolk County,25021,02081,42.14824935180988,-71.28707407471913,349556.04,861313.82,646251
6a16a703-66e2-79c3-0da8-c85d04cda47c,1992-12-02,,999-49-6217,S99919304,X40987938X,Mrs.,Felice694,Marni913,Abshire638,,Ankunding277,M,white,nonhispanic,F,Kingston  Massachusetts  US,1048 Ortiz View,Peabody,Massachusetts,Essex County,25009,01960,42.504218515912555,-70.99936206219535,134394.13,224575.61,124180
2c5c2bb9-95de-5aa6-ae46-a9b69c0cdc65,1981-09-08,,999-25-6136,S99996711,X97886052X,Mrs.,Denny560,,Miller503,,Harvey63,M,white,nonhispanic,F,Plymouth  Massachusetts  US,355 Goyette Light Suite 77,New Bedford,Massachusetts,Bristol County,25005,02747,41.65292772310514,-70.93895313228174,15092.80,1029109.50,5388
6f5189fc-ea49-b481-381e-7b98fa66b487,1990-06-02,,999-53-9871,S99922039,X31024166X,Mr.,Oliver401,Elliott563,Heller342,,,M,white,nonhispanic,M,Peru  Massachusetts  US,726 Gottlieb Wynd Suite 27,Carver,Massachusetts,Plymouth County,,00000,41.83328364800532,-70.78748780386887,101941.01,18341.25,126981
235f86e1-8303-6a21-fdc1-769e103f775a,2022-06-09,,999-37-6132,,,,Clemencia569,Loida499,D'Amore443,,,,white,nonhispanic,F,Weston  Massachusetts  US,394 Schmidt Street,Plymouth,Massachusetts,Plymouth County,25023,02360,41.86031156755665,-70.6191719554626,8641.69,30.20,75800
ab7ed8a6-c48a-4e4a-0d6c-cc1e537c50b0,1977-09-19,,999-63-7309,S99930267,X09416648X,Mr.,Stephen891,Winford225,Bradtke547,,,M,white,nonhispanic,M,Burlington  Massachusetts  US,144 Hessel Boulevard,Milford,Massachusetts,Worcester County,25027,01757,42.11943339166227,-71.56542188073618,10076.74,178078.64,10892
861a1729-d0b1-38d3-356c-7ef406f4d864,1968-02-21,,999-74-9061,S99968227,X13015014X,Ms.,Evette961,,Lueilwitz711,MD,,S,white,nonhispanic,F,Bellingham  Massachusetts  US,559 Conn Quay Unit 60,Norwood,Massachusetts,Norfolk County,25021,02090,42.162281901795836,-71.19518248537268,342735.00,704254.68,628791
7b327abe-4cb2-1966-d8ac-e4a703e9efb2,1985-12-07,,999-85-7926,S99990175,X37979776X,Mrs.,Corina534,Waltraud488,Blick895,,Hahn503,M,white,nonhispanic,F,Westport  Massachusetts  US,895 Hansen Knoll Apt 46,Topsfield,Massachusetts,Essex County,25009,01983,42.653552742827536,-70.9891038014128,598072.31,274274.80,93231
b020f79c-be25-890b-47af-9f4cec656944,2026-03-14,,999-49-5219,,,,Maribeth658,Audrie782,Corkery305,,,,white,nonhispanic,F,Framingham  Massachusetts  US,970 D'Amore Rapid,Norton,Massachusetts,Bristol County,,00000,41.95702631089784,-71.2132551875867,150.00,2887.09,11375
519db91f-c734-a1da-9ce7-1dc10151ee95,1974-10-22,,999-91-3638,S99916312,X33892284X,Mrs.,Angelica442,Dawne25,Heller342,,Barton704,M,white,nonhispanic,F,Brookline  Massachusetts  US,461 Terry Trafficway Apt 30,Boylston,Massachusetts,Worcester County,,00000,42.33737972724866,-71.7267816876807,766588.38,1306687.10,72658
8f78c5a2-dbe5-faef-f6c9-18748751943a,2007-01-10,,999-18-2073,S99997357,,Mr.,Boris111,Johnathan55,Toy286,,,,white,nonhispanic,M,Fitchburg  Massachusetts  US,504 Goldner Ville Apt 75,Hudson,Massachusetts,Middlesex County,25017,01749,42.341773629273845,-71.57902611605493,60006.59,6858.07,70526
a61482ec-c895-7889-7bb2-0c17e1fc4a23,1937-01-09,,999-53-6956,S99975003,X24884437X,Mr.,Dominic463,,Cummerata161,,,M,white,nonhispanic,M,Lexington  Massachusetts  US,692 Mitchell Promenade Suite 64,Westwood,Massachusetts,Norfolk County,,00000,42.19055941061763,-71.22270315991794,82725.02,390214.05,529251
806a71ab-17ee-b5b8-5cef-93a5f83ad609,1971-09-20,,999-67-9856,S99916592,X76951954X,Mr.,Vince741,Hugo693,Kilback373,,,M,asian,nonhispanic,M,Fitchburg  Massachusetts  US,485 Bartoletti Row,Milton,Massachusetts,Norfolk County,25021,02186,42.29101809730951,-71.07647485186072,220565.60,0.00,74070
e0ac5e4e-4b94-5566-65c9-2d6791fec9de,2010-06-06,,999-19-6602,S99970014,,,Kip442,Antoine384,Walker122,,,,asian,nonhispanic,M,Daegu  Daegu  KR,956 Mayert Approach,Huntington,Massachusetts,Hampshire County,25015,01050,42.28593623632013,-72.83711477297241,54002.82,14689.44,57877
934d4c76-ac2b-7b57-cbbd-6c838391c687,2021-04-19,,999-44-8917,,,,Wally311,Stevie682,Hudson301,,,,white,nonhispanic,M,Gardner  Massachusetts  US,895 Towne Trafficway,Bellingham,Massachusetts,Norfolk County,25021,02019,42.11793221970682,-71.44177387621096,20090.51,2563.40,60366
1840f494-dfcc-4f09-b079-33acd69e38a4,2003-07-27,,999-43-2498,S99911176,X46450125X,Mr.,Marcelo725,,Raynor401,,,,white,nonhispanic,M,Revere  Massachusetts  US,316 Steuber Manor,North Amherst,Massachusetts,Hampshire County,25015,01059,42.384569239528936,-72.47375311731653,4969.48,51784.48,5229
004a4e80-a8a4-656b-243e-86ac76a41188,2018-08-15,,999-79-5135,,,,Wilson960,,Bartell116,,,,white,nonhispanic,M,Marshfield  Massachusetts  US,740 Marks Stravenue,Brockton,Massachusetts,Plymouth County,25023,02351,42.10457230737051,-71.04527044616604,1900.00,27807.92,1886
817b7a00-949e-5f07-66a3-f2a1348fbfae,1987-01-08,,999-25-8617,S99955460,X13920041X,Mrs.,Ardith914,Mamie949,Abshire638,,Kris249,W,white,nonhispanic,F,Haverhill  Massachusetts  US,354 Pfannerstill Common Suite 92,North Andover,Massachusetts,Essex County,,00000,42.72184664518214,-71.11319050815263,200301.18,820514.91,28462
6de87f46-7872-4a2b-f4ed-9d2f2130598a,1991-05-03,,999-76-7236,S99932339,X68295188X,Mrs.,Clare187,Merlene950,Sporer811,,Oberbrunner298,M,white,nonhispanic,F,Plymouth  Massachusetts  US,1050 Roob Gardens Apt 61,Woburn,Massachusetts,Middlesex County,25017,01801,42.44616280095465,-71.1337768419159,156654.87,459250.46,67022
4357baf0-dc8c-2aff-6e45-043f4c885490,2014-02-09,,999-91-6606,,,,Adalberto916,Todd315,Mraz590,,,,white,hispanic,M,New Bedford  Massachusetts  US,167 Schmitt Village,Springfield,Massachusetts,Hampden County,25013,01128,42.15086205159506,-72.47119742820108,34271.74,154.98,136192
826df349-83f3-cbd0-028d-0883f7160b5c,1995-04-23,,999-74-8977,S99979987,X33012163X,Mr.,Cedrick207,,Gottlieb798,,,M,black,hispanic,M,Boston  Massachusetts  US,493 Huel Park Apt 87,Boston,Massachusetts,Suffolk County,25025,02134,42.32094144506979,-71.00295153353422,98391.52,10376.89,151566
1c0a24ee-94ca-96fe-c954-7d6ea7b4bedd,1983-01-14,,999-59-3679,S99988380,X92353509X,Mrs.,Regina408,Maryln219,Pacocha935,,Daniel959,M,white,nonhispanic,F,Beverly  Massachusetts  US,588 Rutherford View Unit 16,South Ashburnham,Massachusetts,Worcester County,,00000,42.64746648852212,-71.96784109188039,239807.42,445383.85,142620
4b18539d-ff61-76ba-957e-528100dbb2b2,1971-01-24,,999-73-3819,S99934802,X30782109X,Mr.,Mitch821,Burt293,Koss676,,,M,white,nonhispanic,M,Chelmsford  Massachusetts  US,545 Bashirian Station,Quincy,Massachusetts,Norfolk County,25021,02171,42.28360242199975,-71.09085860991416,163314.09,16411.98,84867
103645b1-aea4-cce4-694e-df466d26f03a,1960-03-03,,999-63-3555,S99931180,X22273551X,Mrs.,Soraya693,,Feeney44,,Emmerich580,M,black,nonhispanic,F,Hanover  Massachusetts  US,734 Block Vista,Waltham,Massachusetts,Middlesex County,25017,02451,42.38845247717892,-71.13599995889138,34081.06,1094597.16,953
b136a3b0-e168-cc04-df5f-1f195548539c,1970-01-11,2004-09-01,999-28-2560,S99949949,X80087018X,Mr.,Shane235,Rhett759,Beer512,,,M,white,nonhispanic,M,Worcester  Massachusetts  US,436 Pfeffer Parade,Marlborough,Massachusetts,Middlesex County,25017,01752,42.32743148636768,-71.54407593369912,328254.65,0.00,42986
dac46283-4dde-c103-b4a1-d827f8cb2695,1981-03-12,,999-67-9540,S99955178,X07769254X,Mrs.,Octavia629,Norma469,Bogisich202,,Schumm995,M,white,nonhispanic,F,Shirley  Massachusetts  US,505 Durgan Port,Brockton,Massachusetts,Plymouth County,25023,02301,42.029323800766576,-71.03671503470673,138384.35,502221.28,30201
472220cf-5b1b-93f0-9dd6-a8eb18f45027,1980-10-12,,999-41-5942,S99912692,X81326226X,Mr.,Max124,Truman805,Kunze215,,,S,white,nonhispanic,M,Randolph  Massachusetts  US,915 Harber Burg,Bourne,Massachusetts,Barnstable County,25001,02532,41.7849098013534,-70.55926430101965,15792.93,208207.39,17759
3e2af4bf-d692-77f3-da6e-872789246afd,2003-03-16,,999-33-1151,S99963967,X39433949X,Mr.,Don899,Reginald96,Fay398,,,,white,nonhispanic,M,Boston  Massachusetts  US,153 Rath Crossing Suite 91,Newton,Massachusetts,Middlesex County,25017,02464,42.331589968734,-71.107916879933,76243.59,698624.20,104460
faa74b90-1c8f-73dd-b9a9-8c48b031e711,1970-01-11,,999-20-7224,S99982356,X39270337X,Mr.,Burl285,Cornelius968,Brakus656,,,W,white,nonhispanic,M,Dartmouth  Massachusetts  US,213 Wiza Parade Apt 18,Marlborough,Massachusetts,Middlesex County,25017,01752,42.35526055196347,-71.53948609087357,372308.77,89472.38,42986
09fb677c-e9d8-3b79-8fcf-bedd6ffacb01,1961-02-20,,999-99-2881,S99929407,X82958512X,Mrs.,Cammy883,Lynne528,Carroll471,,Kerluke267,M,white,nonhispanic,F,Munich  Bavaria  DE,785 Konopelski Harbor Apt 11,West Wareham,Massachusetts,Plymouth County,25023,02576,41.81948962497749,-70.71688491503195,326500.21,589275.43,145991
48faa85f-314e-948a-904f-d1c9795b0fde,1996-05-20,,999-94-8000,S99964340,X95176409X,Ms.,Tempie784,Octavia629,Lehner980,,,S,white,nonhispanic,F,Arlington  Massachusetts  US,505 Dietrich Mission,Melrose,Massachusetts,Middlesex County,25017,02176,42.43312379721438,-71.04751102826762,86192.95,329936.56,598761
d4928235-01e7-ed63-319f-c238c4c0af0b,1971-10-24,,999-40-8620,S99946495,X64373349X,Mrs.,Leesa210,,Emard19,,Jacobi462,D,white,nonhispanic,F,West Concord  Massachusetts  US,335 Predovic Vista,Fall River,Massachusetts,Bristol County,25005,02721,41.64881885982099,-71.08319304919378,16737.34,1228248.03,6936
5351e43d-1d77-973b-e1fa-d106e3cee189,1979-07-12,,999-12-4621,S99917725,X30567170X,Mr.,Kasey569,Hector463,DuBuque211,,,M,white,nonhispanic,M,Boston  Massachusetts  US,1087 Muller Flat,Natick,Massachusetts,Middlesex County,,00000,42.28636622653149,-71.30465695853194,117127.25,5134.08,115139
26f36de7-dc56-f6e6-9795-b66d734f4358,2025-09-20,,999-78-3155,,,,Joey457,Kerstin790,Kilback373,,,,white,nonhispanic,F,Seekonk  Massachusetts  US,781 Ernser Trailer,Princeton,Massachusetts,Worcester County,,00000,42.464032257167915,-71.92511201746593,2156.55,2794.19,101349
b95f999d-2daa-0e86-9c5a-a98b1d6a131c,1989-11-12,,999-71-6953,S99952797,X63705930X,Mrs.,Lina528,,Howe413,,Kreiger457,M,white,nonhispanic,F,Harwich Center  Massachusetts  US,874 Waters Neck,Townsend,Massachusetts,Middlesex County,25017,01469,42.690857624553125,-71.73406863028521,148825.81,267159.62,418352
9d3dab03-ceea-1d81-0cc1-53bc16710388,2022-01-15,,999-41-5752,,,,Russel238,Fred155,Medhurst46,,,,white,nonhispanic,M,Dennis  Massachusetts  US,929 Jacobson Course,Marshfield Hills,Massachusetts,Plymouth County,25023,02051,42.104114586696014,-70.73556553510026,15959.15,1615.86,919299
3fed53c1-d6ff-d20d-6297-62d4660d251d,1960-03-14,2014-08-01,999-49-4338,S99922189,X80596723X,Mr.,Clifton91,Alfonso758,West559,,,M,white,nonhispanic,M,Boston  Massachusetts  US,206 Hirthe Parade Suite 83,Boston,Massachusetts,Suffolk County,25025,02109,42.32081967908859,-71.09957570862878,44407.40,645991.30,10238
09cc00cf-7d80-d650-8275-3c0564c49e21,1972-11-27,,999-79-3650,S99949502,X53065496X,Mrs.,Soledad678,Mariann762,Erdman779,,Mann644,D,white,nonhispanic,F,Haverhill  Massachusetts  US,353 Pfannerstill Glen Suite 18,New Bedford,Massachusetts,Bristol County,25005,02743,41.61452124385966,-70.93891459108377,18687.69,1099378.86,10592
831b9f2f-2578-0060-aab3-5ba84843d725,1995-01-31,,999-84-4142,S99910980,X43525900X,Mr.,Dale454,Alvaro283,Stanton715,,,M,white,nonhispanic,M,Chicopee  Massachusetts  US,811 Anderson Parade,Boston,Massachusetts,Suffolk County,25025,02127,42.320863741865736,-71.10416568634069,81860.95,10918.02,27768
76dd5a0c-985e-bf73-3816-1ea750d108fe,2016-01-08,,999-97-9417,,,,Yoshie761,Joellen497,Bruen238,,,,hawaiian,nonhispanic,F,Boston  Massachusetts  US,975 Brekke Underpass,Abington,Massachusetts,Plymouth County,25023,02351,42.12078458014638,-70.92155502084874,16888.93,6297.69,29414
6892002d-0667-d65d-1083-14edeacf1e2e,1959-09-10,,999-99-9213,S99996172,X32772596X,Mr.,Brady998,,Kerluke267,MD,,D,other,nonhispanic,M,Springfield  Massachusetts  US,466 Koepp Lock,Essex,Massachusetts,Essex County,25009,01929,42.61702418543377,-70.7376548855244,178435.38,62140.71,802869
0c4258ff-5f72-0a82-95a9-7ebf3d4f9618,1973-07-31,,999-64-2447,S99933705,X45312037X,Mr.,Dominic463,Jess275,Adams676,,,W,white,nonhispanic,M,Princeton  Massachusetts  US,483 Abbott Ferry Suite 43,Worcester,Massachusetts,Worcester County,25027,01608,42.28261948235648,-71.68854782286239,132748.76,28767.00,88617
e94ba30a-85f3-c238-15db-bc7ab457d2f5,2021-06-18,,999-57-5205,,,,Cristopher265,Ramiro608,Bernier607,,,,white,nonhispanic,M,Everett  Massachusetts  US,745 Ortiz Forge,Boston,Massachusetts,Suffolk County,25025,02113,42.306147037163356,-71.01238692224986,14158.52,42295.64,32698
82bbcf6d-e8c3-9ddb-599e-71349a235d4d,2003-08-29,,999-39-1983,S99951668,X02067990X,Mr.,Bobbie849,Norbert530,Huel628,,,,black,nonhispanic,M,Springfield  Massachusetts  US,703 Roob Underpass Unit 5,Randolph,Massachusetts,Norfolk County,25021,02368,42.2245764813913,-71.07364985848832,49753.08,8569.74,34654
0e990ae6-b760-54bb-467e-16cb6e66fdee,2007-09-07,,999-22-6527,S99958018,,Mr.,Frederic454,Noble66,Volkman526,,,,white,nonhispanic,M,Brockton  Massachusetts  US,869 Hilpert Trace Suite 72,Fall River,Massachusetts,Bristol County,25005,02723,41.73949636630391,-71.054409124466,3245.86,55484.27,10046
3012cfe7-9f4b-a19b-fd6b-75f548b3932f,2013-06-14,,999-48-1428,,,,Rudolf736,,Wyman904,,,,white,nonhispanic,M,Holyoke  Massachusetts  US,147 Connelly Wynd Suite 76,Lynn,Massachusetts,Essex County,25009,01906,42.42759026028529,-70.98866350621425,22661.49,18237.22,189312
9746aca9-014b-d560-99dc-954a38483536,1998-08-31,,999-49-1448,S99951635,X39675497X,Mr.,Ramon749,Vincent299,Mitchell808,,,M,white,nonhispanic,M,Hingham  Massachusetts  US,873 Jacobson Trace,Westhampton,Massachusetts,Hampshire County,,00000,42.2737834295968,-72.74789493851641,71150.22,16002.01,49771
ef7799f9-4b21-d740-3f52-f9738bef87f5,2004-02-26,,999-15-6436,S99976664,X03969335X,Mr.,Tyler508,Rayford811,Gulgowski816,,,,white,nonhispanic,M,New Bedford  Massachusetts  US,357 Kautzer Extension Suite 69,Dartmouth,Massachusetts,Bristol County,,00000,41.578268739052895,-70.961125536576,4049.06,70518.10,19919
3b50c6f6-d8e9-146f-5228-ed88a7ade617,1916-07-15,1999-09-25,999-92-6358,S99970920,X66085499X,Mrs.,Jeannie478,Particia365,Schoen8,,O'Kon634,D,white,nonhispanic,F,Frankfurt  Hesse  DE,935 Cole Pathway,Randolph,Massachusetts,Norfolk County,25021,02368,42.170515946891044,-71.0860468487344,46504.28,2425200.52,23047
bbc883b1-0017-cd9e-d3d9-bdfd3b3d10d3,1969-12-05,2016-09-18,999-78-4649,S99923446,X63532826X,Mr.,Malcom15,Lucien408,Wunsch504,,,M,white,nonhispanic,M,Northborough  Massachusetts  US,691 Klein Dam,New Bedford,Massachusetts,Bristol County,25005,02748,41.6775080431353,-70.91349099030845,144942.70,652300.19,30897
f61d1353-b48c-7b59-6f24-89fc05fe297b,1916-07-15,2000-02-27,999-24-1667,S99939326,X07926794X,Mrs.,Renee555,Ilona639,Collier206,,Jerde200,M,white,nonhispanic,F,Frankfurt  Hesse  DE,585 Reilly Corner Unit 71,Randolph,Massachusetts,Norfolk County,25021,02368,42.17375910669793,-71.017701761123,32614.58,1404201.91,23047
4780b2a9-705c-bc09-9be5-2f48f915e8f5,1964-07-21,,999-27-5243,S99976450,X08104749X,Mrs.,Chantell995,Hulda44,Bailey598,,Terry864,D,white,nonhispanic,F,Boston  Massachusetts  US,252 Mills Route Unit 2,Boston,Massachusetts,Suffolk County,25025,02129,42.359011632957284,-71.02514260101019,343809.12,448735.80,141974
269936a6-a6c1-266c-cbca-c65a815ceedd,1969-12-05,,999-36-4096,S99988545,X28282077X,Mr.,Gil594,,Koepp521,,,M,white,nonhispanic,M,Quincy  Massachusetts  US,898 Farrell Lane,New Bedford,Massachusetts,Bristol County,25005,02743,41.71772164878563,-70.97449470970659,250608.43,710243.53,30897
f5068941-1e15-959b-b25c-ea466f9a55a9,2008-05-30,,999-14-5976,S99966839,,Ms.,Blanca837,Karie712,Lockman863,,,,other,nonhispanic,F,Marblehead  Massachusetts  US,238 Greenholt Promenade Unit 57,Haverhill,Massachusetts,Essex County,25009,01835,42.78240760863894,-71.12493314602854,70571.96,10439.54,106143
004a8d87-7422-56df-06e7-c62bb7efc1f3,1986-09-29,,999-18-4013,S99950717,X04462966X,Mr.,Ivan258,Dan465,Reilly981,,,M,white,nonhispanic,M,Grafton  Massachusetts  US,1005 Casper Frontage road Unit 80,New Bedford,Massachusetts,Bristol County,25005,02744,41.621436796486684,-70.96849546839083,93663.20,0.00,43178
c7c964e4-692e-c649-d3bb-53224cc05808,2022-02-11,,999-85-6577,,,,Randolph418,Ambrose149,Hudson301,,,,white,nonhispanic,M,Wellesley  Massachusetts  US,884 Watsica Ferry Suite 33,Plainville,Massachusetts,Norfolk County,,00000,42.022596959360634,-71.37037666869034,8924.00,15698.72,72203
866e9876-de46-6423-1dce-b866eab2c575,1960-03-14,,999-74-1085,S99978710,X61872903X,Mr.,Porfirio146,Darell496,Moen819,,,M,white,nonhispanic,M,North Falmouth  Massachusetts  US,258 Fritsch Heights Suite 70,Boston,Massachusetts,Suffolk County,25025,02152,42.24786405991527,-71.06875463374449,53558.79,871009.76,10238
62619da5-4eb9-41ef-f2d2-74608a69d6d1,2000-05-30,,999-62-9799,S99925752,X81159271X,Mr.,Sherwood961,,Cremin516,,,,white,nonhispanic,M,Burlington  Massachusetts  US,801 Dickinson Run,Boston,Massachusetts,Suffolk County,25025,02163,42.38239658494323,-71.05097974150006,4624.61,45325.33,3065
3802c0fb-6efb-2e37-a36d-a87d4e8214e9,2015-09-29,,999-77-1325,,,,Elmer371,Lyda594,Mante251,,,,white,nonhispanic,F,Revere  Massachusetts  US,530 Beatty Landing,Springfield,Massachusetts,Hampden County,25013,01103,42.15399621658717,-72.62033636879531,14066.14,5483.83,32285
da332871-4b74-233d-0cb4-6ac77e00f5f1,1974-03-05,,999-55-7848,S99959116,X99293734X,Ms.,Sun500,,Little434,,,S,black,nonhispanic,F,Wilmington  Massachusetts  US,334 Daniel Terrace Unit 59,Swampscott,Massachusetts,Essex County,25009,01907,42.47351356847456,-70.87124703070909,333612.89,855548.91,177252
aaf9516e-72cd-a14f-8da6-47737fd5857d,1916-07-15,2010-11-11,999-35-4247,S99961344,X44298964X,Mrs.,Elvira561,,Hagenes547,,Feil794,W,white,nonhispanic,F,Cologne  North Rhine-Westphalia  DE,202 Spencer Path Unit 28,Randolph,Massachusetts,Norfolk County,25021,02368,42.184162940180244,-71.00287632292256,36580.44,1894030.05,23047
a1bfe879-b1b8-c603-13a0-2e05b19c5b66,2006-09-15,,999-67-9648,S99966800,X70852988X,Mr.,Maria750,,Ward668,,,,white,nonhispanic,M,Fall River  Massachusetts  US,323 West Trace,New Salem,Massachusetts,Franklin County,,00000,42.42182739121335,-72.31489872674325,55964.50,8359.22,35657
c21a2f34-87b6-7a9b-159b-203dffeb6992,1944-11-09,2021-05-29,999-62-1556,S99918026,X04940186X,Mrs.,Tova870,Fern75,Pouros728,,Hahn503,D,white,nonhispanic,F,Dracut  Massachusetts  US,891 Rowe Stravenue,North Andover,Massachusetts,Essex County,,00000,42.71201746147938,-71.08033726011921,355681.66,955160.75,629101
94938808-bd74-827f-2e37-aee09c7d3f4c,1957-08-11,,999-91-6593,S99996421,X78015319X,Mrs.,Ladawn167,Shalon513,Runolfsdottir785,,Herzog843,D,white,nonhispanic,F,Monson  Massachusetts  US,114 Rippin Ranch Suite 96,Springfield,Massachusetts,Hampden County,25013,01103,42.11240411271721,-72.52040727430965,870153.58,357571.45,49282
f3ab9982-9c01-b834-4278-83b2dde05172,1969-03-08,,999-62-3498,S99916347,X28760011X,Mr.,Vincenzo126,Scottie437,Skiles927,,,S,white,nonhispanic,M,Bellingham  Massachusetts  US,837 Ondricka Light,Rockland,Massachusetts,Plymouth County,,00000,42.17377183270439,-70.93931440055289,92811.98,55029.66,73454
2f07de4f-213a-9246-b202-b0e82e8f91b9,1991-05-25,,999-36-6636,S99991906,X49004316X,Mrs.,Luz785,Ester635,Tejeda887,,Lebrón484,M,white,hispanic,F,San Jose  San Jose  CR,905 Sipes Rapid Apt 39,Blackstone,Massachusetts,Worcester County,,00000,42.08001874817314,-71.48852426587295,670132.25,315094.28,63166
5d875905-3b14-065d-8b48-e078a5914f2c,1944-11-09,2001-01-15,999-41-6494,S99921519,X07718615X,Mrs.,Gertude950,,Batz141,,Marquardt819,D,white,nonhispanic,F,Westfield  Massachusetts  US,513 Homenick Ranch,North Andover,Massachusetts,Essex County,,00000,42.66613258201817,-71.11909933575295,160186.66,577329.04,629101
45f08929-85b7-7a5c-00d9-3f631d98580b,1950-09-24,2005-08-14,999-99-7501,S99920502,X91398573X,Mrs.,Nelly786,,Koepp521,,Boyer713,M,white,nonhispanic,F,Winchester  Massachusetts  US,249 Bauch Vista Apt 21,Boston,Massachusetts,Suffolk County,25025,02125,42.304997108010994,-71.10105258625609,16834.69,831133.12,7038
f8b3273c-d79b-d7b1-ac2d-4435b1763a56,2005-12-08,,999-95-7466,S99922795,X12723793X,Ms.,Shannon293,,Becker968,,,,white,nonhispanic,F,Gloucester  Massachusetts  US,169 VonRueden Walk,Westhampton,Massachusetts,Hampshire County,,00000,42.34951853250634,-72.81006073552408,160034.88,518862.32,704
10a6f5a7-91f0-6aa0-d0e4-1cab181f8598,1916-07-15,,999-25-3300,S99921263,X91065804X,Mrs.,Kimberli643,Gwendolyn93,Denesik803,,Krajcik437,D,white,nonhispanic,F,Berlin  Berlin  DE,958 Bauch Mission,Randolph,Massachusetts,Norfolk County,25021,02368,42.135011838713176,-71.03749147722115,108349.52,2031076.47,23047
e1f21055-0489-f305-cecc-81cfbbe6e760,1984-07-05,,999-70-1831,S99935152,X05088606X,Mrs.,Shanita956,Dorethea38,Boyer713,,O'Kon634,M,white,nonhispanic,F,St Petersburg  St Petersburg  RU,342 Doyle Lodge Suite 26,Boston,Massachusetts,Suffolk County,25025,02132,42.32465075268178,-71.03713535240297,218133.02,563987.17,125482
d1411c4c-437c-2d2c-ce36-a0f267ab05f6,1993-07-04,,999-33-2209,S99998194,X31273155X,Mrs.,Eliza161,Tegan755,Towne435,,Boyer713,M,asian,hispanic,F,Middleborough Center  Massachusetts  US,768 Maggio Heights,Boston,Massachusetts,Suffolk County,25025,02119,42.32464341988853,-70.97099456914691,22273.12,1530332.28,14424
dfddde6b-2907-7b1c-f8b0-422a5153969f,1950-09-24,,999-60-7936,S99927086,X32641736X,Mrs.,Celestina960,Lecia978,Dietrich576,,Bednar518,M,white,nonhispanic,F,Belmont  Massachusetts  US,682 Gleichner Dam Apt 45,Boston,Massachusetts,Suffolk County,25025,02163,42.35401552269021,-71.05340483289291,18880.02,929871.71,7038
c94169a4-7b6c-4a1e-51ea-c5b40e2ba4c9,1975-12-08,,999-98-7884,S99952664,X75411828X,Mrs.,Tarra676,,Spinka232,,Abernathy524,M,white,nonhispanic,F,Fairhaven  Massachusetts  US,285 Ritchie Manor Apt 84,Lawrence,Massachusetts,Essex County,25009,01840,42.70528324322777,-71.19812836987535,9354.59,313986.32,4684
e15b71cc-4e86-865d-e5d1-41288b4a26e6,1989-10-30,,999-83-6781,S99924738,X68470734X,Mr.,Abraham100,Roosevelt595,Ledner144,,,W,white,nonhispanic,M,South Yarmouth  Massachusetts  US,916 Russel Rue Apt 53,New Bedford,Massachusetts,Bristol County,25005,02746,41.68926057993785,-70.98013671253364,21001.76,220668.17,13349
601a899d-49ab-84ad-dac7-4005c82618c8,2026-04-02,,999-81-2641,,,,Brendan864,Jarod376,Kris249,,,,white,nonhispanic,M,Lowell  Massachusetts  US,530 Becker Highlands,Boston,Massachusetts,Suffolk County,25025,02110,42.40468089667857,-71.07242487337739,3332.28,0.00,74853
a172c893-870b-7cf2-d3e7-2bb7770387a0,1965-07-24,,999-41-3891,S99999551,X87663094X,Mr.,Abraham100,,Zulauf375,,,D,black,nonhispanic,M,Bellingham  Massachusetts  US,1016 Ebert Haven,Westport,Massachusetts,Bristol County,,00000,41.57223543819204,-71.04682864385104,18091.88,728931.73,7706
bbf626db-639f-4aac-66f0-45af1d13cb9b,2000-11-01,,999-64-9106,S99925540,X45497326X,Ms.,Paola523,Shondra529,Beahan375,,,,white,nonhispanic,F,Springfield  Massachusetts  US,420 Rau Quay,Blandford,Massachusetts,Hampden County,25013,01008,42.20405285602344,-72.98172403192777,242801.26,21166.48,116590
b37f9b86-78fa-5997-a209-e4ab45457ee8,2006-12-21,2019-11-01,999-78-5819,,,,Jonah176,Herb645,Osinski784,,,,white,nonhispanic,M,New Seabury  Massachusetts  US,384 Langosh Annex Suite 38,Cochituate,Massachusetts,Middlesex County,,00000,42.29144994030502,-71.34798803183776,10489.57,47619.02,142627
0bea83d8-41b6-61f1-d186-bf02ac3c6285,2010-01-14,,999-37-9679,S99916693,,,Cyrus914,Winford225,Ferry570,,,,white,nonhispanic,M,Watertown  Massachusetts  US,351 Beier Esplanade Apt 83,Gardner,Massachusetts,Worcester County,25027,01440,42.57409458171782,-72.02988944548169,3183.91,47274.27,10820
3a9131c1-1c22-bfa9-9ff2-3dc2d1f6ff31,2024-04-05,,999-32-3409,,,,Kathlyn335,Larhonda769,Gerlach374,,,,white,nonhispanic,F,Dartmouth  Massachusetts  US,387 Kessler Gateway,Northbridge,Massachusetts,Worcester County,,00000,42.12502054771368,-71.64831577419909,6010.46,6545.87,122394
7ced76c8-729a-db8d-78b0-e50fda3427ca,1974-02-22,,999-13-1434,S99964292,X59001546X,Mrs.,Alvera113,Kathern391,Kuhn96,,Casper496,M,white,nonhispanic,F,Somerset  Massachusetts  US,967 Gulgowski View Apt 3,Sterling,Massachusetts,Worcester County,,00000,42.408805290414854,-71.75127706892881,1012605.08,584948.66,90178
9da775bc-8845-4c50-d99d-fbc9b8399005,2006-12-21,,999-23-5329,S99980964,,Mr.,Dustin31,Ty725,McDermott739,,,,white,nonhispanic,M,Billerica  Massachusetts  US,145 Heller Hollow,Cochituate,Massachusetts,Middlesex County,,00000,42.28160431339632,-71.3757337786618,31254.27,34814.42,142627
08aeff8d-0d41-d403-079d-538493efdf12,2023-05-26,,999-16-1942,,,,Shala169,Jazmin969,King743,,,,white,nonhispanic,F,Boston  Massachusetts  US,408 Mohr Road,Paxton,Massachusetts,Worcester County,,00000,42.29315615910446,-71.92739293539796,6575.76,0.00,148918
dea16a46-e6cb-7eff-f9cb-4107f64ec55d,1997-11-18,,999-59-6363,S99981711,X75026276X,Mrs.,Clara183,,Stroman228,,Stark857,M,white,nonhispanic,F,Harwich Port  Massachusetts  US,769 Hodkiewicz Landing Unit 20,Framingham,Massachusetts,Middlesex County,25017,01701,42.29823566614394,-71.41797758466535,80264.18,331179.43,197129
f82ff27c-e600-1ddc-7a66-6483b005c276,2004-03-28,,999-65-8422,S99999343,X93583399X,Ms.,Numbers230,Maryellen651,Cronin387,,,,white,nonhispanic,F,Boston  Massachusetts  US,212 Stark Union Unit 10,Bliss Corner,Massachusetts,Bristol County,,00000,41.57656837589121,-70.89462007324092,119859.71,238551.56,127466
0efcc1e1-067c-95a6-7690-9d5f3d341805,2019-11-28,,999-88-4385,,,,Sophie40,Yolando662,McKenzie376,,,,white,nonhispanic,F,Watertown  Massachusetts  US,706 Predovic Gardens,Wareham,Massachusetts,Plymouth County,,00000,41.7436793286391,-70.65426299503834,14650.31,163.95,85637
8e9ab915-1a66-c863-f56d-7281878a90d1,1968-10-02,,999-56-4259,S99921596,X19784234X,Mrs.,Trinidad33,Nakisha629,Thompson596,,Haag279,W,white,nonhispanic,F,Chicopee  Massachusetts  US,158 Windler Orchard,Lynn,Massachusetts,Essex County,25009,01905,42.48869170720946,-70.98447065708982,586564.81,355035.08,55260
410731a0-e955-75a3-57af-bbf08b2b618f,2007-11-18,,999-85-8829,S99912759,,Ms.,Barabara924,,Stanton715,,,,white,nonhispanic,F,Merrimac  Massachusetts  US,763 Brekke Vista,Newton,Massachusetts,Middlesex County,25017,02464,42.30789307173746,-71.18285408293961,4295.86,59966.55,6787
8df5bc02-03b1-9e5f-acdf-e1e13562155f,2009-10-07,,999-97-8879,S99997146,,,Khadijah960,Marybelle759,Strosin214,,,,white,nonhispanic,F,Peabody  Massachusetts  US,636 Considine Ramp,Barnstable,Massachusetts,Barnstable County,25001,02601,41.73745906900805,-70.25436199738324,207446.80,487045.25,51708
ac055850-4451-6b1a-8114-9fd46ed92523,1980-07-27,,999-58-1948,S99948623,X19414356X,Mr.,Jere230,Fermin479,Dietrich576,,,M,white,nonhispanic,M,Walpole  Massachusetts  US,336 Bogan Stravenue,Hudson,Massachusetts,Middlesex County,25017,01749,42.404833920573466,-71.50589431052028,121407.77,24144.17,45886
6555a587-a948-f576-ec8b-4d9adb83d5b8,2004-04-06,,999-67-6357,S99968177,X86067283X,Mr.,Walter473,,O'Conner199,,,,white,hispanic,M,Brimfield  Massachusetts  US,189 Howe Neck Suite 35,Revere,Massachusetts,Suffolk County,25025,02151,42.377495571689344,-70.96995274566738,4991.72,69304.16,5601
e943f7e8-35ed-bc54-6fb1-f024d80ed2eb,2001-10-26,,999-66-7568,S99944687,X52197411X,Ms.,Bell723,,Frami345,,,,white,nonhispanic,F,Newton  Massachusetts  US,352 Green Landing Suite 2,Worcester,Massachusetts,Worcester County,25027,01606,42.28032436062502,-71.81251460922162,30068.85,642669.28,922224
253f6133-d4fa-b429-28a6-aedc34aa79df,1952-03-17,,999-18-3088,S99933299,X36510835X,Mr.,Trey250,,Pfeffer420,,,M,white,nonhispanic,M,Brockton  Massachusetts  US,729 Zboncak Lock Unit 69,Mashpee,Massachusetts,Barnstable County,,00000,41.57653871349614,-70.48716879075837,593080.27,450105.67,42847
4513be13-ee6f-bcf7-5ed7-5d51d6df0e54,1944-11-09,2024-11-03,999-16-4739,S99983191,X43891498X,Mrs.,Ingeborg677,,Nienow652,,Powlowski563,M,white,nonhispanic,F,Weymouth  Massachusetts  US,442 Wolff Vale Apt 34,North Andover,Massachusetts,Essex County,,00000,42.657491827066565,-71.13177996744606,304533.12,1105048.81,629101
e964f2e0-e07b-af70-c83a-1790c14dc697,1968-10-18,,999-85-7810,S99992516,X01606387X,Mrs.,Danyel335,Marielle507,Walsh511,,Schinner682,M,white,nonhispanic,F,Bellingham  Massachusetts  US,272 Grimes Underpass,Haverhill,Massachusetts,Essex County,25009,01830,42.70540455910369,-71.10630706369648,357415.81,126194.84,87697
10ba2eb2-f24c-d5fb-90e0-bbd97ddd5746,1971-11-30,,999-24-1264,S99994228,X26618615X,Mr.,Kent912,,Williamson769,,,M,white,nonhispanic,M,Boston  Massachusetts  US,441 Gleason Viaduct Apt 38,Woburn,Massachusetts,Middlesex County,25017,01801,42.49227741411386,-71.13602636997072,129228.14,20134.46,904706
4b99d661-48ed-a163-e76d-14635a4be4ec,1948-05-28,,999-27-3088,S99938110,X75541954X,Mr.,Felton646,Noble66,O'Hara248,,,M,white,nonhispanic,M,Springfield  Massachusetts  US,868 Lindgren Esplanade,Wellesley,Massachusetts,Norfolk County,25021,02492,42.35533072360647,-71.28304819701334,211290.42,101240.89,48279
2c8d3055-3413-7449-5f50-ccb4b50c036b,1983-11-14,1986-05-17,999-42-4042,,,,Paris331,Cecil300,Wiza601,,,,white,nonhispanic,M,Fall River  Massachusetts  US,1067 Mitchell Ranch Apt 15,Wakefield,Massachusetts,Middlesex County,25017,01880,42.46251958482295,-71.06730396231634,13507.27,8268.45,51181
6cbbbdf5-9dc4-593e-944a-ce1bb2b5824a,1983-11-14,1986-07-08,999-63-4281,,,,Hyman89,,DuBuque211,,,,white,nonhispanic,M,Bellingham  Massachusetts  US,599 Homenick Corner Suite 94,Wakefield,Massachusetts,Middlesex County,25009,01940,42.48263709635329,-71.11390279098642,27916.11,13090.88,51181
9457f732-4fea-af2c-12a9-e6686249a5d3,1967-11-18,,999-21-9517,S99966627,X00472762X,Mrs.,Lynelle567,Clorinda310,Satterfield305,,Considine820,M,other,nonhispanic,F,Falmouth  Massachusetts  US,628 Nienow Mews,Fall River,Massachusetts,Bristol County,25005,02790,41.634215878871196,-71.18516713175595,13285.58,672431.87,12984
383ea68b-e970-e8e1-6407-87a319d8c933,1981-07-11,,999-82-6795,S99924189,X76074505X,Mr.,Terence292,Kareem959,Rath779,,,S,white,nonhispanic,M,Georgetown  Massachusetts  US,225 Kihn Wall,Westfield,Massachusetts,Hampden County,25013,01085,42.126234333468425,-72.77327207517868,169992.00,52820.87,81930
27cbc27e-2f3b-eac7-f5bb-b554066f8386,1983-11-14,,999-30-6981,S99988789,X59941080X,Mr.,John539,Erich201,Beier427,,,S,white,nonhispanic,M,Boston  Massachusetts  US,1085 Hartmann Throughway Apt 57,Wakefield,Massachusetts,Middlesex County,25017,01880,42.47272845567737,-71.1029791127218,123014.62,21811.98,51181
07f4c2f9-15fd-2c46-e97a-e01f41827df5,2021-08-27,,999-26-4113,,,,Constance642,,Miller503,,,,white,nonhispanic,F,Milton  Massachusetts  US,360 Herman Annex,Framingham,Massachusetts,Middlesex County,25017,01702,42.33101037410886,-71.43471267970234,13341.97,0.00,159692
dec00c2c-952a-87d1-68da-1087999ebb64,1992-04-10,2010-05-19,999-36-8555,S99922579,,Ms.,Elisa944,,Arreola736,,,,white,hispanic,F,Port-au-Prince  Haiti  HT,386 Mitchell Parade Suite 91,Dalton,Massachusetts,Berkshire County,,00000,42.47251083569706,-73.15952499577214,12157.77,651607.26,3685
7801cf57-5218-7d59-c92b-0b939548962e,1970-08-02,,999-27-4911,S99974887,X53487989X,Mr.,Mariano761,Alan320,Larkin917,,,M,white,nonhispanic,M,Tyngsborough  Massachusetts  US,491 Jacobson Plaza,Marlborough,Massachusetts,Middlesex County,25017,01752,42.33996588878578,-71.56508877885865,209672.23,44545.47,71421
62d308f2-62d6-bde8-18bb-01b287ff1882,2021-05-21,,999-85-6569,,,,Yuonne878,Katlyn29,Kutch271,,,,asian,nonhispanic,F,Haiphong  Kiến An  VN,570 DuBuque Ferry,Concord,Massachusetts,Middlesex County,,00000,42.43268262533388,-71.31803241039236,7260.56,4689.26,118342
bb4bd412-27ae-f84b-7912-7086fa22e059,2021-10-07,,999-86-6044,,,,Gregorio366,,Stiedemann542,,,,white,nonhispanic,M,Braintree  Massachusetts  US,418 Langworth Mission,Holyoke,Massachusetts,Hampden County,25013,01040,42.18824788475346,-72.67008783002585,24442.88,1619.51,173763
e35f537c-3c38-708d-820a-e338c772b029,1944-11-09,2008-01-26,999-81-4333,S99969382,X77286224X,Ms.,Melissia267,,Ernser583,,,S,white,nonhispanic,F,Cambridge  Massachusetts  US,1017 Stiedemann Landing Apt 32,North Andover,Massachusetts,Essex County,,00000,42.62970366938565,-71.07888221160114,163346.88,2747371.61,629101
4ae01fda-0164-04ed-fcae-f89431c6171e,1992-04-10,,999-31-7351,S99932004,X91895278X,Mrs.,Mayte822,Maricarmen445,Peralta301,,Aguirre875,M,white,hispanic,F,San Salvador  El Salvador  SV,217 King Divide,Dalton,Massachusetts,Berkshire County,,00000,42.495352618655595,-73.12290850534407,14102.28,651300.67,3685
15a0aa5e-fdbc-3d67-ba60-4d645aa51884,1955-05-25,,999-43-9286,S99962488,X48531911X,Mrs.,Yon80,Kristen940,Von197,,Rempel203,D,white,nonhispanic,F,Stow  Massachusetts  US,881 Feeney Loaf Suite 99,Middleborough,Massachusetts,Plymouth County,,00000,41.85031947584704,-70.81949497713703,1140426.44,838681.95,67489
aec0db2e-4ae2-4d16-2c48-53da4b1f36ed,1995-08-03,,999-20-3486,S99992451,X95154957X,Mr.,Mauro926,Aurelio227,Franecki195,,,S,white,nonhispanic,M,Somerset  Massachusetts  US,431 Bogisich Arcade,Princeton,Massachusetts,Worcester County,,00000,42.483558895260536,-71.89205285024643,125903.74,376059.79,34644
2ec48745-1c75-3728-f2c4-d677d0caa273,1962-07-13,,999-67-3478,S99975022,X90890472X,Mrs.,Glenda787,,Kirlin939,,Kulas532,M,white,nonhispanic,F,Northborough  Massachusetts  US,655 Pouros Heights Suite 98,Weymouth,Massachusetts,Norfolk County,25021,02189,42.18069522699917,-71.00474435963459,363011.84,940947.04,305519
b239e7c1-e128-7943-09e9-bf68190c61ea,1977-01-04,,999-66-6886,S99950328,X50133978X,Mr.,Zachariah133,Arron144,Walsh511,,,S,white,nonhispanic,M,New Bedford  Massachusetts  US,389 O'Keefe Center,Bridgewater,Massachusetts,Plymouth County,25023,02324,41.92238938724185,-70.99347600423407,98688.20,0.00,74279
0c707a87-0385-ab6b-cafc-50ca994ba2ef,1954-10-06,,999-67-7523,S99959403,X02370186X,Mrs.,Dina200,Kourtney511,Olson653,,Kessler503,W,asian,nonhispanic,F,Franklin  Massachusetts  US,1042 Parker Trailer Suite 60,Medford,Massachusetts,Middlesex County,25017,02155,42.43890829489081,-71.1520930272624,838855.48,319130.27,112877
d9e44ada-3eef-2e6d-8b79-a2e2c4403d1c,1944-11-09,2025-05-09,999-73-8824,S99935187,X85432538X,Mrs.,Verline727,Suzi977,Boyer713,,Gutmann970,D,white,nonhispanic,F,Boston  Massachusetts  US,698 King Bypass,North Andover,Massachusetts,Essex County,,00000,42.720969097507435,-71.10151980355704,310259.12,680246.51,629101
a22aec35-bb87-9b98-e90b-0025bdd76f64,2003-01-14,,999-91-1773,S99910693,X86881996X,Ms.,Sherly665,Alfreda3,Bartoletti50,,,,white,nonhispanic,F,Quincy  Massachusetts  US,1068 Jakubowski Bridge Unit 58,Wilbraham,Massachusetts,Hampden County,25013,01095,42.098314077110906,-72.41271083699469,76876.70,6307.71,104702
838d0937-4529-f87b-7bf5-3c7a632ae7df,1983-10-02,,999-70-8600,S99957102,X53262077X,Mr.,Ivan258,Ronny764,Mueller846,,,M,asian,nonhispanic,M,Everett  Massachusetts  US,732 Brown Rapid Suite 7,Natick,Massachusetts,Middlesex County,,00000,42.30876621773072,-71.39593112822993,10241.72,114853.37,14852
6007e38d-4f0d-8bcc-620d-724e18e1d253,1978-09-15,,999-83-7035,S99952148,X76560080X,Mrs.,Valarie790,,Daugherty69,,Fisher429,M,white,nonhispanic,F,Leominster  Massachusetts  US,433 Upton Camp Apt 65,Malden,Massachusetts,Middlesex County,25017,02148,42.40910640689128,-71.02975304952314,214000.52,754515.64,171618
04b9d5bc-f572-eac9-d55a-601305f7f148,1997-07-30,,999-71-2871,S99916444,X49335860X,Mr.,Edwardo860,,Little434,,,S,white,nonhispanic,M,Lexington  Massachusetts  US,991 Emmerich Haven,Springfield,Massachusetts,Hampden County,25013,01129,42.144847475803346,-72.50767514782319,6762.82,90863.87,6018
6784ed89-a570-c4f3-246e-d61f29243175,1968-07-11,,999-93-7717,S99990588,X63672911X,Mrs.,June482,Keva141,Murazik203,,Stoltenberg489,M,white,nonhispanic,F,Weston  Massachusetts  US,608 Bednar Byway,Marshfield,Massachusetts,Plymouth County,25023,02050,42.13433129845341,-70.69016793681234,266028.42,723507.09,29153
30c76e3f-d3d6-2147-2801-7bb050b09525,1944-11-09,,999-36-9007,S99976187,X99651234X,Mrs.,Antoinette709,Veta780,Farrell962,,Jacobs452,M,white,nonhispanic,F,Pittsfield  Massachusetts  US,453 Schroeder Throughway Apt 69,North Andover,Massachusetts,Essex County,,00000,42.72250487801397,-71.08985743757457,195616.52,930300.15,629101
e74a9d9f-ded4-a54d-4481-4a8a81f4fa31,1980-10-24,,999-75-7389,S99988930,X75660222X,Mr.,Bradley693,Gilberto712,Wisoky380,,,M,white,nonhispanic,M,Worcester  Massachusetts  US,215 Kozey Center,Newton,Massachusetts,Middlesex County,25017,02459,42.340799701053676,-71.23509765409521,122178.79,6712.23,745260
9dc5ea4c-5dec-b96b-19d7-13dfa1d80379,1989-03-08,,999-65-3801,S99944666,X73085052X,Mrs.,Drema139,Ghislaine112,O'Hara248,,Waters156,D,white,nonhispanic,F,South Duxbury  Massachusetts  US,1052 Bashirian Fort Suite 92,Somerville,Massachusetts,Middlesex County,25017,02140,42.44105228790664,-71.15163907996303,135828.77,62854.93,56824
b7089dd1-8593-8606-151a-54b7a9f50b03,1987-02-26,,999-46-2193,S99954539,X25653184X,Mrs.,Kandice471,Marisela850,Hammes673,,Batz141,M,white,nonhispanic,F,Falmouth  Massachusetts  US,899 Kihn Rue Apt 39,Brookline,Massachusetts,Norfolk County,25025,02215,42.388612953292416,-71.1509373830184,107503.34,1150443.94,25294
23676ac4-58cf-9798-dfec-83f1f7d188da,2022-05-29,,999-32-6923,,,,Bruno518,Barton704,Kozey370,,,,black,nonhispanic,M,Amherst  Massachusetts  US,359 Hegmann Spur Apt 16,Boston,Massachusetts,Suffolk County,25025,02126,42.40056533254528,-71.04551472604268,8024.86,0.00,96096
6e7cdd44-5fdf-bdd6-8f62-df5a0f93f827,2001-04-05,,999-47-7764,S99925475,X30169603X,Ms.,Felice694,Saran641,Bartoletti50,,,,native,nonhispanic,F,New Bedford  Massachusetts  US,1032 Mayert Key,Dartmouth,Massachusetts,Bristol County,,00000,41.51795417032934,-70.96527567304345,6612.98,293843.28,6801
006e927e-7ae3-311c-9069-1f0e003aa8ae,1932-09-15,2012-12-09,999-86-7615,S99918670,X24247543X,Mrs.,Bailey598,,Wuckert783,,Schinner682,W,black,nonhispanic,F,Worcester  Massachusetts  US,684 Boehm Dale Suite 21,Weymouth,Massachusetts,Norfolk County,25021,02191,42.17427447320625,-70.93026177237053,321227.80,829891.66,190301
ee07e08e-057a-eb4b-2996-494006d9ac9a,1984-11-22,,999-99-9136,S99950006,X97010570X,Mrs.,Jesenia223,,Cremin516,,Roob72,M,white,nonhispanic,F,Cambridge  Massachusetts  US,164 Pagac Haven,Southampton,Massachusetts,Hampshire County,,00000,42.18696085418619,-72.71302337228924,224517.33,404933.15,156437
d19f8ab5-11d8-a4d6-c0c3-8050b7fd2a03,2002-04-22,,999-24-7189,S99923384,X28226140X,Ms.,Jude172,Shana231,Walker122,,,,white,nonhispanic,F,Groveland  Massachusetts  US,174 Strosin Crossing Apt 94,Amherst,Massachusetts,Hampshire County,,00000,42.35266568787126,-72.47016560678449,5972.99,231617.86,23121
318214d1-e925-83e5-c48c-9117a7e5cfad,1975-05-28,,999-94-4905,S99952968,X51262505X,Mr.,Loren192,,Cole117,,,D,white,nonhispanic,M,Worcester  Massachusetts  US,605 Spencer Center,Attleboro,Massachusetts,Bristol County,25005,02703,41.91254973092651,-71.33499303383795,120271.09,2287563.64,184369
5e73c9d3-872a-615f-32b4-3a5cf54089ab,1959-05-19,,999-62-3174,S99988394,X88765589X,Mr.,Quintin944,Barry322,Balistreri607,,,M,white,nonhispanic,M,Boston  Massachusetts  US,762 Dibbert Rue Suite 91,Great Barrington,Massachusetts,Berkshire County,25003,01230,42.129033540930465,-73.27731406703064,320828.61,151833.53,63764
767e548a-94af-cf39-b2f5-af94c37ebcb1,1932-09-15,2018-01-26,999-43-8251,S99945526,X06100049X,Mrs.,Kellee902,Gale827,Ankunding277,,Hahn503,M,black,nonhispanic,F,Southborough  Massachusetts  US,747 Berge Avenue,Weymouth,Massachusetts,Norfolk County,25021,02188,42.22300584189036,-70.96479000950568,222536.99,1333436.70,190301
2ebe1927-ee48-25b5-836f-d65f8a62cfcb,2006-03-06,,999-46-3300,S99947762,X43174464X,Mr.,Cristopher265,Devon268,Rohan584,,,,black,nonhispanic,M,Mashpee  Massachusetts  US,590 Orn Plaza Apt 1,Boston,Massachusetts,Suffolk County,25025,02118,42.36227560031124,-71.03701997222049,59676.89,5199.96,103963
b19674d0-5ad9-1fba-14f8-cda1a593623e,1975-10-09,,999-37-4695,S99934828,X12881690X,Ms.,Aide521,Shelby741,MacGyver246,,,S,white,nonhispanic,F,Wareham  Massachusetts  US,365 Altenwerth Green Apt 57,Norwell,Massachusetts,Plymouth County,,00000,42.211264661207636,-70.81619119470984,150121.80,575389.52,408489
96606c10-74ee-0656-771b-a8bc57b95f87,1967-09-06,2022-11-02,999-81-5713,S99948033,X79724919X,Mrs.,Gricelda41,Joye57,Kozey370,,Runte676,W,white,nonhispanic,F,Framingham  Massachusetts  US,544 Connelly Underpass,Stow,Massachusetts,Middlesex County,,00000,42.39604217019529,-71.4641843254329,226297.49,321686.86,916599
f9438f27-f554-79f0-52e0-488989d92c40,1967-06-02,,999-82-5888,S99947627,X35376634X,Mrs.,Phylicia571,Mana631,Jacobi462,,Romaguera67,M,white,nonhispanic,F,Springfield  Massachusetts  US,804 Purdy Corner,Weston,Massachusetts,Middlesex County,,00000,42.36246827779491,-71.26935950924543,164720.02,685531.00,549704
34dc7781-e57e-be13-e63d-d98b6bacc45c,1982-12-04,,999-10-1303,S99911833,X49606767X,Mr.,Sandy901,,McClure239,,,M,white,nonhispanic,M,Lynn  Massachusetts  US,146 Hartmann Spur Unit 21,Abington,Massachusetts,Plymouth County,25023,02351,42.16165690273957,-70.94737277892753,92745.18,8866.17,698314
fe0cb44a-0c48-4d6b-5e33-38351a535fac,2026-04-06,,999-74-6448,,,,Dortha70,Luz785,Schimmel440,,,,black,nonhispanic,F,Springfield  Massachusetts  US,830 Mueller Avenue,Brockton,Massachusetts,Plymouth County,25023,02351,42.136096301653986,-71.01296889736477,1753.00,1180.02,149762
3b18f90d-43cb-1e07-66d4-df8958d39f8f,2023-07-18,,999-33-6837,,,,Phylicia571,,Swift555,,,,white,nonhispanic,F,Wrentham  Massachusetts  US,219 Mraz Landing,Spencer,Massachusetts,Worcester County,25027,01562,42.26813567226543,-71.94580494311869,5412.23,4152.88,181690
41d3950a-2bb0-3160-5717-2770a07ed23a,1967-09-06,,999-44-5327,S99949103,X22291139X,Mrs.,Shu104,Margit604,Considine820,,Morissette863,M,white,nonhispanic,F,Cambridge  Massachusetts  US,450 Dach Brook,Stow,Massachusetts,Middlesex County,,00000,42.44948796059341,-71.47141973397619,211768.70,274783.57,916599
c5475445-74d3-f1b2-597e-49a2dd6d6423,1967-11-28,,999-48-9288,S99993101,X00828484X,Mr.,Delmar187,Sonny285,Collier206,,,M,white,nonhispanic,M,Lowell  Massachusetts  US,783 Runolfsson Ferry,Williamstown,Massachusetts,Berkshire County,25003,01267,42.6978164702662,-73.234769091217,168175.51,16389.17,44557
c8dae6fc-a97d-d534-650e-ccd6a1f019dd,1955-06-20,2021-10-31,999-65-3571,S99953128,X55470176X,Mr.,Xavier983,Dudley365,Sanford861,,,S,white,nonhispanic,M,Weymouth  Massachusetts  US,286 Lebsack Center Suite 49,Methuen,Massachusetts,Essex County,25009,01844,42.744663678470516,-71.20361602321306,339358.70,103730.78,77486
4b1ab006-165e-06ec-f50f-55b208739ec0,1995-08-11,,999-29-1053,S99955241,X09165694X,Mrs.,Annalisa973,,Cremin516,,Strosin214,M,white,nonhispanic,F,Lowell  Massachusetts  US,421 Wisoky Route,Springfield,Massachusetts,Hampden County,25013,01151,42.16006113722547,-72.49386375284425,8616.63,434586.88,3375
150f471a-633b-b771-c792-b64b0609b020,1983-04-07,,999-57-4066,S99924786,X68303976X,Mrs.,Madaline59,Tammara379,Orn563,,Murphy561,M,white,nonhispanic,F,Boston  Massachusetts  US,693 Fisher Grove Suite 78,Rutland,Massachusetts,Worcester County,25027,01543,42.36161848731796,-72.01159440293084,154100.40,1404098.07,33974
6106b44e-6cd3-914c-3609-40df892d800b,1995-08-04,,999-65-4629,S99934798,X97189512X,Mrs.,Luciana251,Paola523,Cummings51,,Mertz280,M,white,nonhispanic,F,Springfield  Massachusetts  US,616 Bins Boulevard,Tewksbury,Massachusetts,Middlesex County,,00000,42.58374918740719,-71.24321761504076,135576.27,937730.96,111054
088ca039-be46-aa23-9b0a-9e911262298a,1955-06-20,,999-42-9108,S99949266,X63043879X,Mr.,Sean831,Howard613,Larson43,,,M,white,nonhispanic,M,Middleborough  Massachusetts  US,164 Gerlach Ramp Unit 90,Methuen,Massachusetts,Essex County,25009,01841,42.72716006721587,-71.21071614436846,224438.57,176827.99,77486
13954a60-68e2-4cee-61e1-22da718941e3,1983-09-29,,999-99-6424,S99923085,X35067570X,Mrs.,Margarita164,Soledad678,Fuentes250,,Carranza218,M,white,hispanic,F,La Paz  Baja California  MX,538 Rice Mews Unit 11,Boston,Massachusetts,Suffolk County,25025,02131,42.335922355726986,-71.10144265797389,13613.58,484547.26,20499
4002ba3c-aa46-90c6-c32e-c13afb0cbc56,1999-05-20,,999-98-2062,S99911112,X81935106X,Mr.,Benito209,Dana512,Orn563,,,,white,nonhispanic,M,Boston  Massachusetts  US,362 O'Conner Burg,Barnstable,Massachusetts,Barnstable County,25001,02601,41.73322804155621,-70.30742886432238,4548.78,51237.98,18011
005c17fa-15e4-2684-1521-aa85e4d5ae45,2008-08-17,,999-68-9359,S99961827,,Ms.,Courtney281,Shanice479,Kulas532,,,,white,nonhispanic,F,Brookline  Massachusetts  US,708 Erdman Crossroad Apt 29,Leominster,Massachusetts,Worcester County,25027,01420,42.56872077208279,-71.80260935558172,46387.05,8408.73,70597
a78fba0f-7de4-a6f1-e21d-4cc8284fb515,1967-12-20,,999-99-4949,S99964616,X29762259X,Mrs.,Jeniffer557,Lara964,Hoeger474,,Torphy630,W,white,nonhispanic,F,Wareham  Massachusetts  US,498 Hudson Meadow,Randolph,Massachusetts,Norfolk County,25021,02368,42.17977249102059,-71.07298058659357,664734.10,226129.87,104279
58078db7-0bff-51c3-d791-9b9e19b095f6,1978-04-19,2013-02-11,999-79-8284,S99988307,X99083110X,Mr.,Chong355,,Weissnat378,,,M,white,nonhispanic,M,Melrose  Massachusetts  US,1074 Reichel Lane,Monson,Massachusetts,Hampden County,,00000,42.11930688747056,-72.32586992521294,9578.75,707379.70,7540
8cac533c-4689-1106-58cf-6e126b4a15d6,1970-11-10,,999-77-5938,S99985332,X86153399X,Mrs.,Neva514,Jeni110,Ullrich385,,Labadie908,M,black,nonhispanic,F,Westwood  Massachusetts  US,315 Schinner Trafficway,Boston,Massachusetts,Suffolk County,25025,02111,42.40764588465785,-71.084893782614,238868.97,512862.86,32263
5112baad-44b4-a826-0b3f-13b9a9a25cce,1932-09-15,2008-03-14,999-29-5475,S99949976,X78071253X,Mrs.,Viviana350,Monnie762,Harber290,,Wolff180,M,black,nonhispanic,F,Chelsea  Massachusetts  US,864 Batz Port,Weymouth,Massachusetts,Norfolk County,25021,02188,42.247387661934326,-70.94916703763663,167127.90,978338.19,190301
8b2692b3-0ceb-2eeb-08c8-60ef61ad3d9d,1978-04-19,,999-91-4594,S99923793,X42120333X,Mr.,Marco578,,Klein929,,,S,white,nonhispanic,M,Belchertown  Massachusetts  US,847 Spinka Dam Unit 51,Monson,Massachusetts,Hampden County,,00000,42.1248046430806,-72.36468013405086,10516.29,196594.81,7540
5a2a0a61-ef74-e953-53e5-8ec8aea979f0,1963-01-25,,999-41-8292,S99918846,X65119283X,Mr.,Dillon740,,Hagenes547,,,D,white,nonhispanic,M,Cambridge  Massachusetts  US,574 Hessel Ramp,Sandwich,Massachusetts,Barnstable County,25001,02563,41.7065394315307,-70.48498070102924,43636.00,146475.54,194411
fafbcf2c-7124-1d0e-ab7d-6943a0e62143,2023-11-02,,999-87-5977,,,,Rosalie939,,McLaughlin530,,,,asian,nonhispanic,F,Chicopee  Massachusetts  US,710 Considine Light,Boston,Massachusetts,Suffolk County,25025,02121,42.299202027762306,-71.11557164426392,4374.09,2250.46,169095
63865354-19e9-2e62-3178-766166565fd2,1996-08-30,,999-36-8733,S99948433,X82644242X,Mr.,Edmundo94,Garth972,Bode78,,,M,white,nonhispanic,M,Methuen  Massachusetts  US,1060 Marvin Byway,Canton,Massachusetts,Norfolk County,,00000,42.2212398004831,-71.10668675048592,96213.56,573514.92,90825
b43082e5-cd23-8ba0-8221-7e15951cbaa5,2023-06-18,,999-28-6135,,,,Sarah635,Ceola914,Quitzon246,,,,other,nonhispanic,F,Provincetown  Massachusetts  US,148 Schumm Estate Suite 0,Stoneham,Massachusetts,Middlesex County,25017,02180,42.52025286898074,-71.06151677098498,7369.32,0.00,44928
2c47c853-aeda-18c9-0eec-62072c33472e,1960-12-22,,999-72-4746,S99920973,X47267423X,Mrs.,Joanna347,Maricela194,Kertzmann286,,Corwin846,D,white,nonhispanic,F,Brockton  Massachusetts  US,100 Corwin Dam Apt 34,Ashburnham,Massachusetts,Worcester County,,00000,42.671684179992766,-71.9348698147442,788267.59,88620.80,94448
7f85c51a-1f27-d764-d006-72cdf7016b96,1916-07-19,2023-08-06,999-89-4988,S99910976,X83277890X,Mrs.,Jammie261,Jose871,Feest103,,Ziemann98,M,native,nonhispanic,F,Westfield  Massachusetts  US,1083 Trantow Union,Newburyport,Massachusetts,Essex County,25009,01951,42.78606225079607,-70.89848643153414,129146.90,1868734.43,463169
0ac0b2a2-fb4b-bd83-9556-5bacf125e5ac,1932-09-15,2013-03-27,999-49-8561,S99947124,X69443463X,Mrs.,Alysha630,Peter292,Schoen8,,Bailey598,M,black,nonhispanic,F,North Reading  Massachusetts  US,700 Pagac Dam Unit 52,Weymouth,Massachusetts,Norfolk County,25021,02191,42.24941258516544,-70.96759179187562,195706.08,1836627.98,190301
a4502e1e-acfd-ee03-faa8-f22e83581e0e,1916-07-19,1930-08-01,999-61-3392,,,,Treena759,Barb55,Gutmann970,,,,native,nonhispanic,F,Boston  Massachusetts  US,1053 Schamberger Fork,Newburyport,Massachusetts,Essex County,25009,01950,42.771453071939035,-70.87428245343258,35646.89,21754.44,463169
fdf51b95-32ed-a388-d380-cd04b76b2103,2002-01-20,,999-98-2445,S99975943,X34699209X,Mr.,Eliseo499,Milford485,Hilll811,,,,black,nonhispanic,M,Holyoke  Massachusetts  US,964 Denesik Burg Suite 34,Boston,Massachusetts,Suffolk County,25025,02210,42.299557706165984,-71.02715827091701,49297.26,679393.73,69311
f9cfbcbe-ada7-8901-a82d-becb6d0de57a,2022-09-12,,999-68-2015,,,,Mariah942,,Mante251,,,,white,nonhispanic,F,Everett  Massachusetts  US,457 Upton Parade,Chicopee,Massachusetts,Hampden County,25013,01013,42.218152572374116,-72.51534993324482,8185.87,9415.48,980861
7a181ff7-044d-b805-78f8-ae4b1341e63a,1982-08-13,,999-30-3623,S99961811,X97933583X,Mrs.,Ethel888,Anya973,Hackett68,,Weissnat378,M,white,nonhispanic,F,Bourne  Massachusetts  US,944 McGlynn Drive Suite 61,Salisbury,Massachusetts,Essex County,25009,01952,42.87362135745527,-70.83893565022049,328903.23,250583.94,61645
e6389117-1bf4-b2b2-2a34-10f1c8526148,1985-01-31,,999-65-1570,S99975911,X67131610X,Mr.,Edwardo860,,Feil794,,,M,white,nonhispanic,M,North Andover  Massachusetts  US,1059 Mraz Trailer,Stow,Massachusetts,Middlesex County,,00000,42.38358848377899,-71.55141735147079,80945.99,2425.83,153959
f0bef887-d691-680f-0d20-4731b4edc30a,2020-06-15,,999-85-5412,,,,Tresa661,,Rolfson709,,,,white,hispanic,F,Hanover  Massachusetts  US,610 O'Reilly Neck,Sutton,Massachusetts,Worcester County,,00000,42.1550243207115,-71.72226286519516,31212.37,4774.98,190941
93fd012d-f4f3-5cf5-e669-610c641b72d1,1955-08-05,,999-21-6011,S99946755,X89320702X,Mr.,Grover559,Woodrow571,Ferry570,,,S,white,nonhispanic,M,Worcester  Massachusetts  US,216 Witting Terrace Suite 45,Westfield,Massachusetts,Hampden County,25013,01086,42.138341241537226,-72.78721801635852,205420.51,90174.35,82386
723f455e-e5f2-0870-7e19-7238dcd56a9d,1932-09-15,1994-09-18,999-79-6565,S99998992,X43019387X,Mrs.,Pattie91,Myrta75,Hintz995,,Stanton715,M,black,nonhispanic,F,Oxford  Massachusetts  US,470 Kemmer Divide Suite 59,Weymouth,Massachusetts,Norfolk County,25021,02189,42.17521502491378,-70.93938791932622,189374.84,948071.07,190301
b29b7c39-7caf-0410-1e49-8b8171d2a43e,1916-07-19,2013-05-11,999-22-3826,S99954221,X21805820X,Mrs.,Masako522,,Langworth352,,Lueilwitz711,M,native,nonhispanic,F,Douglas  Massachusetts  US,912 Stoltenberg Manor,Newburyport,Massachusetts,Essex County,25009,01951,42.73452648809395,-70.85108276587127,119710.02,699095.72,463169
5dd531d3-4ced-c584-9f31-ff9088993c3f,1997-03-15,,999-98-2675,S99946207,X20550465X,Mrs.,Quinn173,,Hackett68,,Reynolds644,M,white,nonhispanic,F,Boston  Massachusetts  US,749 Wiza Tunnel Apt 42,Pembroke,Massachusetts,Plymouth County,,00000,42.02480694605836,-70.84225293913632,177241.10,920536.33,205948
856ae087-33ca-bf49-3b05-897f48617687,1934-11-19,1951-03-28,999-70-3048,S99973450,,,Martin117,Graig740,Bashirian201,,,,white,nonhispanic,M,Peabody  Massachusetts  US,248 Ondricka Spur,Cambridge,Massachusetts,Middlesex County,25017,02142,42.41827577138787,-71.18264585518533,37479.19,77843.95,716684
40c071e8-535f-5a61-cfd8-a1b0ba2d74b3,1957-01-02,,999-19-4247,S99955570,X64453702X,Mrs.,Caprice565,,Legros616,,Tillman293,M,white,nonhispanic,F,West Springfield  Massachusetts  US,613 Watsica Vale,Sterling,Massachusetts,Worcester County,,00000,42.49350844397085,-71.77325136419294,348256.42,767936.36,310067
6ad6cbf9-d6da-a856-60ad-c6e2c2ab40bf,1992-12-26,,999-44-6430,S99961094,X43098885X,Mr.,Leland44,,Howe413,,,M,asian,nonhispanic,M,Natick  Massachusetts  US,934 Fadel Light,Lexington,Massachusetts,Middlesex County,25017,02421,42.41990298436982,-71.24805119169302,51127.46,2052.44,450337
de63962f-b796-45cc-bc63-57f15e5c6286,1932-09-15,2008-05-21,999-26-1772,S99945028,X26289362X,Mrs.,Lanita675,Jeane173,Lubowitz58,,Quigley282,M,black,nonhispanic,F,Wakefield  Massachusetts  US,157 Yost Dam,Weymouth,Massachusetts,Norfolk County,25021,02191,42.186421322612134,-70.98436540764683,211214.92,1254748.42,190301
59979d21-886d-9ce0-3cdb-c311211af315,1916-07-19,,999-59-8554,S99942547,X45000866X,Ms.,Ashlyn643,Autumn454,Kulas532,,,S,native,nonhispanic,F,Methuen  Massachusetts  US,832 Jast Extension,Newburyport,Massachusetts,Essex County,25009,01951,42.80898079404,-70.87066203852866,219751.02,781501.92,463169
c82523cf-ab2a-5a03-baa9-16bafbfad616,1934-11-19,1996-09-24,999-36-1648,S99989974,X88466881X,Mr.,Myles862,Riley817,Ebert178,,,M,white,nonhispanic,M,Leominster  Massachusetts  US,752 Shanahan Gate Apt 1,Cambridge,Massachusetts,Middlesex County,25017,02138,42.39141924739639,-71.07951409183778,123596.76,766528.87,716684
bcc7026e-12af-05d8-64a8-e6b1d95e337c,2010-03-11,,999-81-8884,S99936041,,,Earl438,Mauricio81,Jast432,,,,white,hispanic,M,Rutland  Massachusetts  US,896 Gislason Park Apt 13,Natick,Massachusetts,Middlesex County,,00000,42.27542395009617,-71.36519109776958,81323.62,450229.63,130656
7a0d0cf4-4c9d-2209-ee96-967cf2d1d71a,1975-12-22,,999-78-8259,S99949854,X98092564X,Ms.,Cristina921,Mercedes82,Lucero848,,,S,white,hispanic,F,Ponce  Puerto Rico  PR,1060 Dach Well Unit 16,Boylston,Massachusetts,Worcester County,,00000,42.353401158173114,-71.67669705626679,354554.28,219034.40,63399
da594955-e6c8-6027-8a85-c4205f3d862c,1969-02-01,,999-57-2073,S99991992,X85875749X,Mr.,Drew592,Bret7,Hammes673,,,M,white,nonhispanic,M,Chelsea  Massachusetts  US,752 Emard Parade,Canton,Massachusetts,Norfolk County,,00000,42.20018190801011,-71.14994836246625,139352.21,34042.49,679898
31e1fa41-8059-caa3-7493-3dd10dcfbc07,1998-07-22,,999-98-9305,S99952131,X98387211X,Mrs.,Janelle257,,Zemlak964,,Veum823,M,hawaiian,nonhispanic,F,Cambridge  Massachusetts  US,608 Stoltenberg Route Unit 15,Winthrop,Massachusetts,Suffolk County,25025,02152,42.37653936356191,-71.01501444575361,116854.03,254177.66,189169
9791ff7a-d0ae-6b30-9a99-5038dede9bd3,1932-09-15,,999-69-1870,S99965364,X31778799X,Mrs.,Delila667,Danika134,Schimmel440,,Swift555,M,black,nonhispanic,F,New Bedford  Massachusetts  US,612 Barton Road Suite 41,Weymouth,Massachusetts,Norfolk County,25021,02190,42.19735635263577,-70.96946572707816,335074.37,723046.86,190301
708a2063-d6c5-d617-17d3-13cd2eeddbd8,2006-06-15,,999-63-7500,S99957034,X04506902X,Ms.,Tennille443,Corey514,Funk324,,,,white,nonhispanic,F,Everett  Massachusetts  US,1035 Langworth Crossroad Unit 45,Chicopee,Massachusetts,Hampden County,25013,01020,42.19339051886342,-72.5523765808294,50156.49,13884.85,37880
6cc4e785-068a-495c-7db7-fcc22bf16e9a,1996-12-27,,999-15-3480,S99954162,X15475240X,Mr.,Jeffrey461,Jerrod232,Homenick806,,,M,white,nonhispanic,M,Boston  Massachusetts  US,459 Lindgren Stravenue,Scituate,Massachusetts,Plymouth County,25023,02066,42.21070107558178,-70.71728690942898,56767.73,23472.90,73701
f4f222a8-96d8-0505-1ca9-c1245b55d386,1934-11-19,,999-54-7990,S99996391,X73899427X,Mr.,Kelly223,Stan246,Weber641,,,M,white,nonhispanic,M,Stoughton  Massachusetts  US,392 Hintz Station,Cambridge,Massachusetts,Middlesex County,25017,02142,42.360608745527635,-71.11459271770418,204762.32,253882.53,716684
4ac0f670-2a72-b581-20e4-880c2cf1fc00,1997-08-19,,999-10-9085,S99947053,X46665013X,Mr.,Dudley365,Jonas187,Herman763,,,M,white,nonhispanic,M,Yekaterinburg  Sverdlovsk Oblast  RU,379 Larkin Rest,Westford,Massachusetts,Middlesex County,,00000,42.59594621013939,-71.46049407321487,37312.87,17933.27,652345
4c809aa7-b49a-f071-9559-6b60b820d293,2003-05-15,,999-76-2424,S99923395,X84561397X,Mr.,Nick779,Leo278,Homenick806,,,,white,nonhispanic,M,Holyoke  Massachusetts  US,518 Hoeger Overpass Unit 29,Somerville,Massachusetts,Middlesex County,25017,02144,42.35233246126786,-71.16021104253585,59540.69,17456.09,75457
b621ce9b-67a1-5c4f-a381-b026a030506f,1992-10-28,,999-71-7584,S99994131,X06160767X,Mr.,Maximo817,Ben667,Wilderman619,,,M,asian,nonhispanic,M,Raynham Center  Massachusetts  US,783 Koch Gardens,Norwood,Massachusetts,Norfolk County,25021,02062,42.17258308061312,-71.1910835061656,14448.56,124221.14,20036
211d7232-3851-c4a6-4521-a98efcac64c3,1979-12-19,,999-28-5008,S99981133,X57884857X,Mrs.,Dalia295,Rebecca981,Johnston597,,O'Reilly797,M,white,nonhispanic,F,Agawam  Massachusetts  US,751 Dach Lane,Amesbury,Massachusetts,Essex County,25009,01913,42.85148064414059,-70.91696317835672,399028.98,619564.04,58251
354bf3a7-d1b4-6047-85e7-794ab79af006,1976-07-27,,999-27-9076,S99938120,X02124424X,Mrs.,Antonia30,María Soledad68,Arenas932,,Valles311,M,white,hispanic,F,Santiago de los Caballeros  Santiago  DO,985 Schroeder Pathway Apt 61,Springfield,Massachusetts,Hampden County,25013,01108,42.03499354402328,-72.55840397899425,12383.57,523522.90,19420
0eba76a3-524b-e22e-18de-fada4e43bff9,2006-11-01,,999-47-1658,S99936776,,Mr.,Henry768,Dwain139,Fahey393,,,,white,nonhispanic,M,Springfield  Massachusetts  US,669 Dare Bypass Suite 76,Lawrence,Massachusetts,Essex County,25009,01843,42.699600971279565,-71.17571460862153,55062.00,8076.06,69694
f671b1bc-35af-350e-ac95-6c1db0f49346,1976-12-17,,999-77-8997,S99961515,X03877015X,Mr.,Freddie621,Ahmed109,Schiller186,,,M,white,nonhispanic,M,Haverhill  Massachusetts  US,159 Lebsack Frontage road,Amherst,Massachusetts,Hampshire County,,00000,42.38276339624148,-72.48755533788186,181976.63,0.00,89627
95c97bea-857f-ed8e-581d-181da41fcc58,2006-10-27,,999-99-6365,S99949753,,Ms.,Sofia418,Elicia233,Douglas31,,,,white,nonhispanic,F,Chatham  Massachusetts  US,399 Yost Spur Suite 38,Boston,Massachusetts,Suffolk County,25025,02126,42.29134042650034,-71.02491927551851,46876.93,8269.52,45242
6052e176-3516-8054-dac5-821e6c99fc56,1951-03-18,,999-55-9136,S99960181,X54707640X,Mrs.,Tamela350,Cassi819,McCullough561,,Conroy74,M,white,nonhispanic,F,Boston  Massachusetts  US,735 Weimann Station,Brockton,Massachusetts,Plymouth County,25023,02302,42.095941813940385,-71.00575635127647,797427.98,243152.97,79757
b2cc2846-20f2-456a-7a15-253d19ed43bd,2010-08-03,,999-86-9512,S99947875,,,Grover559,Reuben327,Krajcik437,,,,white,nonhispanic,M,Taunton  Massachusetts  US,286 Donnelly Landing Suite 83,Auburn,Massachusetts,Worcester County,,00000,42.221689086591915,-71.87888634941503,21675.95,30785.40,32218
0e8421c1-3710-0fb1-356a-7cebca29196e,1966-11-02,,999-87-7081,S99943753,X70679631X,Mrs.,Nadia817,Assunta351,Gusikowski974,,Schmidt332,M,white,nonhispanic,F,Saugus  Massachusetts  US,254 Jacobson Heights,Worcester,Massachusetts,Worcester County,25027,01602,42.29393927752038,-71.85529616278282,636922.17,309575.56,54243
8733e1a5-589e-537f-4108-54040b7204e6,2012-01-01,,999-21-5166,,,,Tandy422,Corrine68,Streich926,,,,white,nonhispanic,F,Worcester  Massachusetts  US,324 Brown Forge,East Longmeadow,Massachusetts,Hampden County,,00000,42.050449037007105,-72.45214108471471,29605.23,6203.51,58231
8a9e7a4b-be7a-1db9-cbdd-ba393d9829c5,1990-09-30,,999-37-7827,S99947852,X43747974X,Mrs.,Merri201,,Nienow652,,Muller251,M,white,nonhispanic,F,Milford  Massachusetts  US,936 Jacobs Green,Marshfield,Massachusetts,Plymouth County,25023,02050,42.10503538615422,-70.73697409028665,275162.49,743413.07,157932
5d858676-adb2-82b2-a4e3-9e95804029b1,1988-08-30,,999-33-5296,S99983769,X55919876X,Mr.,Winfred745,,Sawayn19,,,S,white,nonhispanic,M,Taunton  Massachusetts  US,398 Luettgen Green,Lakeville,Massachusetts,Plymouth County,,00000,41.82743554641556,-70.97606857601657,58663.46,81037.55,287097
6e9ee390-0fd1-dad4-e4ef-ff365ae81869,2014-03-24,,999-27-9890,,,,Alejandro916,Grant908,Bahringer146,,,,white,nonhispanic,M,Spencer  Massachusetts  US,662 Jacobs Crossing,Brookline,Massachusetts,Norfolk County,25025,02215,42.32043805898192,-71.13783794727031,24722.61,21230.94,33467
2c8f298d-1d56-4f4e-78f9-16e5092d51b1,1951-05-29,,999-71-4409,S99967357,X81116534X,Ms.,Rosalind66,Deane47,Hessel84,,,S,asian,nonhispanic,F,Watertown  Massachusetts  US,175 King Branch,Weston,Massachusetts,Middlesex County,,00000,42.395185406573816,-71.33161947734439,240514.89,1492161.15,392822
37b4003d-4a97-f73f-249f-8223cef5ad73,2010-01-11,,999-86-3922,S99920007,,,Andrew29,Earle679,Hegmann834,,,,white,nonhispanic,M,Dennis  Massachusetts  US,941 Haley Street Suite 70,Springfield,Massachusetts,Hampden County,25013,01013,42.06755528252395,-72.53382860911198,4220.20,61262.44,12895
26d51c08-2c6d-6cf0-395e-9701b7d8dfa5,1969-11-04,,999-64-7015,S99949806,X32568679X,Mrs.,Elwanda490,Kristie55,Gleason633,,Bogan287,M,asian,nonhispanic,F,Shanghai  Shanghai Municipality  CN,726 Kub Ville,Merrimac,Massachusetts,Essex County,,00000,42.83110379451845,-71.00223011366758,11000.55,444794.03,19753
218a0180-7930-e3b4-f2ad-807e526c2f38,2008-01-12,,999-42-1141,S99927635,,Mr.,Manuel446,,Almaraz628,,,,white,hispanic,M,Ponce  Puerto Rico  PR,364 Flatley Neck Unit 5,Burlington,Massachusetts,Middlesex County,25017,01803,42.5196883281602,-71.18603052036458,114856.46,661889.19,158541
12bfa9ff-a84e-a0f5-3592-60ad2db4c98d,1974-08-19,,999-93-1513,S99941928,X92760179X,Mrs.,Manuela585,Alicia629,Rivas297,,Chavarría957,M,white,hispanic,F,Guatemala City  Guatemala  GT,952 Mitchell Rapid Suite 75,Springfield,Massachusetts,Hampden County,25013,01103,42.19397161080008,-72.47697126064718,581185.60,387848.46,87522
7408bb44-aca9-4c15-1dd3-362baed68df9,1988-11-29,,999-40-7465,S99922388,X11238572X,Mrs.,Odilia72,Kris249,Jast432,,Grant908,M,white,nonhispanic,F,Tyngsborough  Massachusetts  US,967 Wintheiser Fork Apt 53,Everett,Massachusetts,Middlesex County,25017,02149,42.36841893819807,-71.01433362590765,584782.64,1225560.98,65186
1b981dc1-5b28-2836-e4e4-a54d26c21820,2010-08-25,,999-10-7949,S99944893,,,Ezekiel373,,Kovacek682,,,,asian,nonhispanic,M,Westfield  Massachusetts  US,541 Stracke Center Apt 77,Hopkinton,Massachusetts,Middlesex County,25017,01748,42.21839191637759,-71.55322537373978,42736.61,1437.90,163421
967c2a98-21c0-4b71-8264-8ccb2d15ac36,1955-09-03,,999-17-3021,S99947810,X48959917X,Mrs.,Beatris270,Micki733,Erdman779,,Johns824,M,white,nonhispanic,F,Tewksbury  Massachusetts  US,166 Thompson Trace Suite 37,Needham,Massachusetts,Norfolk County,25021,02494,42.284515762069496,-71.21652566527492,224796.79,1023146.57,770407
4e3c72ee-8f43-3164-9c09-621d46360d3a,1972-08-02,,999-36-8695,S99925862,X96389992X,Mr.,Lawrence741,,Howe413,,,D,white,nonhispanic,M,Woburn  Massachusetts  US,989 Cormier Fort Apt 59,Canton,Massachusetts,Norfolk County,,00000,42.18011033050783,-71.13507370972759,87195.76,338191.68,795810
755f3f96-6a2a-f695-1b59-c615712007d5,1965-12-03,2020-12-14,999-59-7669,S99926300,X84221740X,Mr.,Mauro926,,Maggio310,,,M,white,nonhispanic,M,Fairhaven  Massachusetts  US,910 Runolfsson Corner Unit 93,Shrewsbury,Massachusetts,Worcester County,,00000,42.237536152198615,-71.66601231741366,113796.28,13709.34,186544
e7efa74b-8210-e5ba-281f-231f5457f846,2010-08-23,2014-08-17,999-95-6122,,,,Federico589,Ezekiel373,O'Reilly797,,,,white,nonhispanic,M,Pittsfield  Massachusetts  US,361 Nicolas Rapid Unit 42,Boston,Massachusetts,Suffolk County,25025,02118,42.351475590052544,-71.00961572996795,8471.42,16040.67,82679
f63b4f0f-7ecc-b25e-53bc-4a74fb8407a4,2010-08-23,,999-78-9425,S99997855,,,Kim439,Mohamed943,Harvey63,,,,white,nonhispanic,M,Ayer  Massachusetts  US,305 Mertz Approach,Boston,Massachusetts,Suffolk County,25025,02124,42.317587232436935,-71.15417584122156,56227.52,4971.37,82679
78f898f1-5f13-3470-1c2f-cb3d09d494e9,1970-06-28,,999-78-3035,S99948214,X89580934X,Mrs.,Britt177,Vania595,Lubowitz58,,VonRueden376,D,white,nonhispanic,F,Boston  Massachusetts  US,991 Keeling Fork,Pittsfield,Massachusetts,Berkshire County,25003,01201,42.41720239638455,-73.25451289444075,233094.15,692449.45,34540
7bce5723-1469-c3ec-3e7c-29e0e8b8e80f,1965-12-03,,999-77-3646,S99953000,X27978131X,Mr.,Clark193,Monte325,Watsica258,,,M,white,nonhispanic,M,Worcester  Massachusetts  US,415 Effertz Vista,Shrewsbury,Massachusetts,Worcester County,,00000,42.28221412683113,-71.70434601180862,130087.57,50890.94,186544
73eeb67c-0c21-b5f4-d48e-86bea6d77894,2018-09-15,,999-24-4409,,,,Rodney21,Micheal721,Gislason620,,,,white,nonhispanic,M,Rochester  Massachusetts  US,203 Orn Trafficway,Rehoboth,Massachusetts,Bristol County,,00000,41.80705546380271,-71.21184588689157,9599.17,6884.63,79364
9a51b7fd-5342-2711-600f-bebe3a9e18aa,1977-07-03,,999-87-1552,S99951773,X00028407X,Mrs.,Dreama246,Fredia307,O'Conner199,,Adams676,M,white,nonhispanic,F,Springfield  Massachusetts  US,214 Kerluke Lane,Billerica,Massachusetts,Middlesex County,,00000,42.59666072888937,-71.30665880240706,227546.28,704080.83,30981
af0834d3-179d-0138-e9d8-88c6b5e9d73d,1952-05-09,,999-17-4347,S99986571,X33178267X,Mrs.,Breann988,Elma843,White193,,Osinski784,W,white,nonhispanic,F,Methuen  Massachusetts  US,459 Gleichner Burg Suite 23,Falmouth,Massachusetts,Barnstable County,25001,02540,41.626908298357804,-70.56695902640358,1448511.15,172608.98,90726
60418271-3dea-4b40-eb34-3371d16824b6,2004-02-24,,999-29-5720,S99967557,X75703477X,Ms.,Lavina533,Waneta858,Streich926,,,,white,nonhispanic,F,Orleans  Massachusetts  US,707 Ebert Grove Apt 38,Provincetown,Massachusetts,Barnstable County,25001,02657,42.10587246203015,-70.23988548755503,10343.65,803788.89,73711
a0ef3e13-b6cd-d0d7-7c85-03fd7a491d65,1985-03-30,,999-29-5367,S99948461,X90713442X,Mrs.,Elenora790,Margo702,Vandervort697,,Cummerata161,M,white,nonhispanic,F,Pittsfield  Massachusetts  US,491 Willms Vista Suite 10,Agawam,Massachusetts,Hampden County,25013,01001,42.01575018301848,-72.63378217848454,322866.57,409666.73,97521
cb64c360-4cc9-2376-4c49-5a56bcd4392b,1963-10-22,,999-63-5606,S99970175,X46501555X,Mr.,Sheldon401,Cameron381,Ryan260,,,D,black,hispanic,M,Lexington  Massachusetts  US,477 Cassin Meadow Apt 9,Lynn,Massachusetts,Essex County,25009,01907,42.44610307800449,-70.9482592735981,28764.72,608602.55,10798
98bc1ee3-26d4-be95-2145-4eb7779c8b35,1956-02-12,,999-82-3567,S99925843,X81754045X,Mr.,Neville893,Reggie481,Corkery305,,,D,white,nonhispanic,M,Reading  Massachusetts  US,490 Koepp Trafficway Unit 29,Upton,Massachusetts,Worcester County,25027,01568,42.20116249566736,-71.55865919819793,168567.07,800516.20,93886
87968440-459c-9e98-75ef-31eef1c9ba49,1952-05-25,2021-03-09,999-37-6043,S99998624,X94529410X,Mr.,Bennie663,Benito209,Wehner319,,,W,white,nonhispanic,M,Methuen  Massachusetts  US,1094 Schneider Dale Suite 12,North Scituate,Massachusetts,Plymouth County,25023,02060,42.24274762287699,-70.79997289891989,288355.09,1969853.87,67722
68863b94-d2c3-27bd-d13d-8e339d1191ff,1974-12-26,,999-59-6900,S99923568,X69596449X,Mr.,Wilburn655,Nicolas769,Fritsch593,,,M,white,nonhispanic,M,Springfield  Massachusetts  US,1081 Douglas Flat Unit 39,Montague,Massachusetts,Franklin County,,00000,42.53111061434568,-72.51682299578295,17329.80,775952.66,93833
58157317-ed68-9eff-f5cf-8c1e9f795824,1998-06-06,,999-46-5824,S99939931,X92493930X,Mrs.,Marry53,Vita624,Swift555,,Farrell962,M,white,nonhispanic,F,Somerville  Massachusetts  US,888 Leffler Ramp,Mattapoisett,Massachusetts,Plymouth County,,00000,41.65079264886008,-70.80413607309515,247518.18,6031.63,75941
b7423682-f60f-0662-4b2c-fbaee0e7ced4,2008-08-03,,999-59-6261,S99997304,,Ms.,Mercy752,,Orn563,,,,white,nonhispanic,F,Haverhill  Massachusetts  US,253 Roob Corner,Stoneham,Massachusetts,Middlesex County,25017,02180,42.510459264200485,-71.07150842965518,63508.93,640624.13,190850
1c282100-01dd-45e8-282b-9f7e3cf47457,1952-05-25,,999-30-9245,S99947344,X85110322X,Mr.,Carmelo33,Noah480,Von197,,,D,white,nonhispanic,M,Wilbraham  Massachusetts  US,218 Weimann Terrace Apt 84,North Scituate,Massachusetts,Plymouth County,25023,02060,42.24207801927449,-70.74683203447786,219541.62,30960.03,67722
eebb7bdf-ee6f-0a64-4713-7ec5fff79ce2,1962-07-07,2014-03-17,999-94-8442,S99993854,X50867536X,Mr.,Dudley365,,Hayes766,,,M,white,nonhispanic,M,Worcester  Massachusetts  US,723 Watsica Haven,Chelmsford,Massachusetts,Middlesex County,,00000,42.557481692653994,-71.32217147987612,121761.70,3722716.69,172496
f7bffdff-9a9c-0f40-0854-d61ff1733acc,1978-09-14,,999-36-3717,S99926231,X90000565X,Mr.,Roy364,Johnie961,Johnson679,,,D,asian,nonhispanic,M,Springfield  Massachusetts  US,583 Wisoky Meadow,Holyoke,Massachusetts,Hampden County,25013,01040,42.16262296181768,-72.63333823911819,162746.14,0.00,35554
baedaf58-f209-3209-93a2-236763cc3451,1971-07-26,,999-91-8371,S99940431,X29238254X,Mrs.,Lori426,Kathi607,Hermiston71,,Gulgowski816,M,white,nonhispanic,F,Billerica  Massachusetts  US,760 Lindgren Park,Seekonk,Massachusetts,Bristol County,,00000,41.84523372009363,-71.30731944496388,12666.30,660131.48,16899
f203d783-b716-ed53-e8af-303914950171,1972-02-21,,999-77-5953,S99995578,X44438840X,Mr.,Sid118,Vince741,Cummerata161,,,M,white,nonhispanic,M,Gloucester  Massachusetts  US,1084 Schaefer Dam Apt 60,Winthrop,Massachusetts,Suffolk County,25025,02128,42.35943954111359,-70.9698948822191,10338.59,123979.78,15530
08e5cdf8-3bb4-2577-a552-130090b0ec15,1956-09-03,2003-01-30,999-95-7555,S99924221,X39403483X,Mr.,Teodoro374,Bryon392,VonRueden376,,,M,white,nonhispanic,M,East Bridgewater  Massachusetts  US,1095 Nolan Mews Apt 70,Dennis Port,Massachusetts,Barnstable County,25001,02639,41.67112322155016,-70.10198002921668,13009.12,216504.79,12924
fb0a13a4-59a2-0d1f-03df-a4304ce7003a,1962-07-07,,999-54-7239,S99983146,X15576830X,Mr.,Jason347,Carey440,Harris789,,,M,white,nonhispanic,M,Holden  Massachusetts  US,788 Thiel Gardens,Chelmsford,Massachusetts,Middlesex County,,00000,42.57242326358553,-71.35982516780064,207828.37,605708.60,172496
cd3f735e-eaf1-f408-04f2-ba6ad88a407d,1994-04-09,,999-97-8724,S99919140,X47535482X,Mrs.,Nelly786,Pennie519,Fahey393,,Bauch723,M,white,nonhispanic,F,Rehoboth  Massachusetts  US,562 Dach Flat,Medford,Massachusetts,Middlesex County,25017,02155,42.380575290801964,-71.14448332342742,465025.55,40775.29,91968
426a83b0-92cf-fb88-cc2a-2552432446fd,1956-09-03,,999-20-8852,S99984153,X30460695X,Mr.,Lanny564,Julius90,Metz686,,,M,white,nonhispanic,M,Walpole  Massachusetts  US,249 White Common,Dennis Port,Massachusetts,Barnstable County,25001,02639,41.66033445187863,-70.126893279621,25899.01,497569.39,12924
9412ded1-bd84-8de3-2f7b-c9dd0b21ff52,1990-08-14,,999-68-5057,S99921520,X68344432X,Mrs.,Juana825,Carlita746,Turcotte120,,Stanton715,M,white,nonhispanic,F,Yarmouth  Massachusetts  US,341 Hilpert Knoll Suite 24,Boston,Massachusetts,Suffolk County,25025,02124,42.418973780364986,-71.02135583815534,13475.88,1396571.22,16570
0aecda31-1681-67ee-f603-1ea0fedfdcbb,1965-09-28,,999-51-5780,S99927448,X71152365X,Mrs.,Golden321,,Davis923,,Howe413,D,white,nonhispanic,F,Reading  Massachusetts  US,184 Corkery Ranch,Pittsfield,Massachusetts,Berkshire County,25003,01201,42.40273487049817,-73.29816224684404,895852.31,566681.46,42271
2c40570f-fb2e-acc2-05d1-fb0018e93f09,1993-12-14,,999-81-8100,S99977511,X78292707X,Mrs.,Alaina222,Barrie587,Conroy74,,Schumm995,M,white,nonhispanic,F,Boston  Massachusetts  US,872 Lindgren Dam,Boston,Massachusetts,Suffolk County,25025,02163,42.41001552537886,-71.07844944669691,156504.81,142293.50,94057
cc77d72d-5c99-3318-ca46-0841be548977,1980-10-06,,999-14-8622,S99975700,X59678341X,Mr.,José3,,Zarate81,,,M,black,hispanic,M,Santiago de los Caballeros  Santiago  DO,990 Romaguera Course,Peabody,Massachusetts,Essex County,25009,01940,42.5206297166798,-70.93856529698992,429183.94,305542.89,49246
f956f8e2-d809-10f4-b9e6-08ff351e1dbb,1968-02-23,,999-60-9621,S99936852,X15837113X,Mrs.,Dyan186,,Nitzsche158,,Botsford977,D,white,nonhispanic,F,Munich  Bavaria  DE,380 Stokes Terrace Unit 19,Hull,Massachusetts,Plymouth County,25023,02045,42.32127366935732,-70.95097164027982,180367.45,902250.82,295001
edf7fb96-5b43-6068-5fd5-9078a46d2677,1974-01-16,,999-26-6088,S99922273,X42390950X,Mr.,Dewitt635,Michal596,Brekke496,,,M,white,nonhispanic,M,Boston  Massachusetts  US,812 McKenzie Trail Suite 3,Lawrence,Massachusetts,Essex County,25009,01841,42.71553079128254,-71.120865792132,128039.98,106929.98,26978
54716658-521c-4fcf-22c6-9e7d19b39936,1995-02-08,,999-82-3454,S99938031,X01215334X,Mr.,Tanner110,Harold594,Little434,,,M,white,nonhispanic,M,Framingham  Massachusetts  US,196 Stokes Ferry,Billerica,Massachusetts,Middlesex County,,00000,42.57957598733965,-71.23188512423657,5181.41,88477.69,13489
e9ce2dfb-6bb3-6117-1d0c-2621a0ce31ee,2001-09-26,,999-45-9290,S99996465,X07407258X,Ms.,Kathlyn335,Tommy814,Goodwin327,,,,white,nonhispanic,F,Newton  Massachusetts  US,1020 Russel Manor,Rutland,Massachusetts,Worcester County,25027,01543,42.34770306543713,-71.99364241107403,119897.55,295037.98,67383
4db30a78-ac2f-634f-72bd-474516adecea,1976-05-24,,999-53-7149,S99911626,X05720795X,Mrs.,Britney439,Concetta811,McCullough561,,Koelpin146,M,white,nonhispanic,F,Mansfield  Massachusetts  US,840 Reinger Lodge Suite 93,Sutton,Massachusetts,Worcester County,,00000,42.13822275928442,-71.7989850200964,330640.57,168137.35,100948
8da23e80-c836-9994-39f0-d4710760e827,1977-04-20,,999-45-1563,S99917046,X74756190X,Mr.,Otto672,Hung902,Harvey63,,,M,white,nonhispanic,M,Cambridge  Massachusetts  US,319 Schimmel Well,Fairhaven,Massachusetts,Bristol County,,00000,41.66730709563702,-70.848260902092,10532.96,693473.76,21850
76742323-fd4e-c83d-4e06-531cda6bc30e,1974-07-04,,999-60-4251,S99935344,X56765195X,Mr.,Tomás404,Hugo693,Romo23,,,M,asian,hispanic,M,Puebla  Puebla  MX,612 Effertz Throughway Apt 81,Peabody,Massachusetts,Essex County,25009,01940,42.504811543830314,-70.92586826845007,238392.06,19915.95,99847
cea8f647-0127-134a-4b70-084e12743fa4,2007-05-06,,999-62-9853,S99984056,,Ms.,Enedina292,Rayna237,Leuschke194,,,,white,nonhispanic,F,Winchester  Massachusetts  US,979 Kris Corner Unit 28,Boston,Massachusetts,Suffolk County,25025,02132,42.31505609874191,-71.03397874866164,39085.75,33026.07,47363
dd906957-84d2-82ac-a054-5f4e8931c3e8,2020-03-03,,999-13-3529,,,,Jacelyn576,Kelsi424,Kessler503,,,,white,nonhispanic,F,Boston  Massachusetts  US,141 Predovic Quay,Mansfield Center,Massachusetts,Bristol County,,00000,41.974950633268726,-71.18722539084867,15370.05,507.81,85366
f04d82e1-db99-f67a-e12c-40ca01083f65,1995-04-17,,999-64-8838,S99969353,X52538168X,Mr.,Cyrus914,Javier97,Grimes165,,,M,white,nonhispanic,M,Westfield  Massachusetts  US,206 Lehner Overpass,Gloucester,Massachusetts,Essex County,25009,01930,42.60737616728174,-70.67703003209203,82516.82,32118.63,44448
22f5e83c-3722-0fb1-f50f-d9a5bc58b0a0,1988-10-31,,999-31-2490,S99912617,X01019544X,Mrs.,Dean966,Sharyl439,Haley279,,Emard19,M,white,nonhispanic,F,Lawrence  Massachusetts  US,967 Hoppe Promenade Unit 24,North Andover,Massachusetts,Essex County,,00000,42.62931000548968,-71.05181844489714,272263.57,696825.53,316598
ca469577-236c-b353-7fa1-390c644a8a45,1918-09-07,1977-01-13,999-65-4422,S99946650,X99989967X,Mr.,Bobbie849,,Johns824,,,M,white,nonhispanic,M,Forestdale  Massachusetts  US,630 Ortiz Throughway,Attleboro,Massachusetts,Bristol County,25005,02703,41.864521919968354,-71.31950993404931,237784.88,794662.24,187649
c611d76f-9194-ac74-2a22-d229bb7c2995,1999-11-20,,999-95-3246,S99994206,X22527798X,Mr.,James276,Asa127,Bode78,,,,white,nonhispanic,M,Milton  Massachusetts  US,761 Hegmann Viaduct,Hopkinton,Massachusetts,Middlesex County,25017,01748,42.217319413010586,-71.52745159168877,119174.39,536538.83,253750
e9075f73-f935-58c2-35d4-3080bdca13c6,1997-05-29,,999-49-9622,S99958327,X71457854X,Mrs.,Leonor133,,Roque844,,Vallejo39,M,white,hispanic,F,Panama City  Panama  PA,930 Murphy Row,Rockport,Massachusetts,Essex County,25009,01966,42.612110390049295,-70.6005879351133,161138.09,340230.16,175982
04d4f635-7494-d100-a92a-5b118079cfc5,1918-09-07,1965-01-03,999-14-9814,S99931000,X51038450X,Mr.,Mario764,Dominique369,Walker122,,,D,white,nonhispanic,M,Boston  Massachusetts  US,226 Maggio Bypass,Attleboro,Massachusetts,Bristol County,44007,02861,41.875653938624424,-71.3167120717386,69924.09,100521.72,187649
0c2fe377-721a-0912-a467-bc73bd177385,1961-06-12,,999-90-7673,S99924621,X36154841X,Mr.,Ernie189,Erwin847,Walter473,,,M,white,nonhispanic,M,Reading  Massachusetts  US,490 Hauck Mews Suite 51,Hanson,Massachusetts,Plymouth County,25023,02341,42.07730520034898,-70.9045757547019,251809.72,106614.32,149365
0ec2220f-4980-7b60-1ea7-79d1cee7f81f,2005-03-06,,999-47-4053,S99972235,X57181195X,Ms.,Verónica383,María Soledad68,Brito172,,,,white,hispanic,F,Guatemala City  Guatemala  GT,691 Hilpert Mall Unit 82,Springfield,Massachusetts,Hampden County,25013,01119,42.169178397807315,-72.58269450517078,41124.54,155697.08,83175
4b61ad5b-c324-d3ef-18a1-153e18be0d1e,1954-04-14,,999-14-1478,S99926509,X59187207X,Mrs.,Daisey627,Jutta270,Yost751,,Gerlach374,D,white,nonhispanic,F,Fall River  Massachusetts  US,242 Bailey Well Unit 14,Dartmouth,Massachusetts,Bristol County,,00000,41.60795037833289,-70.91108070982331,22904.97,1015041.71,11617
6f6739a7-5b2a-820c-6787-1e2c371383a2,1968-07-01,,999-15-8685,S99990971,X45278076X,Ms.,Beatriz277,Pilar644,Carrasquillo418,,,S,white,hispanic,F,Guatemala City  Guatemala  GT,1093 Ullrich Throughway,Worcester,Massachusetts,Worcester County,25027,01606,42.245708925503884,-71.80961338245417,317081.13,1299165.65,32517
33407957-1bdd-9eff-c943-b88ffe09ca41,2002-09-24,,999-55-1098,S99991630,X60898819X,Ms.,Tina856,,Weber641,,,,black,nonhispanic,F,Wellesley  Massachusetts  US,210 Kutch Well Apt 19,South Amherst,Massachusetts,Hampshire County,,00000,42.35794967980565,-72.51174190525371,5324.62,76702.01,3530
9bfa7e93-178b-06d7-b892-27ef768a560b,1970-10-16,,999-33-9436,S99952459,X57504660X,Mrs.,Carina240,,Schultz619,,Rodriguez71,M,white,nonhispanic,F,Somerville  Massachusetts  US,405 Hickle Brook Apt 35,Shrewsbury,Massachusetts,Worcester County,,00000,42.3338016983812,-71.74570772164606,169936.75,716285.09,196002
9a08bfef-7c6c-fccd-3fe2-2111a0198d09,2004-11-25,2007-10-01,999-43-9950,,,,Sherice231,Alysa236,Keebler762,,,,white,nonhispanic,F,Barre  Massachusetts  US,481 Lang Esplanade Apt 4,Boston,Massachusetts,Suffolk County,25025,02114,42.308026515393216,-71.05126766277424,8267.68,0.00,111738
7a3d3afc-0a17-186a-54db-191f4da3260c,2012-06-05,,999-19-7809,,,,Laura391,Elsa29,Páez758,,,,other,hispanic,F,Wesley  Saint Andrew Parish  DM,599 Sipes Throughway,Bridgewater,Massachusetts,Plymouth County,25023,02324,41.98103868458706,-71.01257071556356,54273.56,0.00,41650
48c542dc-b5d8-55f1-ad4f-cc7bf1694b07,1918-09-07,,999-55-3748,S99971084,X95597338X,Mr.,Johnie961,Zachary28,Nikolaus26,,,M,white,nonhispanic,M,Sharon  Massachusetts  US,201 Hand Street Suite 59,Attleboro,Massachusetts,Bristol County,25005,02703,41.90286431600548,-71.3231544228486,96893.03,419493.31,187649
656e4e51-9e36-643d-d337-f7c97caf7f16,2004-11-25,,999-33-2398,S99971176,X23319406X,Ms.,Galina98,Valencia279,Beatty507,,,,white,nonhispanic,F,Quincy  Massachusetts  US,714 Rolfson Meadow Unit 86,Boston,Massachusetts,Suffolk County,25025,02215,42.31371680951366,-71.06487643578629,213124.70,11605.58,111738
4e6a8fab-59ce-8acd-c36b-86640bce22bb,1973-01-04,,999-83-8345,S99993545,X02356848X,Mr.,Clifford177,Coleman27,Wilkinson796,,,D,asian,nonhispanic,M,Hong Kong  Hong Kong Special Administrative Region  CN,203 Wyman Estate Unit 73,Woburn,Massachusetts,Middlesex County,25017,01890,42.52850888601398,-71.17731231021656,231227.04,0.00,107974
2828ab01-bd8b-cacd-99f4-d5b7433f27e4,1977-04-23,,999-85-7515,S99972047,X31562892X,Mrs.,Pamella8,Kyoko885,Farrell962,,McKenzie376,M,white,nonhispanic,F,Walpole  Massachusetts  US,794 Carroll Divide,Somerville,Massachusetts,Middlesex County,25017,02140,42.35946148481221,-71.14136693681047,786605.06,217002.67,68677
82466f4a-aaf7-4a9a-2c3b-bc70aac31dbf,1986-11-28,,999-40-7532,S99965449,X12109696X,Mrs.,Georgie506,Adell482,Graham902,,Robel940,D,white,nonhispanic,F,Woburn  Massachusetts  US,629 Nienow Promenade Suite 75,Raynham,Massachusetts,Bristol County,,00000,41.89927914154409,-71.00916475317521,145072.07,701095.63,27169
4588fa46-e0e7-af96-d334-935100b2ad0f,1981-11-08,,999-32-1722,S99967782,X51850281X,Mr.,Cliff504,Kasey569,Jacobs452,,,M,white,nonhispanic,M,Boston  Massachusetts  US,989 Huel Parade Unit 11,Bridgewater,Massachusetts,Plymouth County,25023,02324,41.99337207260045,-71.0160686861172,88846.61,5029.57,145833
a387c936-6b53-a580-f93e-89557d7f6e87,1971-09-25,,999-27-9005,S99990638,X91439847X,Mr.,Nickolas58,Hal307,Hauck852,,,M,white,nonhispanic,M,Newton  Massachusetts  US,145 Larkin Heights,Springfield,Massachusetts,Hampden County,25013,01108,42.12487691049094,-72.51413207092783,15591.65,296112.51,16720
aca3ea38-7730-864d-9c2d-6475d55c222b,1952-10-09,2020-01-16,999-54-1540,S99990193,X78006039X,Mr.,Tyler508,Damion480,Konopelski743,,,S,white,nonhispanic,M,Bourne  Massachusetts  US,104 Jacobson Landing Unit 0,Waltham,Massachusetts,Middlesex County,25017,02452,42.37408263092263,-71.27371320822493,173908.52,31235.95,103674
a6c8b5c3-bbd5-6dbd-d420-e0b00ff3c0ff,1965-05-26,,999-46-9676,S99952585,X89376832X,Mr.,Sidney996,Alonso270,Cassin499,,,M,white,nonhispanic,M,Westwood  Massachusetts  US,856 Goyette Track Suite 56,Attleboro,Massachusetts,Bristol County,44007,02861,41.97158478232231,-71.28973066199238,12550.41,207701.01,12370
691296a3-dd81-e73d-60bf-28a6c2408c51,1967-04-29,,999-65-8849,S99986224,X83918861X,Ms.,Sharolyn456,,Robel940,,,S,white,nonhispanic,F,Stoneham  Massachusetts  US,428 Kling Center,South Lancaster,Massachusetts,Worcester County,25027,01561,42.41556948829937,-71.6778958331834,202230.02,861941.66,860142
d0423da6-4905-7ca9-68ff-cc1654f22638,2006-10-06,,999-37-3945,S99983179,,Ms.,Janiece99,Marilee479,Torp761,,,,white,nonhispanic,F,Everett  Massachusetts  US,824 Bins Skyway Apt 71,Springfield,Massachusetts,Hampden County,25013,01020,42.14138128317715,-72.47623031168838,64846.84,17554.64,55175
ca60042a-0be7-1264-a9c2-16214d8c616b,2016-07-15,,999-76-5345,,,,Isaias604,Troy560,Aufderhar910,,,,white,nonhispanic,M,Northfield  Massachusetts  US,445 Miller Village,Scituate,Massachusetts,Plymouth County,25023,02066,42.2193259644868,-70.74061524681305,22087.87,296.88,709411
582f43d9-a886-87ca-3db3-0ed2ef9e881f,1998-03-01,,999-84-2275,S99971723,X72279044X,Mr.,Billie243,Jessie665,Paucek755,,,S,white,nonhispanic,M,Greenfield  Massachusetts  US,668 Schuppe Park,Somerset,Massachusetts,Bristol County,25005,02725,41.77065317374191,-71.11529589238782,75710.54,35671.50,29404
3c23b2cd-a7b6-d1ac-cc00-e0be0a527bac,1970-06-23,,999-22-8129,S99910692,X69035620X,Mrs.,Shayna64,Hedy234,Gottlieb798,,O'Reilly797,M,white,hispanic,F,Weston  Massachusetts  US,466 D'Amore Bridge,Agawam,Massachusetts,Hampden County,25013,01001,42.02436247259729,-72.62334949028349,516915.83,159779.64,102392
5403211c-5a67-96ce-9d3e-7a83f3db7fbf,1970-04-26,,999-22-7700,S99953683,X55550021X,Mr.,Del587,Theodore876,Murray856,,,S,asian,nonhispanic,M,Somerset  Massachusetts  US,311 Franecki Park,Ludlow,Massachusetts,Hampden County,,00000,42.141377579614435,-72.42556579157916,180308.57,485910.99,116276
4cb588de-40fd-4a5d-1b31-ce7c860f51ab,1976-05-29,,999-72-5965,S99952988,X02479075X,Mrs.,Kera17,Shyla233,Eichmann909,MD,Hudson301,M,white,nonhispanic,F,Needham  Massachusetts  US,380 Leuschke Rapid Suite 42,Boston,Massachusetts,Suffolk County,25025,02120,42.25947905974937,-71.11268656361149,558588.06,65146.71,70976
8fee9845-7208-fe90-462d-a8da2c32c531,1966-01-17,,999-27-8831,S99972243,X01150702X,Mr.,Clay913,Reinaldo138,Keeling57,,,D,white,nonhispanic,M,Bridgewater  Massachusetts  US,1020 Hilll Mill Unit 88,Arlington,Massachusetts,Middlesex County,25017,02476,42.378474733610155,-71.1871938021867,124281.43,42542.73,73271
097c8634-bc4a-4660-ff1e-fa6778cca8aa,1965-05-18,,999-70-8784,S99922612,X12102629X,Mr.,Ali918,Gus973,Pfannerstill264,,,D,white,nonhispanic,M,Wareham  Massachusetts  US,276 Lowe View Suite 50,Southampton,Massachusetts,Hampshire County,,00000,42.26016625169338,-72.73190987531724,186759.27,76799.47,105608
7b994fae-4c0a-c33c-4eda-45709cdf87f9,1999-03-07,,999-55-6256,S99963936,X02946830X,Mr.,Moshe758,Carmen818,Russel238,,,,white,nonhispanic,M,Quincy  Massachusetts  US,237 Stoltenberg Viaduct,New Bedford,Massachusetts,Bristol County,25005,02746,41.68823793539699,-70.89620498975425,101128.73,7771.90,55594
3d24c467-372b-79bb-dd36-95a8e4ba41c6,1983-10-10,,999-63-1269,S99962247,X63318020X,Mrs.,Rosalie939,Lupe126,Cummings51,,Mosciski958,M,white,hispanic,F,Quincy  Massachusetts  US,792 Tromp Track Suite 27,Longmeadow,Massachusetts,Hampden County,25013,01106,42.05920869116462,-72.6139498450225,15156.10,1059927.41,20517
0cc274d0-475a-423b-1638-9980dce51e2e,1996-11-17,,999-96-7029,S99942162,X37941348X,Mrs.,Felicidad691,Shenna471,Cartwright189,,Mann644,M,black,nonhispanic,F,Peabody  Massachusetts  US,914 Stroman Port,Boston,Massachusetts,Suffolk County,25025,02128,42.41070922248764,-71.0279445289385,156824.68,298025.10,138322
7d677a2b-feda-32ea-f33f-418f6d904697,1967-06-24,,999-24-5775,S99946419,X10245859X,Mr.,Dusty207,Antonio44,Lockman863,,,S,white,nonhispanic,M,Pittsfield  Massachusetts  US,634 Hahn Common,Springfield,Massachusetts,Hampden County,25013,01105,42.11771281922199,-72.52090089110825,65321.98,144911.22,88305
7b417880-b77a-3f35-96d2-ef626e4e1b99,2007-06-24,,999-13-2563,S99911512,,Mr.,Darrin898,Leandro563,Becker968,,,,white,nonhispanic,M,Revere  Massachusetts  US,564 Zemlak Meadow Apt 44,Billerica,Massachusetts,Middlesex County,,00000,42.60023871471991,-71.21432242777801,65728.63,5443.17,142222
257a3bb1-f17a-ac00-3b8d-78c0f18ae1f7,2004-09-29,,999-48-2309,S99987826,X21358625X,Ms.,Bee658,,Lowe577,,,,white,nonhispanic,F,Quincy  Massachusetts  US,424 Jacobi View,Boston,Massachusetts,Suffolk County,25025,02120,42.37658489667356,-71.01572536457563,5527.40,309160.83,3550
7df0026c-a5bb-c971-9cd9-17747da769f9,1993-04-30,,999-95-7812,S99951751,X17725336X,Mr.,Rodney21,Alec433,Hermann103,,,S,white,nonhispanic,M,Arlington  Massachusetts  US,953 Will Corner,Berlin,Massachusetts,Worcester County,,00000,42.3829060329726,-71.65044025911698,80248.82,40616.52,94224
72f6409f-7944-861a-292c-30fdc4159185,1992-12-23,,999-98-2819,S99969622,X79906396X,Mr.,Doyle959,,Oberbrunner298,,,M,black,nonhispanic,M,Leominster  Massachusetts  US,637 Nikolaus Key,Boston,Massachusetts,Suffolk County,25025,02128,42.31697504536207,-71.09884913107996,8762.91,776342.70,2181
3edea87d-6e0d-79a6-6801-d85b62a4134f,2016-02-16,,999-46-2090,,,,Keren761,,Ledner144,,,,white,nonhispanic,F,Sterling  Massachusetts  US,1075 Terry Harbor,North Eastham,Massachusetts,Barnstable County,25001,02651,41.88227296739656,-69.95821801643469,20461.60,2049.48,42645
e4ec0594-39df-ff2f-28f1-93e2088245a0,2017-11-09,,999-11-8709,,,,Angeline97,Tanesha560,Altenwerth646,,,,white,nonhispanic,F,Middleborough  Massachusetts  US,573 Shields Bypass,Bridgewater,Massachusetts,Plymouth County,25023,02324,41.98162400148027,-70.95837880405287,29334.53,860.09,126853
ab7e37ae-2811-19dd-465a-a189cc269ebf,1969-05-02,,999-60-6171,S99918011,X95744511X,Mr.,Winfred745,Romeo514,Weissnat378,,,W,white,nonhispanic,M,Worcester  Massachusetts  US,597 Smith Village,Dudley,Massachusetts,Worcester County,,00000,42.07281192951085,-71.95293665173122,339637.26,123651.71,42392
3b58c22a-db38-34e9-b3ad-8a4e35977f8a,1979-07-14,,999-40-8370,S99928118,X98412090X,Mr.,Johnie961,Omar359,Beatty507,,,M,hawaiian,nonhispanic,M,Medway  Massachusetts  US,917 Rowe Run,Boston,Massachusetts,Suffolk County,25025,02116,42.34609538083157,-71.0464378284141,432046.92,259312.03,93836
e4767cca-f101-ec19-8b8c-041c183bf820,1963-06-13,,999-59-4484,S99964318,X58497386X,Mrs.,Leandra549,,Windler79,,Yundt842,D,white,nonhispanic,F,Berkley  Massachusetts  US,864 Balistreri Viaduct Apt 58,North Reading,Massachusetts,Middlesex County,,00000,42.558816692730055,-71.12670382529419,300855.80,1199619.48,168699
fdd60ddf-d635-1da1-94a1-2cb19dd00cd1,1952-10-09,,999-44-4453,S99979855,X80706654X,Mr.,Wade235,Ernie189,Koelpin146,,,M,white,nonhispanic,M,Belmont  Massachusetts  US,933 Legros Junction Suite 52,Waltham,Massachusetts,Middlesex County,25017,02472,42.39394800670047,-71.27286224504553,233802.77,839225.05,103674
f0d201ea-ce38-679a-277d-d28dedace230,1994-07-19,,999-39-9853,S99940643,X00145874X,Mr.,Francisco472,Kelley882,Vandervort697,,,M,black,nonhispanic,M,Lynn  Massachusetts  US,197 Crooks Gardens,Boston,Massachusetts,Suffolk County,25025,02203,42.290888900697794,-71.06490807239774,71864.79,995.19,419313
ddc01927-93cf-eeb0-5338-144708530d23,1988-06-18,,999-43-7983,S99916887,X81546356X,Mr.,Coleman27,Norman647,Hegmann834,,,M,white,nonhispanic,M,Sherborn  Massachusetts  US,828 Lubowitz Port Apt 55,North Adams,Massachusetts,Berkshire County,25003,01247,42.68527287785228,-73.09228805301107,15016.24,94016.69,80166
c14815db-8de8-525e-3b28-5288a257d35a,2025-02-23,,999-83-1686,,,,Raquel318,Ligia986,Quitzon246,,,,white,nonhispanic,F,Mansfield  Massachusetts  US,606 Walter Meadow,Charlton,Massachusetts,Worcester County,,00000,42.09229256137167,-71.99271133174722,5990.85,0.00,132428
f6efc159-471e-6a1c-578d-33526e418423,1925-09-15,2026-01-16,999-87-6087,S99988953,X03395036X,Mr.,Noel608,Del587,Casper496,,,D,black,nonhispanic,M,Quincy  Massachusetts  US,356 Carroll Promenade,Chelsea,Massachusetts,Suffolk County,25025,02151,42.43592696396642,-70.96088295629602,74683.75,1592398.18,16198
ed99d59f-4659-5af0-e440-1502c12a0843,1959-04-24,,999-68-2803,S99921802,X47075460X,Mrs.,Norma469,,Santana368,,Meléndez48,M,white,hispanic,F,Marigot  Saint Andrew Parish  DM,302 Spencer Common,Boston,Massachusetts,Suffolk County,25025,02113,42.3121517765522,-71.00816299117534,163507.48,1064013.83,4994
51897b09-5206-043a-73cd-3986359de5c6,1925-09-15,1968-02-01,999-92-3323,S99950812,X90080982X,Mr.,Calvin845,Kelly223,Reynolds644,,,M,black,nonhispanic,M,Lexington  Massachusetts  US,415 Larson Grove,Chelsea,Massachusetts,Suffolk County,25025,02150,42.382288923564495,-71.06067646490818,9068.21,151490.52,16198
ddd4b875-6c5d-1396-ad84-d7b120430cb6,1978-09-08,,999-68-3038,S99945689,X82836918X,Mrs.,Louvenia131,Keshia89,Rath779,,Terry864,D,other,nonhispanic,F,West Springfield  Massachusetts  US,1003 Rutherford Camp,Weymouth,Massachusetts,Norfolk County,25021,02190,42.23566565040447,-70.96828275767518,350035.68,285812.94,116081
cb593efa-6af3-573b-18dc-f670723c5ed9,1963-12-29,,999-55-1290,S99965117,X67652732X,Mrs.,Salome647,,Champlin946,,McCullough561,D,white,nonhispanic,F,Stoneham  Massachusetts  US,663 Ratke Port,Holyoke,Massachusetts,Hampden County,25013,01040,42.16844665442776,-72.6178362250465,57626.71,812522.17,372670
3289a988-cdc2-e0a8-cd3b-2d0d88fe2e4a,1992-01-11,,999-56-3435,S99941067,X51489282X,Mrs.,Lekisha909,Kristy290,Renner328,,Nitzsche158,M,black,nonhispanic,F,Rutland  Massachusetts  US,754 Leannon Ferry,Medford,Massachusetts,Middlesex County,25017,02155,42.34278318438165,-71.05024122328032,172769.93,608127.35,39526
ade0fec5-e42f-5199-89d1-db955f176c2f,1991-08-15,,999-85-5911,S99931494,X26681898X,Ms.,Gabriela205,Siobhan540,Daniel959,,,S,white,nonhispanic,F,Fiskdale  Massachusetts  US,835 Schuppe Gate Suite 20,Medford,Massachusetts,Middlesex County,25017,02155,42.35724170109269,-71.09285675048498,174826.05,861156.22,27659
b122005a-91d9-7e97-c3c1-dfbf06f16620,2014-02-19,,999-35-5359,,,,Larraine124,Lala778,King743,,,,white,nonhispanic,F,Brookline  Massachusetts  US,227 Murazik Loaf,Rockland,Massachusetts,Plymouth County,,00000,42.08653695777927,-70.87545461581703,34423.41,737.90,114793
d344bec1-fd8e-6781-8588-dac336e264ed,2024-03-25,,999-77-1233,,,,Irena775,Dennis979,Bergstrom287,,,,white,nonhispanic,F,Great Barrington  Massachusetts  US,242 Senger Common Suite 97,Hardwick,Massachusetts,Worcester County,,00000,42.321183476445555,-72.17005774469001,11287.66,0.00,117302
d6525c4f-8667-48cf-d4ce-b6d410759df2,2015-01-04,,999-28-7905,,,,Josefine519,,Hessel84,,,,white,nonhispanic,F,Everett  Massachusetts  US,614 Padberg Port Unit 83,Bellingham,Massachusetts,Norfolk County,25021,02019,42.03611685638038,-71.4577937755579,16228.38,0.00,168024
9c404b6f-4784-7960-6800-7c0a83758afb,1963-01-15,,999-89-7724,S99975461,X90489671X,Mr.,Darell496,Judson999,Keebler762,,,D,white,nonhispanic,M,Wellfleet  Massachusetts  US,393 Reichert Street Suite 96,Hanson,Massachusetts,Plymouth County,25023,02341,42.077259306165914,-70.87640852165632,198859.53,32603.18,134802
a5604271-a2fc-2352-f9a1-5d5a5a1dd723,1925-09-15,2000-05-23,999-68-3002,S99947515,X00418492X,Mr.,Andres25,Trey250,Friesen796,,,W,black,nonhispanic,M,Holden  Massachusetts  US,479 Gerlach Flat Apt 17,Chelsea,Massachusetts,Suffolk County,25025,02151,42.37963527116046,-71.08465642831828,16671.27,312870.60,16198
5218b47f-c9fb-ce7d-afa2-641daa85095e,2006-01-08,,999-46-5213,S99983985,X24850663X,Ms.,Yoshiko258,Nada112,Hessel84,,,,white,nonhispanic,F,Wilmington  Massachusetts  US,775 Skiles Run Unit 76,Brookline,Massachusetts,Norfolk County,25021,02446,42.36982142668673,-71.12802962412188,70104.64,662172.07,872412
9537032c-7cd1-9dec-185e-2c9a0facc838,1980-08-05,,999-90-8083,S99984914,X40540586X,Mr.,Emilio417,Emilio417,Nájera755,,,M,white,hispanic,M,Mexico City  Mexico City  MX,236 Powlowski Flat,West Newbury,Massachusetts,Essex County,,00000,42.778613131422595,-70.99681175716691,100941.90,194183.09,88355
39cc3792-d22f-05c9-cc5c-edec93add036,1957-02-02,2024-07-17,999-99-8482,S99963952,X50088129X,Mr.,Alfredo17,Jonas187,Paucek755,,,M,white,nonhispanic,M,Woburn  Massachusetts  US,704 Gleichner Byway Suite 24,Dracut,Massachusetts,Middlesex County,,00000,42.71365074754945,-71.3390820857377,205567.50,90705.82,112477
89c8406c-392b-2b1e-9392-82d80b215736,1925-09-15,1999-09-13,999-41-7142,S99941286,X90499700X,Mr.,Rudolf736,Gavin481,Sporer811,,,M,black,nonhispanic,M,Boston  Massachusetts  US,245 Breitenberg Knoll Suite 26,Chelsea,Massachusetts,Suffolk County,25025,02150,42.399883467385074,-71.04521075486929,17730.51,521230.12,16198
23301a10-ecb0-5c72-e40a-c4f7caad03a3,1969-04-18,2019-08-27,999-59-1943,S99981636,X53205428X,Mr.,Enrique929,Nicolás801,Villareal516,,,M,white,hispanic,M,Carolina  Puerto Rico  PR,967 Herzog Ville,Methuen,Massachusetts,Essex County,25009,01841,42.74175707754083,-71.20700850039778,130201.37,31127.23,87422
92985468-a528-54c7-b735-9fa0860850e3,1970-02-12,,999-70-2371,S99939570,X74533991X,Mr.,Max124,Ed239,Fay398,,,M,white,nonhispanic,M,Westminster  Massachusetts  US,426 Willms Brook,Franklin,Massachusetts,Norfolk County,25021,02038,42.10758994617247,-71.41207902375966,160015.75,36642.03,49199
a6dfa822-1607-4e10-2783-7458b940ab3b,1969-04-18,,999-24-4562,S99928138,X74042672X,Mr.,Octavio643,Nicolás801,Gastélum330,,,D,white,hispanic,M,Lima  Lima Province  PE,941 Mosciski Brook,Methuen,Massachusetts,Essex County,25009,01844,42.735776870230595,-71.13287696452655,124599.69,10215.08,87422
34ea6725-77d5-0652-b2a2-8ee196a9c9f1,2004-12-20,,999-93-8569,S99939474,X55499358X,Mr.,Kennith515,Marlin805,Bartoletti50,,,,white,hispanic,M,Winchester  Massachusetts  US,911 Smith Trace Unit 77,Cambridge,Massachusetts,Middlesex County,25017,02142,42.38852489861545,-71.10696574742475,58713.04,0.00,97040
bf6fdfb3-4184-d3eb-1e39-7e416671bda1,2025-06-05,,999-32-8722,,,,Debroah867,Makeda237,Hartmann983,,,,asian,nonhispanic,F,Fall River  Massachusetts  US,361 Goldner Trafficway Suite 47,Malden,Massachusetts,Middlesex County,25017,02155,42.466515625851045,-71.07345694050021,2813.24,1811.58,92041
26436a21-994d-2a7d-1051-9cfe99bcd927,1925-09-15,,999-84-7396,S99964075,X60822754X,Mr.,Fredrick998,Matt836,Prohaska837,,,D,black,nonhispanic,M,Pembroke  Massachusetts  US,486 Kessler Byway,Chelsea,Massachusetts,Suffolk County,25017,02149,42.437207296569866,-71.00850804060703,18278.82,593745.93,16198
3ce5c973-683f-2165-3433-5af33bd1e3e2,1950-02-22,,999-93-6098,S99930091,X99624308X,Mrs.,Susannah249,Bea654,Mraz590,,Shields502,M,white,nonhispanic,F,Waltham  Massachusetts  US,316 Jaskolski Parade,Braintree,Massachusetts,Norfolk County,25021,02184,42.180442869861984,-71.03664042493986,339658.42,669721.62,34464
804f38c9-7aff-db77-f599-5146d8b5a0e6,1997-02-28,,999-98-2117,S99928159,X09945063X,Mrs.,Lola232,,Duarte203,,Carbajal274,M,white,hispanic,F,Mexico City  Mexico City  MX,942 Bruen Skyway Suite 76,Palmer,Massachusetts,Hampden County,25013,01057,42.17218908458787,-72.3828011719795,175479.75,270606.66,863067
40c65d8e-4324-4d4c-20f7-f3a6172c6f8e,2002-05-30,,999-85-6618,S99916142,X82098005X,Mr.,Darrell400,Bryant814,Douglas31,,,,white,nonhispanic,M,Ludlow  Massachusetts  US,959 Gibson Estate Apt 45,Whitinsville,Massachusetts,Worcester County,25027,01588,42.09692086851783,-71.67240263160426,36045.32,19255.46,31844
e062720e-6530-41e1-bd7b-5f6c53ed0de0,1994-10-23,,999-78-6536,S99997510,X07497912X,Mr.,Hans694,Kelley882,Ledner144,,,M,white,nonhispanic,M,Raynham  Massachusetts  US,606 Bartoletti Loaf,Boston,Massachusetts,Suffolk County,25025,02132,42.38760559491176,-71.04331172610271,122915.85,75349.91,131271
3beee9a7-67de-df81-25a3-810b9ae6172f,1988-04-28,,999-49-6520,S99991271,X27060051X,Mrs.,Rasheeda241,Lanelle105,Daniel959,,Feeney44,M,asian,hispanic,F,Rehoboth  Massachusetts  US,178 Quigley Mission Suite 50,Pinehurst,Massachusetts,Middlesex County,25017,01866,42.521614033097386,-71.25684736703982,177675.89,403226.84,709972
3c88b541-e535-3484-319f-c3dcfc4514e9,1969-06-23,,999-96-6606,S99943744,X00748109X,Mr.,Brice635,Coy949,O'Kon634,,,M,white,nonhispanic,M,Framingham  Massachusetts  US,427 Schmidt Orchard,Plymouth,Massachusetts,Plymouth County,25023,02360,41.87005571896372,-70.58457572223729,159681.66,585996.11,121670
c1e4284a-80ad-dc28-c514-78442aa56acf,2003-02-12,,999-87-7546,S99940609,X63142060X,Ms.,Thea616,,Hackett68,,,,white,hispanic,F,Lowell  Massachusetts  US,270 Adams Brook,South Amherst,Massachusetts,Hampshire County,,00000,42.339387441445524,-72.48648813691301,5542.40,110648.90,9371
4dd5cdf5-f2c6-6996-a270-23d79c6cf9ec,1970-09-08,,999-71-7508,S99998522,X73969373X,Mr.,Augustus49,Delbert384,Hagenes547,,,M,white,nonhispanic,M,Cambridge  Massachusetts  US,1096 Block Ville,Worcester,Massachusetts,Worcester County,25027,01606,42.27019172610109,-71.78952114219379,126740.99,15786.45,71281
f6a7b0eb-a395-0b87-3b16-b2a16bb7dab7,2020-08-10,,999-97-2049,,,,Fay398,Amber507,Jenkins714,,,,white,hispanic,F,Newton  Massachusetts  US,246 Johnston Arcade,Taunton,Massachusetts,Bristol County,25005,02718,41.9421323439743,-71.14391209777361,900.00,24922.20,14167
aa5e261b-5c58-177f-93b7-7069c0223e53,2010-06-05,,999-95-1344,S99923547,,,Sudie246,Rosanna866,Herzog843,,,,white,nonhispanic,F,Stoughton  Massachusetts  US,331 Schowalter Way Apt 85,Fall River,Massachusetts,Bristol County,25005,02790,41.700383050619266,-71.11200720195858,3058.49,55859.25,24536
0e62cb5c-d894-e9d2-1506-414503348d71,1999-04-16,,999-79-3423,S99937157,X08253537X,Mr.,José Luis472,,Beltrán716,,,,white,hispanic,M,Wesley  Saint Andrew Parish  DM,351 Lehner Lodge,Boston,Massachusetts,Suffolk County,25025,02127,42.38658317400903,-71.0236203895363,44149.68,44462.91,179368
a2dbe6fd-c69b-e393-8b7a-43a9764dcd19,2020-10-12,,999-38-8688,,,,Tracee120,Buffy238,Schultz619,,,,white,nonhispanic,F,Lawrence  Massachusetts  US,415 Wolff Tunnel,Sturbridge,Massachusetts,Worcester County,25027,01566,42.09529158047591,-72.10722074980221,15152.16,0.00,95740
f9a0bafd-1be7-0ecb-c417-39266f2e2281,1957-02-02,2025-01-24,999-88-8930,S99944698,X46324677X,Mr.,Tad831,Pat3,Kuvalis369,,,D,white,nonhispanic,M,Milton  Massachusetts  US,696 Doyle Track Apt 63,Dracut,Massachusetts,Middlesex County,,00000,42.63772527176775,-71.34609100417475,93330.87,3753975.78,112477
697034c6-3152-3b6b-1935-149398dd2a4f,1976-05-06,,999-36-6742,S99915756,X36728481X,Ms.,Ok556,Catalina187,Lindgren255,,,S,black,nonhispanic,F,Melrose  Massachusetts  US,1065 Gulgowski Byway Unit 30,Wilmington,Massachusetts,Middlesex County,25017,01887,42.59012883525979,-71.15074977883194,386801.03,388702.07,68465
49f81136-55a5-86a8-1244-e5bebb1d14a6,1999-03-09,,999-73-5580,S99924585,X20875016X,Ms.,Man114,Julian715,Doyle959,,,,native,nonhispanic,F,Brookline  Massachusetts  US,430 Wintheiser Station,Beverly,Massachusetts,Essex County,25009,01915,42.59309523777839,-70.86253769684708,153942.60,170984.45,118501
613241f3-5f13-d1cb-35a4-ed0a21c64543,2019-12-24,,999-87-8395,,,,Orville751,Cleveland582,Russel238,,,,white,nonhispanic,M,Salisbury  Massachusetts  US,706 Bayer Track,New Bedford,Massachusetts,Bristol County,25005,02744,41.728947289348376,-70.93368461559542,2106.10,17219.25,25109
c12a886c-c30d-454a-5dbe-7a157905cf2a,2005-08-11,,999-23-9910,S99968651,X16481082X,Ms.,Shara355,Star250,Bogisich202,,,,black,nonhispanic,F,Boston  Massachusetts  US,981 Strosin Byway Suite 15,Boston,Massachusetts,Suffolk County,25025,02136,42.37987921595665,-71.10808279816963,90801.24,137638.56,458174
fb2af2a2-2684-6a8d-ae5b-4d9daefad95b,1938-11-01,,999-39-4910,S99977551,X72626358X,Mrs.,Ricarda574,Marth98,Pacocha935,,Daugherty69,M,white,nonhispanic,F,Uxbridge  Massachusetts  US,372 King Spur,Weymouth,Massachusetts,Norfolk County,25021,02190,42.23709452474196,-70.95688693059085,346315.06,266486.97,91832
ba77d582-f77a-9495-27bd-2b11cea82358,2009-06-14,,999-12-9254,S99960481,,,Will178,Jerrod232,Leffler128,,,,white,nonhispanic,M,Springfield  Massachusetts  US,932 Eichmann Bypass Suite 36,Danvers,Massachusetts,Essex County,25009,01923,42.53585094796033,-70.93425359170426,45109.89,12444.98,123150
5dd83d30-4723-282f-f266-2de855d660ae,2025-05-31,,999-57-5138,,,,Branden904,Alec433,Hettinger594,,,,white,nonhispanic,M,Marion  Massachusetts  US,331 Kuhlman Orchard,Swansea,Massachusetts,Bristol County,,00000,41.7171673949579,-71.21437468505349,4861.14,0.00,128351
462ceb61-c13f-e875-4797-2c2c4cb571fc,2007-04-12,,999-62-9774,S99969236,,Mr.,Marcelo725,,Waters156,,,,white,nonhispanic,M,Erving  Massachusetts  US,785 Schultz Corner Apt 60,Brockton,Massachusetts,Plymouth County,25023,02302,42.06981503836537,-70.98920420211847,3238.08,45500.86,1099
25970d71-f3eb-b016-edbb-5aacf71bf176,2015-12-04,,999-90-5882,,,,Donnie175,,Kreiger457,,,,asian,nonhispanic,F,Woburn  Massachusetts  US,732 Bogan Boulevard Unit 99,Medford,Massachusetts,Middlesex County,25017,02145,42.44758853843158,-71.08678140740817,16096.43,19351.58,189011
49f1264c-79f3-3893-e710-318f393ac3ba,1999-06-07,,999-34-8617,S99920960,X07974065X,Ms.,Milissa240,,Hintz995,,,,white,nonhispanic,F,Tewksbury  Massachusetts  US,301 Stark Port Suite 82,Marlborough,Massachusetts,Middlesex County,25017,01752,42.37707490056298,-71.55325680194062,142241.79,175930.74,166042
295c37d9-888c-cdcc-4c62-4756c9daf8f5,1957-02-02,2014-07-28,999-60-4230,S99984642,X98352198X,Mr.,Edgardo196,,Hoeger474,,,S,white,nonhispanic,M,Holyoke  Massachusetts  US,378 Mraz Track,Dracut,Massachusetts,Middlesex County,,00000,42.64619669605534,-71.29534456129997,226720.56,107815.90,112477
058e0cc4-93a1-8156-51c6-8ce4d715b67b,2018-10-07,,999-97-1654,,,,Elena945,Victoria535,Carrera906,,,,white,hispanic,F,Caguas  Puerto Rico  PR,672 O'Connell Fork,Andover,Massachusetts,Essex County,25009,01810,42.65914724532843,-71.19335571084505,7314.50,2611.87,82199
68402516-7dd1-4362-c3bb-a1db1fef4213,1997-08-16,,999-81-6988,S99944380,X45036281X,Mr.,Hugo693,Dino214,Cassin499,,,M,white,nonhispanic,M,North Andover  Massachusetts  US,544 O'Conner Ferry,Attleboro,Massachusetts,Bristol County,25005,02703,41.92850557970259,-71.3432375636227,76294.05,581440.42,92148
c7157b96-c9ee-4176-6ed9-be7a133f8f12,2011-05-17,,999-28-1982,,,,Gale827,,Boyle917,,,,white,nonhispanic,M,Norfolk  Massachusetts  US,190 Dibbert Manor,Amherst,Massachusetts,Hampshire County,,00000,42.37248521642412,-72.53779022900154,2787.58,44492.59,4197
c28ea4ec-22d4-c61b-fcbf-8b8043cf54d0,2014-04-05,,999-26-2351,,,,Linsey338,Margery365,Hackett68,,,,white,nonhispanic,F,Norwood  Massachusetts  US,422 Towne Orchard,Bellingham,Massachusetts,Norfolk County,25021,02019,42.0320507254779,-71.42799931598258,20218.26,16974.96,145513
5ab80e03-3efb-393a-09e0-7b23f04bb6f3,1975-03-17,,999-21-5376,S99920439,X06149537X,Mrs.,Felipa93,Adrien235,Spencer878,,Kshlerin58,D,white,nonhispanic,F,Worcester  Massachusetts  US,341 Huel Parade Unit 9,Quincy,Massachusetts,Norfolk County,25021,02186,42.24353136828948,-71.06182095203982,678627.88,211983.73,78523
d27b12dc-0525-7593-e3fa-07e59c565346,2025-12-26,,999-79-9493,,,,Lupe126,Crysta430,Schulist381,,,,white,nonhispanic,F,Amherst Center  Massachusetts  US,160 Schumm Stravenue Apt 95,Ashburnham,Massachusetts,Worcester County,,00000,42.63749932783336,-71.90767334594693,4088.05,0.00,733316
acbc83b1-575a-729e-803c-d96d49dbfc02,1957-02-02,,999-19-1268,S99990614,X50851805X,Mr.,Otha286,Tyler508,Walter473,,,M,white,nonhispanic,M,Holden  Massachusetts  US,724 Turner Mall,Dracut,Massachusetts,Middlesex County,,00000,42.68510746698402,-71.28484504982684,192106.10,53298.29,112477
754bf361-d992-96bd-2d20-a2ae0c21e23f,1971-09-22,,999-87-7959,S99911088,X84829374X,Mr.,Curtis94,,Carroll471,,,M,white,nonhispanic,M,Falmouth  Massachusetts  US,140 Leuschke Key,Bellingham,Massachusetts,Norfolk County,25021,02019,42.11443740468831,-71.4579914082178,136578.69,18540.70,160551
f909cfc8-0eb0-9abf-6182-81223600cef1,2008-01-22,,999-51-2402,S99983791,,Ms.,Zenaida56,Roxie199,Koelpin146,,,,asian,nonhispanic,F,Ipswich  Massachusetts  US,1048 Mohr Boulevard Unit 35,Rutland,Massachusetts,Worcester County,25027,01543,42.3651267149439,-71.95784932751094,63848.39,0.00,69455
ed5b93fb-3544-8cb4-b56c-b178f9865367,1928-12-04,1986-07-05,999-99-4087,S99925983,X72065185X,Mr.,Cory323,,Lehner980,,,M,white,hispanic,M,Barnstable  Massachusetts  US,921 Considine View,West Springfield,Massachusetts,Hampden County,25013,01089,42.077210668993985,-72.67737934146597,122543.86,59061.55,607177
4d1e00a4-bcdd-f365-2a5a-7b41e3b1901e,2007-06-30,,999-54-4876,S99991417,,Ms.,Bianca274,,Schinner682,,,,white,nonhispanic,F,Millis-Clicquot  Massachusetts  US,691 Keebler Lodge Apt 58,Fall River,Massachusetts,Bristol County,25005,02720,41.69321507938637,-70.9728951701531,115739.09,87203.71,40757
74f3f928-dca9-2fe2-c472-37c9a5c50c4a,1928-12-04,1977-11-03,999-19-9237,S99962332,X18444732X,Mr.,Fredrick998,Ty725,Hansen121,,,D,white,hispanic,M,Bellingham  Massachusetts  US,814 Moen Underpass,West Springfield,Massachusetts,Hampden County,25013,01089,42.08697097246564,-72.69730511901864,127841.09,85384.93,607177
5ddec072-c077-0ba0-121e-3efc3087f3c9,1954-01-18,,999-77-5544,S99943583,X56199567X,Mr.,Ernie189,,Frami345,,,D,white,nonhispanic,M,Wenham  Massachusetts  US,508 Schmidt Rapid Suite 63,Eastham,Massachusetts,Barnstable County,,00000,41.80314557873569,-69.97058668303309,574737.75,412541.74,39148
7b756aeb-f16c-d4b5-2629-f51655c929fc,1997-07-04,,999-23-2336,S99997993,X98690980X,Mrs.,Ardath226,,Parker433,,Bednar518,M,white,nonhispanic,F,Billerica  Massachusetts  US,932 Pouros Frontage road,Lexington,Massachusetts,Middlesex County,25017,02420,42.48849418191568,-71.26511342010309,145884.81,95953.57,164511
8109cc70-81ba-3c3e-09c9-3a4c5513450e,1950-04-23,2012-08-21,999-61-7449,S99937069,X46713671X,Mr.,Branden904,Archie818,Zieme486,,,S,black,hispanic,M,Weston  Massachusetts  US,181 Paucek View,Boston,Massachusetts,Suffolk County,25025,02121,42.30742702642441,-71.15117456322433,469662.27,396999.98,36858
5090a7c9-81bd-71be-0ede-db1dd3037204,1998-12-05,,999-27-3748,S99941711,X45169353X,Mr.,Corey514,Rolando809,Stroman228,,,,hawaiian,nonhispanic,M,Danvers  Massachusetts  US,497 Rosenbaum Gardens,Chicopee,Massachusetts,Hampden County,25013,01013,42.15579164260055,-72.56644680170716,501156.33,281556.33,77363
4ac52c36-c047-1d7a-8776-01c8691419d8,2003-02-03,,999-31-2067,S99936967,X94915121X,Mr.,Dewitt635,,Koelpin146,,,,white,nonhispanic,M,Pinehurst  Massachusetts  US,434 O'Connell Tunnel,Orleans,Massachusetts,Barnstable County,25001,02653,41.78073952170956,-70.00889831024267,29261.24,669687.06,575551
76b6ac49-4a6d-32bc-9cd0-dbdf0371b95e,2009-04-30,,999-61-2039,S99950644,,,Monte325,Joaquin141,Mueller846,,,,white,nonhispanic,M,Boston  Massachusetts  US,572 Price Branch Unit 59,Brockton,Massachusetts,Plymouth County,25023,02351,42.08319950004472,-71.01633482376441,3022.27,52443.51,17087
50960bf3-53a8-2ba9-2ce1-74cfed485e1d,1928-12-04,2018-03-26,999-45-4374,S99962054,X77660714X,Mr.,Reid278,Ben667,McGlynn426,,,M,white,hispanic,M,Boston  Massachusetts  US,619 Kirlin Frontage road,West Springfield,Massachusetts,Hampden County,25013,01089,42.08974575271041,-72.63200455854569,185617.28,245532.21,607177
ac32c554-e2b2-21e7-c5e0-dfee9ce2f057,1950-04-23,2019-06-19,999-89-7750,S99978854,X83595297X,Mr.,Dee580,,Collier206,,,D,black,hispanic,M,Milford  Massachusetts  US,829 Kling Park Suite 10,Boston,Massachusetts,Suffolk County,25025,02130,42.36814434048797,-71.05649310279101,219211.66,69243.19,36858
4be404b2-eda8-87de-d3ef-3bdec5f07082,1963-01-27,,999-21-8495,S99948799,X24611278X,Mrs.,Adelaide981,,Kutch271,,Nolan344,M,white,nonhispanic,F,Norwood  Massachusetts  US,661 Simonis Rest,Southampton,Massachusetts,Hampshire County,,00000,42.26754019202535,-72.7713219907355,72741.25,954782.90,153355
82cc1ac2-96c5-63e0-6192-e05de4ce252f,2010-08-15,,999-66-8871,S99972302,,,Chana895,Meryl421,Huel628,,,,white,nonhispanic,F,Millbury  Massachusetts  US,601 Cummings Light Suite 20,Salem,Massachusetts,Essex County,25009,01907,42.52109477223281,-70.8244199340359,71775.97,452010.00,57102
968ed59a-be0b-5e44-b565-56ca54029cd6,1952-10-26,1960-12-07,999-84-2488,,,,Noelle559,Gussie514,Yost751,,,,white,nonhispanic,F,Agawam  Massachusetts  US,798 Hegmann Avenue Unit 7,Monument Beach,Massachusetts,Barnstable County,25001,02553,41.76128062113316,-70.6467898351187,7367.34,16298.28,63499
d667ec5f-b07a-ce9a-cc88-c303ab4bb3f1,1928-12-04,1997-06-22,999-48-3473,S99917747,X14845813X,Mr.,Chi716,Chas63,Reichert620,,,M,white,hispanic,M,Everett  Massachusetts  US,584 Ledner Plaza,West Springfield,Massachusetts,Hampden County,25013,01089,42.14044782465758,-72.69575392698407,195451.72,142016.67,607177
5aa4c250-df17-50c0-4e41-5426ce233d55,1940-03-03,2017-03-19,999-57-4007,S99928520,X44603102X,Mrs.,Eryn994,Marlen929,Stehr398,,Ferry570,M,white,nonhispanic,F,Framingham  Massachusetts  US,477 Heller Port,Quincy,Massachusetts,Norfolk County,25021,02186,42.27744357832606,-71.10619035705957,1196563.33,621828.32,49867
2e95d509-06a2-0b11-3458-07f574cc2513,1950-04-23,2015-10-23,999-95-3890,S99962403,X45583938X,Mr.,Abram53,Melvin857,Okuneva707,,,D,black,hispanic,M,Boston  Massachusetts  US,1051 Kulas Heights,Boston,Massachusetts,Suffolk County,25025,02135,42.32279369316873,-71.08673860048116,216245.76,133633.84,36858
8905f8e6-c8f1-00d5-7a00-e991eb61c951,1952-10-26,,999-84-7885,S99910834,X54953701X,Mrs.,Mitchell808,Iona921,Goyette777,,Heidenreich818,M,white,nonhispanic,F,Methuen  Massachusetts  US,509 Hegmann Common Unit 94,Monument Beach,Massachusetts,Barnstable County,25001,02553,41.71784055605666,-70.65559785118944,868552.84,154985.58,63499
299445d1-504c-e66f-5c0e-7f834c9946f4,1950-04-23,,999-19-4954,S99933712,X60513375X,Mr.,Giuseppe872,Alva958,Jacobs452,,,D,black,hispanic,M,Marlborough  Massachusetts  US,510 Goldner Branch Suite 31,Boston,Massachusetts,Suffolk County,25025,02119,42.373374508480445,-71.05943547455183,196074.82,91042.17,36858
965c5f7c-337d-da3c-9938-3c08937eed69,1988-06-05,,999-48-5513,S99994080,X00853456X,Mrs.,Cherise743,,Heidenreich818,,Sauer652,M,white,nonhispanic,F,Waltham  Massachusetts  US,397 Luettgen Manor Apt 61,Ludlow,Massachusetts,Hampden County,,00000,42.201084530635924,-72.48862888434827,126547.65,581611.03,834506
fdb0a4c6-0f7d-b60c-9f01-db148e0b853a,1974-01-20,,999-29-4911,S99926164,X78943145X,Mr.,Agustín529,Agustín529,Córdova800,,,M,asian,hispanic,M,Santiago de los Caballeros  Santiago  DO,812 Baumbach Corner Suite 76,Springfield,Massachusetts,Hampden County,25013,01020,42.12220949962022,-72.55488669135391,176232.71,602206.07,45214
1028b00f-f74d-6e3e-3f55-37ac6750bab9,1997-04-19,,999-32-5911,S99948609,X54363496X,Mrs.,Sam879,Zaida719,Funk324,,Bayer639,M,white,nonhispanic,F,Newton  Massachusetts  US,869 Fisher Key,Mashpee,Massachusetts,Barnstable County,,00000,41.577805896618244,-70.53139312310982,139404.79,247841.55,139285
2bd61b7e-8fa7-d8e0-b695-f5a76a87c2f4,1928-12-04,,999-25-5339,S99981820,X22982888X,Mr.,Walker122,Chester802,Rosenbaum794,,,M,white,hispanic,M,Newton  Massachusetts  US,246 Beer Tunnel Unit 32,West Springfield,Massachusetts,Hampden County,25013,01089,42.139601851100565,-72.61859156419044,115847.18,420925.49,607177
a1faaf61-57cf-b683-4255-5b545ef03f76,1997-07-02,,999-30-5092,S99992068,X93689949X,Mrs.,Cheryle584,Nevada145,Williamson769,,Moore224,M,white,nonhispanic,F,Spencer  Massachusetts  US,244 Moore Trailer,Revere,Massachusetts,Suffolk County,25025,02151,42.3948767240697,-71.01066104340912,14789.26,502101.62,19156
c55a93fd-e6a5-a9db-7feb-7dbf876f207e,2022-10-01,,999-85-8520,,,,Audrey678,Gabrielle769,Gutkowski940,,,,white,nonhispanic,F,Winchendon  Massachusetts  US,703 Lockman Fort,Nahant,Massachusetts,Essex County,25009,01908,42.3864876502106,-70.96786488889767,7124.74,5553.36,89472
c7204eb0-08b8-c535-76d4-a1780f84e7f5,2005-05-17,,999-50-4706,S99916897,X02490517X,Mr.,Weldon459,Irvin970,Ebert178,,,,white,nonhispanic,M,Newburyport  Massachusetts  US,406 Jacobi Camp Apt 36,Blackstone,Massachusetts,Worcester County,,00000,42.01424194171762,-71.5153897301579,108414.68,585667.69,54387
3a9118db-9d7b-801a-6c70-25ff2551ef26,1968-09-05,,999-31-3276,S99940811,X46530909X,Mr.,Bobby524,Paul232,Windler79,,,M,white,nonhispanic,M,Boston  Massachusetts  US,413 Johnston Station,Worcester,Massachusetts,Worcester County,25027,01605,42.24608653796485,-71.78715519153549,9887.26,180869.11,13663
63dc83d1-0ddb-b421-6b8e-3a96dc938af7,1962-12-05,,999-23-2881,S99928829,X30738562X,Mrs.,Leeanna836,Kerrie266,Roob72,,Wehner319,M,white,nonhispanic,F,Cambridge  Massachusetts  US,823 Roberts Quay Apt 19,Revere,Massachusetts,Suffolk County,25025,02151,42.412502470932864,-70.97684531524921,270148.24,899817.37,33032
32b6980e-7477-7dcd-f04a-cffa3b3eab1d,1997-07-01,,999-21-7434,S99957051,X48155606X,Mr.,Fredric73,,Rice937,,,M,asian,nonhispanic,M,Boxford  Massachusetts  US,485 Franecki Gate,Lexington,Massachusetts,Middlesex County,25017,02421,42.442546606099114,-71.19031038244236,7920.54,68286.52,8154
fb4490a9-8ce2-3946-c704-8864edbd8d76,1940-03-03,,999-38-3437,S99944995,X78720835X,Mrs.,Juana825,Terica746,Borer986,,Kris249,M,white,nonhispanic,F,Princeton  Massachusetts  US,981 Beer Dale,Quincy,Massachusetts,Norfolk County,25021,02169,42.23187201150786,-70.99941952408261,616076.05,564328.80,49867
2e29084d-7b5e-5e23-2c03-ade4b649d7e7,2002-02-22,,999-80-8490,S99915821,X69108184X,Mr.,Justin359,Felipe97,Lynch190,,,,asian,nonhispanic,M,Springfield  Massachusetts  US,844 Botsford Parade Apt 98,Ware,Massachusetts,Hampshire County,25015,01082,42.2765761079287,-72.30240604263989,56473.22,15509.11,55659
626cae0d-852f-771f-adf7-b74e8d08c16e,1998-03-12,,999-30-3111,S99936661,X42104171X,Mrs.,Chang901,Cherryl901,Schulist381,,Treutel973,M,white,nonhispanic,F,Hamilton  Massachusetts  US,193 Wolf Trafficway,Revere,Massachusetts,Suffolk County,25025,02151,42.37241066608596,-71.03263864152059,137000.71,217594.31,66624
7178926b-6369-0d56-70e3-65c0b1b2fc8c,1996-11-20,,999-22-5655,S99915112,X40411420X,Mrs.,Francesca650,Ping698,Hermiston71,,Ondricka197,M,white,nonhispanic,F,Wilmington  Massachusetts  US,459 Thiel Well,Sharon,Massachusetts,Norfolk County,25021,02067,42.126983368993585,-71.14995331878472,129624.48,1518282.54,136578
aa1da521-cdab-853b-12af-32498421c612,1988-04-03,,999-99-1574,S99989859,X24857083X,Mr.,Elias404,,Littel644,PhD,,S,white,nonhispanic,M,Warsaw  Masovian  PL,577 DuBuque Dale,Hingham,Massachusetts,Plymouth County,25023,02043,42.26470687229438,-70.91682845297565,41445.51,31209.52,188836
73cd5820-b9bb-f6bb-03f7-6fafe7118e0a,1967-01-23,,999-84-1310,S99943396,X54403767X,Mr.,Arturo47,Brendon298,Cassin499,,,M,white,nonhispanic,M,North Adams  Massachusetts  US,1084 Pagac Byway,Longmeadow,Massachusetts,Hampden County,25013,01106,42.04332569895357,-72.56976786864016,113706.95,50168.56,51746
df7a266f-709f-70b4-5299-22f76c7d500a,1972-06-16,,999-65-9284,S99970994,X71370392X,Ms.,Maragret485,,Raynor401,,,S,white,nonhispanic,F,Boston  Massachusetts  US,241 Champlin Approach,Hanover,Massachusetts,Plymouth County,,00000,42.141582520283855,-70.83376878829411,59492.29,326592.00,167535
4a1b6852-9425-67c7-5032-dc52c85220fe,1996-06-19,,999-64-6629,S99953459,X14487129X,Mrs.,Porsche32,,Runolfsdottir785,,Mertz280,M,white,nonhispanic,F,Littleton  Massachusetts  US,1045 VonRueden Quay,Rowley,Massachusetts,Essex County,25009,01969,42.69006874455528,-70.93098223447456,157187.06,221151.93,199323
184e8678-57fc-e203-ddac-ebc07fb4d19d,2002-10-06,,999-68-7027,S99964016,X37587983X,Mr.,Quincy153,Hunter736,O'Connell601,,,,white,nonhispanic,M,Brookline  Massachusetts  US,928 Russel Rest Unit 90,Belmont,Massachusetts,Middlesex County,25017,02138,42.418421946948826,-71.16438919861496,20858.28,49795.11,412302
c4d332bc-0204-d37e-4601-d1bfdedb419c,1982-07-15,,999-86-5064,S99953226,X35826918X,Mr.,Jeremiah751,Hugh686,Feil794,,,M,white,nonhispanic,M,Brookline  Massachusetts  US,524 Homenick Route Unit 69,Revere,Massachusetts,Suffolk County,25025,02151,42.45434670606173,-71.03901535915887,95517.33,5033.04,99218
0f18ee43-a8ec-f299-3a82-0e8d1d76264d,1981-04-23,,999-25-6145,S99940612,X99126656X,Mrs.,Lamonica504,Marcie463,Reichel38,,Langworth352,D,white,nonhispanic,F,Millbury  Massachusetts  US,815 Ward Course,North Falmouth,Massachusetts,Barnstable County,25001,02556,41.63599260326949,-70.62594063582253,353189.82,647337.25,44354
91bd9775-6164-5c4f-7977-63bdfa5b71ba,1979-09-27,,999-76-8395,S99969676,X14144968X,Mr.,Quentin28,Claudio955,Buckridge80,,,S,white,nonhispanic,M,Attleboro  Massachusetts  US,992 Beer Row,Holyoke,Massachusetts,Hampden County,25013,01040,42.23645139195436,-72.62773439143632,127513.80,24643.94,64698
0e0a2fd7-6aeb-c9c4-c02c-aaa8ae653af4,2000-04-22,,999-21-7174,S99949317,X58483380X,Ms.,Tamisha203,Eliana466,Hills818,,,,white,nonhispanic,F,Acton  Massachusetts  US,361 Johnson Drive,Quincy,Massachusetts,Norfolk County,25021,02169,42.296149901733436,-70.95867119253222,51372.33,833788.45,25916
f4e0fa0a-beeb-01d1-70eb-c7ed7ec328ce,2017-04-18,,999-81-9088,,,,Kathi607,Mica978,Veum823,,,,white,nonhispanic,F,East Longmeadow  Massachusetts  US,429 Windler Trail,Ipswich,Massachusetts,Essex County,25009,01938,42.72660905281162,-70.80061086269698,16645.89,88563.53,96304
b653d77e-3a2f-6367-65af-67f2995c7997,1975-11-17,,999-68-9321,S99967256,X91441291X,Mrs.,Anita473,Alberta625,Koch169,,Keebler762,D,white,nonhispanic,F,Montague  Massachusetts  US,885 Doyle Passage Apt 58,West Boylston,Massachusetts,Worcester County,,00000,42.3597774907749,-71.83037579381458,401741.91,588.56,87738
b6d2723b-26b2-11c6-6704-cfef96d1d2b3,1980-03-30,,999-48-4822,S99932429,X17050420X,Ms.,Anastacia583,Marry53,Moore224,,,S,white,nonhispanic,F,Boston  Massachusetts  US,1046 Prohaska Crossing,Belmont,Massachusetts,Middlesex County,25017,02472,42.42901689224964,-71.10092451652093,272457.11,611000.50,139786
79d55b94-585d-0be9-c755-be999c6bb7cc,1983-07-13,,999-14-9832,S99911198,X59339949X,Mrs.,Abigail677,Kazuko67,Schneider199,,Bogan287,M,white,nonhispanic,F,Swansea  Massachusetts  US,758 Metz Gardens Suite 9,Cambridge,Massachusetts,Middlesex County,25017,02141,42.34403589696125,-71.13269326716129,184093.42,220908.95,141996
c2a9f309-0ba2-abe6-d743-20d3655f5b48,1999-01-29,,999-34-2762,S99928340,X77298129X,Mr.,Cedric746,Peter292,Kiehn525,,,,other,hispanic,M,Lancaster  Massachusetts  US,482 Schumm Trace,Topsfield,Massachusetts,Essex County,25009,01983,42.66797655118048,-70.90626282589037,100519.88,8289.46,144767
55fe8c17-7ba7-a27a-5828-5f21270e41a5,1991-01-30,,999-33-9462,S99928908,X50796567X,Mr.,Noah480,Jewell855,Marks830,,,M,black,nonhispanic,M,Carver  Massachusetts  US,215 Aufderhar Brook Suite 26,Walpole,Massachusetts,Norfolk County,25021,02081,42.12560151017407,-71.29513545165821,86192.04,4174.89,96769
63351c3e-1c4f-c998-a08f-f75036e077ae,1962-05-08,2026-02-17,999-70-8597,S99917065,X12625731X,Mr.,Jarod376,Aron520,Monahan736,,,M,white,nonhispanic,M,Duxbury  Massachusetts  US,399 Beer Village Unit 78,Attleboro,Massachusetts,Bristol County,25005,02703,41.94468189489216,-71.29134200874849,191350.91,453862.99,27934
086b6620-3bd4-6347-9f31-03e3ed64a716,1962-04-23,,999-33-2236,S99945415,X69975461X,Mr.,Terry864,,Cole117,,,S,white,nonhispanic,M,New Bedford  Massachusetts  US,247 Lubowitz Quay,Dracut,Massachusetts,Middlesex County,,00000,42.67756653943785,-71.2558713598658,226914.63,115796.90,488662
02c9f0c9-fd73-df1b-cef9-5610f2221bdc,1962-07-04,,999-76-6908,S99954343,X33481697X,Mr.,Blair400,Sanford861,Haag279,,,M,white,nonhispanic,M,Boston  Massachusetts  US,804 Schinner Rapid Unit 35,Boston,Massachusetts,Suffolk County,25025,02210,42.41253592292807,-71.04288871402117,215712.31,10896.99,49579
11f8b932-8929-dfb7-c001-8edd225bed54,1962-05-08,2018-04-30,999-19-4500,S99917610,X34524572X,Mr.,Enrique929,Joe656,Schimmel440,,,M,white,nonhispanic,M,New Bedford  Massachusetts  US,595 Kunze Port Suite 51,Attleboro,Massachusetts,Bristol County,44007,02861,41.831587918100674,-71.31753043140402,117731.50,1972130.76,27934
3583b5f8-1afd-96a6-3dfd-6ae11ce15146,2003-06-30,,999-94-9964,S99964903,X61583270X,Mr.,Ricardo560,,Casanova632,,,,white,hispanic,M,Portsmouth  Saint John Parish  DM,372 Stiedemann Mission Unit 80,Beverly,Massachusetts,Essex County,25009,01915,42.56623874833638,-70.86922902330596,70022.32,2754.84,386730
07c90b0a-9849-5d3b-80b9-78ad9fc682a1,1994-11-20,,999-98-1388,S99929613,X69920559X,Mr.,Jeramy610,Willard975,Frami345,,,S,white,nonhispanic,M,Boston  Massachusetts  US,756 Kutch Green,Boston,Massachusetts,Suffolk County,25025,02132,42.36618417108401,-71.13428760632864,100427.52,35019.01,43302
d8969bbd-9165-262f-8b5e-45d1861f2de6,1961-06-07,,999-11-8801,S99966509,X90795672X,Mr.,Huey641,Jessie665,Feil794,,,D,black,hispanic,M,Abington  Massachusetts  US,975 Grimes Heights Suite 95,West Springfield,Massachusetts,Hampden County,25013,01089,42.093130600233636,-72.64049928237307,236796.30,453720.50,97892
439de277-fcd9-24d6-6dbb-38d013c3454d,1962-05-08,,999-87-6623,S99967572,X94977956X,Mr.,Donnie175,Sammy219,Rolfson709,,,W,white,nonhispanic,M,Boston  Massachusetts  US,1056 Koepp Haven,Attleboro,Massachusetts,Bristol County,44007,02861,41.9064394494623,-71.36471248568019,129502.82,39977.30,27934
9940259e-d426-d82b-4f7a-829362c5dc81,1994-06-05,,999-94-1985,S99933769,X58604741X,Mrs.,Hazel720,Un745,Hirthe744,,Gutkowski940,M,white,nonhispanic,F,Bridgewater  Massachusetts  US,252 Jaskolski Run,Lowell,Massachusetts,Middlesex County,25017,01851,42.58673955458059,-71.36672407986815,129627.32,392403.70,63854
17f3021a-ee05-05a3-59d4-56dc610cd4ce,2011-12-24,,999-61-7080,,,,Mark765,Brendon298,O'Conner199,,,,white,nonhispanic,M,Weymouth  Massachusetts  US,834 Parisian Mews,Grafton,Massachusetts,Worcester County,,00000,42.202760280545895,-71.65104716389294,24753.68,20381.08,31760
0e001a69-4da6-20bd-c38e-e80b25dd7a3b,1976-01-22,,999-17-3302,S99969193,X14898808X,Mr.,Angel97,Roosevelt595,Medhurst46,,,D,white,nonhispanic,M,Methuen  Massachusetts  US,575 Borer Ranch Apt 37,Concord,Massachusetts,Middlesex County,,00000,42.43479897720138,-71.37222423452435,105025.80,10616.60,137922
6833da4b-6a42-0dd7-b699-210829da7f95,1990-09-19,,999-48-5452,S99956071,X64699138X,Mrs.,Mariela993,,McLaughlin530,,Wiegand701,D,black,nonhispanic,F,Boston  Massachusetts  US,238 Pouros Haven,Chelsea,Massachusetts,Suffolk County,25017,02149,42.4457879647098,-71.05157281720595,14630.28,1361098.76,6427
34c8abb5-7c9f-24a0-9884-0c63cb782529,2004-10-22,,999-40-3630,S99938016,X72720801X,Mr.,Lowell343,,Mills423,,,,white,nonhispanic,M,Woburn  Massachusetts  US,1028 Stanton Track,Fall River,Massachusetts,Bristol County,25005,02723,41.56387168314165,-71.12907768991892,3995.99,62992.09,4122
8e05f345-25af-570b-493d-e8f1062bc04a,1988-09-09,,999-77-9795,S99980198,X87040179X,Mr.,Chi716,,Wolff180,,,S,white,nonhispanic,M,Millis  Massachusetts  US,396 Rempel Haven Suite 99,Fall River,Massachusetts,Bristol County,25005,02747,41.71366388701555,-70.98525427440842,15738.81,527264.40,2059
cfc7f77a-7b9c-615b-6393-74b263c30618,1995-02-04,,999-82-9220,S99967934,X71832507X,Mrs.,Sharee66,Rory188,Legros616,,Huel628,M,white,nonhispanic,F,Haverhill  Massachusetts  US,646 Price Run,New Bedford,Massachusetts,Bristol County,25005,02747,41.631955853493686,-70.93403626287288,5458.30,399719.63,15890
730ba1fa-e448-8285-3c61-125325b82816,1972-09-08,,999-29-2221,S99950116,X97291491X,Ms.,Ella812,Vonda514,Krajcik437,,,S,white,nonhispanic,F,Boston  Massachusetts  US,164 Hackett Mill Unit 83,Springfield,Massachusetts,Hampden County,25013,01105,42.14535222027257,-72.46905562800923,341188.35,55839.63,53346
adfd1f81-827b-73bb-d291-5cfa06b80374,2006-10-04,,999-75-4937,S99931438,,Mr.,Clement78,Norman647,Legros616,,,,white,nonhispanic,M,North Adams  Massachusetts  US,1039 Pouros Landing Unit 1,Topsfield,Massachusetts,Essex County,25009,01983,42.6241652169448,-70.93960517626452,68160.24,1588.05,107721
bb28edc6-5cec-05e2-1c26-070674f9343a,1942-04-26,,999-69-4966,S99967401,X29166719X,Mrs.,Jacquline932,,Koelpin146,,Yost751,M,white,nonhispanic,F,Gloucester  Massachusetts  US,162 Kulas Trail Unit 45,Boston,Massachusetts,Suffolk County,25017,02467,42.29294323399267,-71.0511397983136,279526.58,722168.14,174969
a33e91f3-fbe8-820c-cf04-f1c276075e80,1921-09-02,,999-46-9880,S99917301,X87153721X,Mrs.,Tamica785,Toccara373,Leffler128,,Parisian75,M,white,nonhispanic,F,Boston  Massachusetts  US,124 Schroeder Dam,Charlton,Massachusetts,Worcester County,,00000,42.133811042624764,-71.91821304529363,476935.03,2743129.81,138486
